tree_id,tree_number,model_id,probe,terminal_task_family,terminal_dataset_id,depth,n_observations,embedding_coverage,natural_language_fraction,non_natural_output_fraction,empty_fraction,label_only_fraction,fragment_fraction,repetition_loop_fraction,n_responses,n_unique_responses,unique_response_fraction,dominant_response,dominant_response_count,dominant_response_fraction,mean_response_characters
confirm_paper_tree_001,1,n10,hellaswag,qa,squad_v2,4,300,1.0,0.81,0.18999999999999995,0.0,0.0033333333333333335,0.18666666666666668,0.0,300,247,0.8233333333333334,"'answer_start': [], 'text': []",51,0.17,42.553333333333335
confirm_paper_tree_001,1,n11,hellaswag,classification,cola,4,300,1.0,0.0,1.0,0.0,1.0,0.0,0.0,300,2,0.006666666666666667,1,217,0.7233333333333334,1.0
confirm_paper_tree_001,1,n12,hellaswag,qa,arc_easy,4,300,0.9866666666666667,0.21,0.79,0.013333333333333334,0.7233333333333334,0.05333333333333334,0.0,300,93,0.31,0,103,0.3433333333333333,10.883333333333333
confirm_paper_tree_001,1,n13,hellaswag,translation,opus_en_de,4,300,1.0,0.97,0.030000000000000027,0.0,0.0033333333333333335,0.02666666666666667,0.0,300,300,1.0,[a] Know how to take your baby to the doctor. [b] Make sure your child shows signs that there is an issue with the growth and development of certain motor motor skills. [c] Talk to your doctor. [d] Ask your doctor what the child’s issues are.,1,0.0033333333333333335,149.00666666666666
confirm_paper_tree_001,1,n3,hellaswag,classification,sst2,3,300,1.0,0.0033333333333333335,0.9966666666666667,0.0,0.9966666666666667,0.0,0.0,300,4,0.013333333333333334,1,162,0.54,1.1
confirm_paper_tree_001,1,n7,hellaswag,qa,trivia_qa,3,300,1.0,0.9633333333333334,0.036666666666666625,0.0,0.0033333333333333335,0.006666666666666667,0.02666666666666667,300,300,1.0,"'aliases': ['Is your child underweight?'], 'matched_wiki_entity_name': '', 'normalized_aliases': ['is your child underweight?'], 'normalized_matched_wiki_entity",1,0.0033333333333333335,122.17
confirm_paper_tree_001,1,n8,hellaswag,qa,squad,3,300,1.0,0.98,0.020000000000000018,0.0,0.013333333333333334,0.006666666666666667,0.0,300,296,0.9866666666666667,0,4,0.013333333333333334,53.9
confirm_paper_tree_001,1,n9,hellaswag,summarization,govreport,4,300,0.9933333333333333,0.9733333333333334,0.026666666666666616,0.006666666666666667,0.0,0.016666666666666666,0.0033333333333333335,300,298,0.9933333333333333,<EMPTY>,2,0.006666666666666667,193.52666666666667
confirm_paper_tree_001,1,n10,arc_challenge,qa,squad_v2,4,300,1.0,0.5433333333333333,0.45666666666666667,0.0,0.0,0.45666666666666667,0.0,300,133,0.44333333333333336,"'answer_start': [], 'text': []",134,0.44666666666666666,34.92333333333333
confirm_paper_tree_001,1,n11,arc_challenge,classification,cola,4,300,1.0,0.0,1.0,0.0,1.0,0.0,0.0,300,2,0.006666666666666667,1,241,0.8033333333333333,1.0
confirm_paper_tree_001,1,n12,arc_challenge,qa,arc_easy,4,300,1.0,0.0,1.0,0.0,1.0,0.0,0.0,300,8,0.02666666666666667,D,84,0.28,1.0
confirm_paper_tree_001,1,n13,arc_challenge,translation,opus_en_de,4,300,0.9966666666666667,0.04666666666666667,0.9533333333333334,0.0033333333333333335,0.9333333333333333,0.016666666666666666,0.0,300,35,0.11666666666666667,A,127,0.42333333333333334,9.476666666666667
confirm_paper_tree_001,1,n3,arc_challenge,classification,sst2,3,300,1.0,0.0,1.0,0.0,1.0,0.0,0.0,300,2,0.006666666666666667,1,215,0.7166666666666667,1.0
confirm_paper_tree_001,1,n7,arc_challenge,qa,trivia_qa,3,300,1.0,0.9233333333333333,0.07666666666666666,0.0,0.0,0.0,0.07666666666666666,300,300,1.0,"'aliases': ['The temperature in November'], 'matched_wiki_entity_name': '', 'normalized_aliases': ['temperature in peoria'], 'normalized_matched_wiki_entity_name'",1,0.0033333333333333335,126.82666666666667
confirm_paper_tree_001,1,n8,arc_challenge,qa,squad,3,300,1.0,0.99,0.010000000000000009,0.0,0.0033333333333333335,0.006666666666666667,0.0,300,194,0.6466666666666666,"'answer_start': [0], 'text': ['C']",9,0.03,35.98
confirm_paper_tree_001,1,n9,arc_challenge,summarization,govreport,4,300,0.9933333333333333,0.44333333333333336,0.5566666666666666,0.006666666666666667,0.5333333333333333,0.016666666666666666,0.0,300,146,0.4866666666666667,B,49,0.16333333333333333,96.6
confirm_paper_tree_001,1,n10,mmlu,qa,squad_v2,4,300,1.0,0.53,0.47,0.0,0.0,0.47,0.0,300,138,0.46,"'answer_start': [], 'text': []",137,0.45666666666666667,33.49333333333333
confirm_paper_tree_001,1,n11,mmlu,classification,cola,4,300,1.0,0.0,1.0,0.0,1.0,0.0,0.0,300,2,0.006666666666666667,1,224,0.7466666666666667,1.0
confirm_paper_tree_001,1,n12,mmlu,qa,arc_easy,4,300,1.0,0.0,1.0,0.0,0.9933333333333333,0.006666666666666667,0.0,300,6,0.02,C,91,0.30333333333333334,1.0
confirm_paper_tree_001,1,n13,mmlu,translation,opus_en_de,4,300,1.0,0.04666666666666667,0.9533333333333334,0.0,0.95,0.0033333333333333335,0.0,300,33,0.11,A,114,0.38,8.716666666666667
confirm_paper_tree_001,1,n3,mmlu,classification,sst2,3,300,1.0,0.0,1.0,0.0,1.0,0.0,0.0,300,3,0.01,1,203,0.6766666666666666,1.0
confirm_paper_tree_001,1,n7,mmlu,qa,trivia_qa,3,300,1.0,0.89,0.10999999999999999,0.0,0.0,0.0033333333333333335,0.10666666666666667,300,294,0.98,"'aliases': ['A', 'A', 'A'], 'matched_wiki_entity_name': '', 'normalized_aliases': ['a', 'a'], 'normalized_matched_",3,0.01,118.15666666666667
confirm_paper_tree_001,1,n8,mmlu,qa,squad,3,300,1.0,0.99,0.010000000000000009,0.0,0.0,0.01,0.0,300,219,0.73,"'answer_start': [0], 'text': ['D']",12,0.04,36.07333333333333
confirm_paper_tree_001,1,n9,mmlu,summarization,govreport,4,300,1.0,0.55,0.44999999999999996,0.0,0.43666666666666665,0.013333333333333334,0.0,300,179,0.5966666666666667,A,33,0.11,138.04
confirm_paper_tree_001,1,n10,truthfulqa,qa,squad_v2,4,300,1.0,0.5966666666666667,0.4033333333333333,0.0,0.006666666666666667,0.39666666666666667,0.0,300,183,0.61,"'answer_start': [], 'text': []",112,0.37333333333333335,37.623333333333335
confirm_paper_tree_001,1,n11,truthfulqa,classification,cola,4,300,1.0,0.0,1.0,0.0,0.9966666666666667,0.0033333333333333335,0.0,300,3,0.01,1,232,0.7733333333333333,1.01
confirm_paper_tree_001,1,n12,truthfulqa,qa,arc_easy,4,300,1.0,0.03333333333333333,0.9666666666666667,0.0,0.78,0.18666666666666668,0.0,300,82,0.2733333333333333,0,107,0.3566666666666667,3.5633333333333335
confirm_paper_tree_001,1,n13,truthfulqa,translation,opus_en_de,4,300,0.9966666666666667,0.6766666666666666,0.32333333333333336,0.0033333333333333335,0.05,0.27,0.0,300,293,0.9766666666666667,no,3,0.01,67.76666666666667
confirm_paper_tree_001,1,n3,truthfulqa,classification,sst2,3,300,1.0,0.0,1.0,0.0,0.9966666666666667,0.0033333333333333335,0.0,300,3,0.01,1,231,0.77,1.01
confirm_paper_tree_001,1,n7,truthfulqa,qa,trivia_qa,3,300,1.0,0.99,0.010000000000000009,0.0,0.0,0.0033333333333333335,0.006666666666666667,300,300,1.0,"'aliases': ['Food rations', 'Making food more costly', 'Making food easier', 'Making foods', 'Making food', 'Making food', 'Making food",1,0.0033333333333333335,124.10666666666667
confirm_paper_tree_001,1,n8,truthfulqa,qa,squad,3,300,1.0,0.9566666666666667,0.043333333333333335,0.0,0.016666666666666666,0.02666666666666667,0.0,300,290,0.9666666666666667,"'answer_start': [0], 'text': ['no']",5,0.016666666666666666,43.49333333333333
confirm_paper_tree_001,1,n9,truthfulqa,summarization,govreport,4,300,0.9933333333333333,0.6633333333333333,0.33666666666666667,0.006666666666666667,0.07,0.26,0.0,300,285,0.95,0,8,0.02666666666666667,96.19333333333333
confirm_paper_tree_002,2,n10,hellaswag,summarization,pubmed,4,300,0.9966666666666667,0.99,0.010000000000000009,0.0033333333333333335,0.0,0.006666666666666667,0.0,300,300,1.0,"Be aware that developmental delays can appear in any area such as the brain or spinal cord but in any areas other than the front of the brain, the skeletal system, or brain. If your baby has a physical delay, visit the doctor immediately (at your nearest hospital if possible ) and your doctor will",1,0.0033333333333333335,174.95666666666668
confirm_paper_tree_002,2,n11,hellaswag,qa,arc_challenge,4,300,0.9966666666666667,0.95,0.050000000000000044,0.0033333333333333335,0.0033333333333333335,0.043333333333333335,0.0,300,300,1.0,"Be aware that developmental delays may appear in any area during your pregnancy, or before your baby's age. Always contact your doctor as soon as possible if you believe you may have these issues.",1,0.0033333333333333335,86.51
confirm_paper_tree_002,2,n12,hellaswag,qa,squad,4,300,1.0,0.9833333333333333,0.01666666666666672,0.0,0.0,0.016666666666666666,0.0,300,299,0.9966666666666667,"'answer_start': [63], 'text': ['Don']",2,0.006666666666666667,56.61
confirm_paper_tree_002,2,n13,hellaswag,summarization,govreport,4,300,0.9966666666666667,0.98,0.020000000000000018,0.0033333333333333335,0.0033333333333333335,0.013333333333333334,0.0,300,300,1.0,"If your baby is at risk, you may be prescribed a bottle or bottle-shaped monitor. If your baby’s parents have not told you that they are seeking medical help, the child is not in a position to drive safely and is unattractive. Using a “Delay” monitoring",1,0.0033333333333333335,191.39333333333335
confirm_paper_tree_002,2,n7,hellaswag,summarization,xsum,3,300,1.0,0.9866666666666667,0.013333333333333308,0.0,0.0033333333333333335,0.01,0.0,300,300,1.0,Be aware that developmental delays can appear in any area such as the brain or spinal cord. You should be aware that these are extremely early symptoms of a developmental delay that can last more than two or three weeks.,1,0.0033333333333333335,104.05666666666667
confirm_paper_tree_002,2,n8,hellaswag,translation,opus_en_de,3,300,1.0,0.66,0.33999999999999997,0.0,0.023333333333333334,0.31666666666666665,0.0,300,237,0.79,[step],54,0.18,57.32333333333333
confirm_paper_tree_002,2,n9,hellaswag,qa,boolq,4,300,0.9966666666666667,0.41333333333333333,0.5866666666666667,0.0033333333333333335,0.43666666666666665,0.14666666666666667,0.0,300,171,0.57,True,65,0.21666666666666667,29.35333333333333
confirm_paper_tree_002,2,n10,arc_challenge,summarization,pubmed,4,300,1.0,0.7933333333333333,0.20666666666666667,0.0,0.06333333333333334,0.14333333333333334,0.0,300,271,0.9033333333333333,C,7,0.023333333333333334,150.38
confirm_paper_tree_002,2,n11,arc_challenge,qa,arc_challenge,4,300,0.9966666666666667,0.006666666666666667,0.9933333333333333,0.0033333333333333335,0.99,0.0,0.0,300,11,0.03666666666666667,C,97,0.3233333333333333,1.5466666666666666
confirm_paper_tree_002,2,n12,arc_challenge,qa,squad,4,300,1.0,1.0,0.0,0.0,0.0,0.0,0.0,300,220,0.7333333333333333,"'answer_start': [0], 'text': ['A']",10,0.03333333333333333,40.42
confirm_paper_tree_002,2,n13,arc_challenge,summarization,govreport,4,300,0.97,0.3333333333333333,0.6666666666666667,0.03,0.5766666666666667,0.06,0.0,300,144,0.48,1,31,0.10333333333333333,64.55666666666667
confirm_paper_tree_002,2,n7,arc_challenge,summarization,xsum,3,300,1.0,0.03333333333333333,0.9666666666666667,0.0,0.89,0.07666666666666666,0.0,300,36,0.12,B,86,0.2866666666666667,2.81
confirm_paper_tree_002,2,n8,arc_challenge,translation,opus_en_de,3,300,1.0,0.006666666666666667,0.9933333333333333,0.0,0.9933333333333333,0.0,0.0,300,8,0.02666666666666667,A,121,0.4033333333333333,1.36
confirm_paper_tree_002,2,n9,arc_challenge,qa,boolq,4,300,1.0,0.0,1.0,0.0,0.9933333333333333,0.006666666666666667,0.0,300,11,0.03666666666666667,B,70,0.23333333333333334,2.32
confirm_paper_tree_002,2,n10,mmlu,summarization,pubmed,4,300,1.0,0.8566666666666667,0.1433333333333333,0.0,0.07666666666666666,0.06666666666666667,0.0,300,280,0.9333333333333333,D,9,0.03,200.38
confirm_paper_tree_002,2,n11,mmlu,qa,arc_challenge,4,300,1.0,0.0033333333333333335,0.9966666666666667,0.0,0.9966666666666667,0.0,0.0,300,5,0.016666666666666666,C,93,0.31,1.18
confirm_paper_tree_002,2,n12,mmlu,qa,squad,4,300,1.0,0.9966666666666667,0.0033333333333332993,0.0,0.0,0.0033333333333333335,0.0,300,247,0.8233333333333334,"'answer_start': [0], 'text': ['D']",7,0.023333333333333334,37.43
confirm_paper_tree_002,2,n13,mmlu,summarization,govreport,4,300,0.9766666666666667,0.5466666666666666,0.45333333333333337,0.023333333333333334,0.3466666666666667,0.08,0.0033333333333333335,300,213,0.71,0,22,0.07333333333333333,127.34666666666666
confirm_paper_tree_002,2,n7,mmlu,summarization,xsum,3,300,1.0,0.023333333333333334,0.9766666666666667,0.0,0.92,0.056666666666666664,0.0,300,29,0.09666666666666666,C,76,0.25333333333333335,3.5833333333333335
confirm_paper_tree_002,2,n8,mmlu,translation,opus_en_de,3,300,1.0,0.0,1.0,0.0,0.9966666666666667,0.0033333333333333335,0.0,300,8,0.02666666666666667,A,130,0.43333333333333335,1.0166666666666666
confirm_paper_tree_002,2,n9,mmlu,qa,boolq,4,300,1.0,0.0,1.0,0.0,0.9866666666666667,0.013333333333333334,0.0,300,12,0.04,True,105,0.35,3.066666666666667
confirm_paper_tree_002,2,n10,truthfulqa,summarization,pubmed,4,300,1.0,0.64,0.36,0.0,0.02,0.34,0.0,300,292,0.9733333333333334,no,4,0.013333333333333334,84.72666666666667
confirm_paper_tree_002,2,n11,truthfulqa,qa,arc_challenge,4,300,1.0,0.21,0.79,0.0,0.16,0.63,0.0,300,247,0.8233333333333334,no,28,0.09333333333333334,13.403333333333334
confirm_paper_tree_002,2,n12,truthfulqa,qa,squad,4,300,1.0,1.0,0.0,0.0,0.0,0.0,0.0,300,297,0.99,"'answer_start': [0], 'text': ['no']",2,0.006666666666666667,45.96
confirm_paper_tree_002,2,n13,truthfulqa,summarization,govreport,4,300,0.9833333333333333,0.42333333333333334,0.5766666666666667,0.016666666666666666,0.1,0.46,0.0,300,276,0.92,0,8,0.02666666666666667,38.233333333333334
confirm_paper_tree_002,2,n7,truthfulqa,summarization,xsum,3,300,1.0,0.25666666666666665,0.7433333333333334,0.0,0.14,0.6033333333333334,0.0,300,255,0.85,no,29,0.09666666666666666,15.203333333333333
confirm_paper_tree_002,2,n8,truthfulqa,translation,opus_en_de,3,300,0.9933333333333333,0.30666666666666664,0.6933333333333334,0.006666666666666667,0.19666666666666666,0.49,0.0,300,254,0.8466666666666667,0,20,0.06666666666666667,18.35333333333333
confirm_paper_tree_002,2,n9,truthfulqa,qa,boolq,4,300,0.9933333333333333,0.0,1.0,0.006666666666666667,0.9666666666666667,0.02666666666666667,0.0,300,16,0.05333333333333334,False,174,0.58,4.56
confirm_paper_tree_003,3,n10,hellaswag,classification,mnli,3,300,0.9966666666666667,0.23333333333333334,0.7666666666666666,0.0033333333333333335,0.7466666666666667,0.016666666666666666,0.0,300,79,0.2633333333333333,0,148,0.49333333333333335,13.49
confirm_paper_tree_003,3,n11,hellaswag,summarization,billsum,3,300,0.9966666666666667,0.97,0.030000000000000027,0.0033333333333333335,0.0,0.02,0.006666666666666667,300,300,1.0,"Treatment is oftentimes taken as part of a routine checkup or recommended by the health professional. Your pediatrician may recommend testing of your child's heart, brain and thyroid for a symptom of a delay. You may start a registry to help you identify a condition or delay.",1,0.0033333333333333335,138.90666666666667
confirm_paper_tree_003,3,n12,hellaswag,classification,ag_news,3,300,1.0,0.20666666666666667,0.7933333333333333,0.0,0.76,0.03333333333333333,0.0,300,77,0.25666666666666665,0,124,0.41333333333333333,9.023333333333333
confirm_paper_tree_003,3,n13,hellaswag,summarization,govreport,3,300,0.9966666666666667,0.9966666666666667,0.0033333333333332993,0.0033333333333333335,0.0,0.0,0.0,300,300,1.0,"If your baby is at risk, you should see a doctor immediately. If your child is at risk, talk with your doctor as soon as possible. After the baby has reached their developmental milestones, take them to the pediatric visit to the family health clinic. If your child has experienced a developmental delay, the",1,0.0033333333333333335,211.80333333333334
confirm_paper_tree_003,3,n5,hellaswag,summarization,pubmed,2,300,1.0,1.0,0.0,0.0,0.0,0.0,0.0,300,300,1.0,"Be aware that developmental delays can appear in any area such as the brain or brain. You can check with your pediatrician if your child is a newborn or can help establish the frequency for this process. Although these are relatively rare and may be seen as coping with developmental issues, they differ depending on the",1,0.0033333333333333335,195.91333333333333
confirm_paper_tree_003,3,n6,hellaswag,classification,imdb,2,300,0.9966666666666667,0.2866666666666667,0.7133333333333334,0.0033333333333333335,0.6733333333333333,0.03,0.006666666666666667,300,100,0.3333333333333333,0,201,0.67,21.053333333333335
confirm_paper_tree_003,3,n7,hellaswag,summarization,cnn_dailymail,3,300,1.0,0.9933333333333333,0.00666666666666671,0.0,0.0,0.006666666666666667,0.0,300,300,1.0,"Treatment is oftentimes taken as quickly as possible after noticing a significant delay in your baby's development . Your doctor can be notified of the delay, and they will recommend a course of medication to help your baby reach the developmental milestones he/she is at (the ""b",1,0.0033333333333333335,130.83666666666667
confirm_paper_tree_003,3,n8,hellaswag,qa,arc_easy,3,300,1.0,0.8966666666666666,0.10333333333333339,0.0,0.04,0.06333333333333334,0.0,300,295,0.9833333333333333,True,3,0.01,71.68333333333334
confirm_paper_tree_003,3,n9,hellaswag,translation,wmt14_en_de,3,300,0.9966666666666667,0.91,0.08999999999999997,0.0033333333333333335,0.016666666666666666,0.07,0.0,300,292,0.9733333333333334,[step],5,0.016666666666666666,87.38666666666667
confirm_paper_tree_003,3,n10,arc_challenge,classification,mnli,3,300,1.0,0.0,1.0,0.0,0.9966666666666667,0.0033333333333333335,0.0,300,8,0.02666666666666667,0,173,0.5766666666666667,1.0033333333333334
confirm_paper_tree_003,3,n11,arc_challenge,summarization,billsum,3,300,1.0,0.7266666666666667,0.2733333333333333,0.0,0.15333333333333332,0.06,0.06,300,277,0.9233333333333333,A.,10,0.03333333333333333,115.33
confirm_paper_tree_003,3,n12,arc_challenge,classification,ag_news,3,300,1.0,0.0,1.0,0.0,1.0,0.0,0.0,300,4,0.013333333333333334,0,147,0.49,1.0
confirm_paper_tree_003,3,n13,arc_challenge,summarization,govreport,3,300,1.0,0.9333333333333333,0.06666666666666665,0.0,0.05,0.01,0.006666666666666667,300,297,0.99,A,3,0.01,216.40666666666667
confirm_paper_tree_003,3,n5,arc_challenge,summarization,pubmed,2,300,1.0,0.93,0.06999999999999995,0.0,0.03666666666666667,0.01,0.023333333333333334,300,299,0.9966666666666667,B,2,0.006666666666666667,151.14666666666668
confirm_paper_tree_003,3,n6,arc_challenge,classification,imdb,2,300,1.0,0.0,1.0,0.0,1.0,0.0,0.0,300,1,0.0033333333333333335,0,300,1.0,1.0
confirm_paper_tree_003,3,n7,arc_challenge,summarization,cnn_dailymail,3,300,1.0,0.023333333333333334,0.9766666666666667,0.0,0.97,0.006666666666666667,0.0,300,16,0.05333333333333334,B,92,0.30666666666666664,3.433333333333333
confirm_paper_tree_003,3,n8,arc_challenge,qa,arc_easy,3,300,1.0,0.0,1.0,0.0,1.0,0.0,0.0,300,8,0.02666666666666667,C,86,0.2866666666666667,1.0266666666666666
confirm_paper_tree_003,3,n9,arc_challenge,translation,wmt14_en_de,3,300,0.9966666666666667,0.0033333333333333335,0.9966666666666667,0.0033333333333333335,0.98,0.013333333333333334,0.0,300,16,0.05333333333333334,A,82,0.2733333333333333,1.3233333333333333
confirm_paper_tree_003,3,n10,mmlu,classification,mnli,3,300,1.0,0.0,1.0,0.0,1.0,0.0,0.0,300,9,0.03,0,155,0.5166666666666667,1.0033333333333334
confirm_paper_tree_003,3,n11,mmlu,summarization,billsum,3,300,1.0,0.5466666666666666,0.45333333333333337,0.0,0.2966666666666667,0.09666666666666666,0.06,300,235,0.7833333333333333,A.,27,0.09,94.97666666666667
confirm_paper_tree_003,3,n12,mmlu,classification,ag_news,3,300,1.0,0.0,1.0,0.0,1.0,0.0,0.0,300,5,0.016666666666666666,0,151,0.5033333333333333,1.0
confirm_paper_tree_003,3,n13,mmlu,summarization,govreport,3,300,1.0,0.9266666666666666,0.07333333333333336,0.0,0.05333333333333334,0.013333333333333334,0.006666666666666667,300,298,0.9933333333333333,D (C),2,0.006666666666666667,226.21
confirm_paper_tree_003,3,n5,mmlu,summarization,pubmed,2,300,0.9966666666666667,0.7966666666666666,0.20333333333333337,0.0033333333333333335,0.14666666666666667,0.04,0.013333333333333334,300,275,0.9166666666666666,B,9,0.03,144.81666666666666
confirm_paper_tree_003,3,n6,mmlu,classification,imdb,2,300,1.0,0.0,1.0,0.0,1.0,0.0,0.0,300,5,0.016666666666666666,0,285,0.95,1.0
confirm_paper_tree_003,3,n7,mmlu,summarization,cnn_dailymail,3,300,1.0,0.02,0.98,0.0,0.98,0.0,0.0,300,12,0.04,B,83,0.27666666666666667,3.0766666666666667
confirm_paper_tree_003,3,n8,mmlu,qa,arc_easy,3,300,1.0,0.0,1.0,0.0,1.0,0.0,0.0,300,4,0.013333333333333334,C,87,0.29,1.0
confirm_paper_tree_003,3,n9,mmlu,translation,wmt14_en_de,3,300,1.0,0.006666666666666667,0.9933333333333333,0.0,0.9833333333333333,0.01,0.0,300,14,0.04666666666666667,D,78,0.26,1.2266666666666666
confirm_paper_tree_003,3,n10,truthfulqa,classification,mnli,3,300,1.0,0.0,1.0,0.0,1.0,0.0,0.0,300,3,0.01,0,238,0.7933333333333333,1.0
confirm_paper_tree_003,3,n11,truthfulqa,summarization,billsum,3,300,1.0,0.95,0.050000000000000044,0.0,0.0,0.01,0.04,300,300,1.0,"'aliases': ['Food rations', 'Making food more costly', 'Making a better diet', 'Making a better diet', 'Making a better diet', 'Making",1,0.0033333333333333335,124.22666666666667
confirm_paper_tree_003,3,n12,truthfulqa,classification,ag_news,3,300,1.0,0.0,1.0,0.0,0.9966666666666667,0.0033333333333333335,0.0,300,5,0.016666666666666666,0,285,0.95,1.0233333333333334
confirm_paper_tree_003,3,n13,truthfulqa,summarization,govreport,3,300,1.0,0.9766666666666667,0.023333333333333317,0.0,0.0,0.0033333333333333335,0.02,300,300,1.0,"'aliases': ['Food rations', 'Making food more costly', 'Making American food', 'Making foods less expensive', 'Making Americans eat less food', 'Making eating less food",1,0.0033333333333333335,143.38666666666666
confirm_paper_tree_003,3,n5,truthfulqa,summarization,pubmed,2,300,1.0,0.9533333333333334,0.046666666666666634,0.0,0.0,0.03333333333333333,0.013333333333333334,300,300,1.0,"'aliases': ['Food smuggling and the smuggling of birds in the american prairies', 'Duck (food market )', 'Duck food ', 'Dunky food', 'Dunky food",1,0.0033333333333333335,127.63666666666667
confirm_paper_tree_003,3,n6,truthfulqa,classification,imdb,2,300,1.0,0.03,0.97,0.0,0.9566666666666667,0.013333333333333334,0.0,300,13,0.043333333333333335,0,287,0.9566666666666667,4.976666666666667
confirm_paper_tree_003,3,n7,truthfulqa,summarization,cnn_dailymail,3,300,1.0,0.29,0.71,0.0,0.3566666666666667,0.35333333333333333,0.0,300,197,0.6566666666666666,True,56,0.18666666666666668,19.673333333333332
confirm_paper_tree_003,3,n8,truthfulqa,qa,arc_easy,3,300,1.0,0.16666666666666666,0.8333333333333334,0.0,0.41,0.42333333333333334,0.0,300,197,0.6566666666666666,False,30,0.1,12.976666666666667
confirm_paper_tree_003,3,n9,truthfulqa,translation,wmt14_en_de,3,300,0.9966666666666667,0.23333333333333334,0.7666666666666666,0.0033333333333333335,0.44333333333333336,0.32,0.0,300,183,0.61,False,59,0.19666666666666666,15.666666666666666
confirm_paper_tree_004,4,n0,hellaswag,qa,arc_challenge,1,300,1.0,0.9766666666666667,0.023333333333333317,0.0,0.0,0.023333333333333334,0.0,300,300,1.0,"Be aware that developmental delays can appear in any number of areas such as hair, nails, clothing, and other parts of the body. Contact your doctor if you believe you may have these issues or if you think your baby may have the mental health issues and may have a developmental delay.",1,0.0033333333333333335,118.08
confirm_paper_tree_004,4,n10,hellaswag,classification,sst2,3,300,1.0,0.05333333333333334,0.9466666666666667,0.0,0.9366666666666666,0.01,0.0,300,22,0.07333333333333333,1,184,0.6133333333333333,3.51
confirm_paper_tree_004,4,n11,hellaswag,translation,opus_en_es,3,300,0.9966666666666667,0.9333333333333333,0.06666666666666665,0.0033333333333333335,0.0033333333333333335,0.06,0.0,300,296,0.9866666666666667,[substep],3,0.01,83.71
confirm_paper_tree_004,4,n12,hellaswag,summarization,cnn_dailymail,3,300,1.0,0.99,0.010000000000000009,0.0,0.0033333333333333335,0.006666666666666667,0.0,300,300,1.0,[a] Know how to take your baby to the doctor . [a] You can visit your pediatrician for an estimate of the delay .,1,0.0033333333333333335,116.80333333333333
confirm_paper_tree_004,4,n13,hellaswag,summarization,govreport,3,300,1.0,0.9933333333333333,0.00666666666666671,0.0,0.0,0.006666666666666667,0.0,300,300,1.0,"If your baby is at risk, you may be prescribed a developmental delay treatment. You can visit your pediatrician for an estimate of the amount you should spend to have your baby get these treatments. The time it takes to visit your pediatrician can be about four to six months. In addition, your child",1,0.0033333333333333335,197.26333333333332
confirm_paper_tree_004,4,n8,hellaswag,qa,quartz,3,300,1.0,0.0,1.0,0.0,1.0,0.0,0.0,300,3,0.01,A,195,0.65,1.0
confirm_paper_tree_004,4,n9,hellaswag,qa,arc_easy,3,300,1.0,0.7033333333333334,0.29666666666666663,0.0,0.19333333333333333,0.10333333333333333,0.0,300,257,0.8566666666666667,D,8,0.02666666666666667,49.04333333333334
confirm_paper_tree_004,4,n0,arc_challenge,qa,arc_challenge,1,300,1.0,0.016666666666666666,0.9833333333333333,0.0,0.9833333333333333,0.0,0.0,300,13,0.043333333333333335,D,85,0.2833333333333333,1.9733333333333334
confirm_paper_tree_004,4,n10,arc_challenge,classification,sst2,3,300,1.0,0.0,1.0,0.0,1.0,0.0,0.0,300,3,0.01,0,152,0.5066666666666667,1.0
confirm_paper_tree_004,4,n11,arc_challenge,translation,opus_en_es,3,300,0.9666666666666667,0.006666666666666667,0.9933333333333333,0.03333333333333333,0.94,0.02,0.0,300,16,0.05333333333333334,A,85,0.2833333333333333,1.24
confirm_paper_tree_004,4,n12,arc_challenge,summarization,cnn_dailymail,3,300,1.0,0.03,0.97,0.0,0.97,0.0,0.0,300,18,0.06,B,89,0.2966666666666667,3.743333333333333
confirm_paper_tree_004,4,n13,arc_challenge,summarization,govreport,3,300,1.0,0.24333333333333335,0.7566666666666666,0.0,0.7533333333333333,0.0033333333333333335,0.0,300,82,0.2733333333333333,A,78,0.26,39.43333333333333
confirm_paper_tree_004,4,n8,arc_challenge,qa,quartz,3,300,1.0,0.0,1.0,0.0,1.0,0.0,0.0,300,4,0.013333333333333334,B,158,0.5266666666666666,1.0
confirm_paper_tree_004,4,n9,arc_challenge,qa,arc_easy,3,300,1.0,0.01,0.99,0.0,0.99,0.0,0.0,300,9,0.03,D,91,0.30333333333333334,1.6366666666666667
confirm_paper_tree_004,4,n0,mmlu,qa,arc_challenge,1,300,1.0,0.0033333333333333335,0.9966666666666667,0.0,0.9933333333333333,0.0033333333333333335,0.0,300,6,0.02,D,95,0.31666666666666665,1.2633333333333334
confirm_paper_tree_004,4,n10,mmlu,classification,sst2,3,300,1.0,0.0,1.0,0.0,1.0,0.0,0.0,300,3,0.01,0,171,0.57,1.0
confirm_paper_tree_004,4,n11,mmlu,translation,opus_en_es,3,300,0.9933333333333333,0.0,1.0,0.006666666666666667,0.9833333333333333,0.01,0.0,300,16,0.05333333333333334,A,95,0.31666666666666665,1.0133333333333334
confirm_paper_tree_004,4,n12,mmlu,summarization,cnn_dailymail,3,300,1.0,0.04,0.96,0.0,0.95,0.01,0.0,300,23,0.07666666666666666,A,88,0.29333333333333333,5.966666666666667
confirm_paper_tree_004,4,n13,mmlu,summarization,govreport,3,300,0.9933333333333333,0.36666666666666664,0.6333333333333333,0.006666666666666667,0.6233333333333333,0.0033333333333333335,0.0,300,122,0.4066666666666667,A,52,0.17333333333333334,84.18666666666667
confirm_paper_tree_004,4,n8,mmlu,qa,quartz,3,300,1.0,0.0,1.0,0.0,1.0,0.0,0.0,300,3,0.01,B,164,0.5466666666666666,1.0
confirm_paper_tree_004,4,n9,mmlu,qa,arc_easy,3,300,1.0,0.0,1.0,0.0,0.9933333333333333,0.006666666666666667,0.0,300,6,0.02,D,89,0.2966666666666667,1.0033333333333334
confirm_paper_tree_004,4,n0,truthfulqa,qa,arc_challenge,1,300,0.9966666666666667,0.29,0.71,0.0033333333333333335,0.18,0.5266666666666666,0.0,300,261,0.87,no,21,0.07,15.133333333333333
confirm_paper_tree_004,4,n10,truthfulqa,classification,sst2,3,300,1.0,0.0,1.0,0.0,0.9933333333333333,0.006666666666666667,0.0,300,4,0.013333333333333334,1,151,0.5033333333333333,1.0533333333333332
confirm_paper_tree_004,4,n11,truthfulqa,translation,opus_en_es,3,300,0.97,0.38666666666666666,0.6133333333333333,0.03,0.11666666666666667,0.4666666666666667,0.0,300,266,0.8866666666666667,0,10,0.03333333333333333,24.56
confirm_paper_tree_004,4,n12,truthfulqa,summarization,cnn_dailymail,3,300,0.9933333333333333,0.4266666666666667,0.5733333333333333,0.006666666666666667,0.13333333333333333,0.42333333333333334,0.01,300,271,0.9033333333333333,1,11,0.03666666666666667,25.763333333333332
confirm_paper_tree_004,4,n13,truthfulqa,summarization,govreport,3,300,0.9966666666666667,0.6866666666666666,0.31333333333333335,0.0033333333333333335,0.02,0.2866666666666667,0.0033333333333333335,300,298,0.9933333333333333,English,3,0.01,84.22
confirm_paper_tree_004,4,n8,truthfulqa,qa,quartz,3,300,1.0,0.0,1.0,0.0,1.0,0.0,0.0,300,2,0.006666666666666667,B,165,0.55,1.0
confirm_paper_tree_004,4,n9,truthfulqa,qa,arc_easy,3,300,0.99,0.21666666666666667,0.7833333333333333,0.01,0.36,0.41333333333333333,0.0,300,231,0.77,0,11,0.03666666666666667,14.166666666666666
confirm_paper_tree_005,5,n1,hellaswag,classification,yelp_polarity,2,300,0.9966666666666667,0.4066666666666667,0.5933333333333333,0.0033333333333333335,0.5533333333333333,0.02666666666666667,0.01,300,140,0.4666666666666667,0,142,0.47333333333333333,32.67333333333333
confirm_paper_tree_005,5,n10,hellaswag,translation,wmt14_en_de,3,300,0.9766666666666667,0.7466666666666667,0.2533333333333333,0.023333333333333334,0.023333333333333334,0.19666666666666666,0.01,300,272,0.9066666666666666,[step],19,0.06333333333333334,75.98
confirm_paper_tree_005,5,n11,hellaswag,translation,opus_en_ja,4,300,0.6533333333333333,0.48,0.52,0.3466666666666667,0.06,0.11,0.0033333333333333335,300,191,0.6366666666666667,<EMPTY>,104,0.3466666666666667,36.23
confirm_paper_tree_005,5,n12,hellaswag,qa,arc_easy,4,300,0.9866666666666667,0.8,0.19999999999999996,0.013333333333333334,0.06666666666666667,0.12,0.0,300,275,0.9166666666666666,[step],14,0.04666666666666667,71.85
confirm_paper_tree_005,5,n13,hellaswag,summarization,dialogsum,4,300,0.9966666666666667,0.75,0.25,0.0033333333333333335,0.013333333333333334,0.22666666666666666,0.006666666666666667,300,270,0.9,[step],20,0.06666666666666667,62.24666666666667
confirm_paper_tree_005,5,n6,hellaswag,qa,boolq,3,300,1.0,0.056666666666666664,0.9433333333333334,0.0,0.9366666666666666,0.006666666666666667,0.0,300,29,0.09666666666666666,True,200,0.6666666666666666,7.836666666666667
confirm_paper_tree_005,5,n7,hellaswag,summarization,xsum,3,300,1.0,0.9933333333333333,0.00666666666666671,0.0,0.0033333333333333335,0.0033333333333333335,0.0,300,300,1.0,"Be aware that developmental delays can appear in any area such as the brain or brain. You can check with your pediatrician before you pick up your child's baby, or they can recommend a specialist.",1,0.0033333333333333335,95.35333333333334
confirm_paper_tree_005,5,n8,hellaswag,classification,sst2,3,300,1.0,0.07333333333333333,0.9266666666666666,0.0,0.92,0.006666666666666667,0.0,300,27,0.09,0,199,0.6633333333333333,4.6066666666666665
confirm_paper_tree_005,5,n9,hellaswag,summarization,bigpatent,3,300,1.0,0.88,0.12,0.0,0.08666666666666667,0.02666666666666667,0.006666666666666667,300,277,0.9233333333333333,0,14,0.04666666666666667,134.24666666666667
confirm_paper_tree_005,5,n1,arc_challenge,classification,yelp_polarity,2,300,1.0,0.0,1.0,0.0,1.0,0.0,0.0,300,2,0.006666666666666667,0,279,0.93,1.0
confirm_paper_tree_005,5,n10,arc_challenge,translation,wmt14_en_de,3,300,0.8466666666666667,0.006666666666666667,0.9933333333333333,0.15333333333333332,0.8233333333333334,0.016666666666666666,0.0,300,18,0.06,C,83,0.27666666666666667,1.2933333333333332
confirm_paper_tree_005,5,n11,arc_challenge,translation,opus_en_ja,4,300,0.83,0.02666666666666667,0.9733333333333334,0.17,0.75,0.05333333333333334,0.0,300,57,0.19,A,52,0.17333333333333334,2.8533333333333335
confirm_paper_tree_005,5,n12,arc_challenge,qa,arc_easy,4,300,1.0,0.01,0.99,0.0,0.9833333333333333,0.006666666666666667,0.0,300,7,0.023333333333333334,D,84,0.28,1.65
confirm_paper_tree_005,5,n13,arc_challenge,summarization,dialogsum,4,300,1.0,0.08666666666666667,0.9133333333333333,0.0,0.8633333333333333,0.05,0.0,300,68,0.22666666666666666,D,50,0.16666666666666666,9.963333333333333
confirm_paper_tree_005,5,n6,arc_challenge,qa,boolq,3,300,1.0,0.0,1.0,0.0,1.0,0.0,0.0,300,2,0.006666666666666667,True,153,0.51,4.49
confirm_paper_tree_005,5,n7,arc_challenge,summarization,xsum,3,300,1.0,0.03,0.97,0.0,0.96,0.01,0.0,300,20,0.06666666666666667,0,241,0.8033333333333333,4.23
confirm_paper_tree_005,5,n8,arc_challenge,classification,sst2,3,300,1.0,0.0,1.0,0.0,1.0,0.0,0.0,300,4,0.013333333333333334,1,187,0.6233333333333333,1.0
confirm_paper_tree_005,5,n9,arc_challenge,summarization,bigpatent,3,300,1.0,0.01,0.99,0.0,0.99,0.0,0.0,300,10,0.03333333333333333,0,107,0.3566666666666667,1.54
confirm_paper_tree_005,5,n1,mmlu,classification,yelp_polarity,2,300,1.0,0.0,1.0,0.0,1.0,0.0,0.0,300,4,0.013333333333333334,0,272,0.9066666666666666,1.0033333333333334
confirm_paper_tree_005,5,n10,mmlu,translation,wmt14_en_de,3,300,0.9066666666666666,0.0033333333333333335,0.9966666666666667,0.09333333333333334,0.89,0.013333333333333334,0.0,300,13,0.043333333333333335,C,86,0.2866666666666667,1.0966666666666667
confirm_paper_tree_005,5,n11,mmlu,translation,opus_en_ja,4,300,0.9033333333333333,0.013333333333333334,0.9866666666666667,0.09666666666666666,0.86,0.03,0.0,300,41,0.13666666666666666,A,65,0.21666666666666667,2.236666666666667
confirm_paper_tree_005,5,n12,mmlu,qa,arc_easy,4,300,1.0,0.0,1.0,0.0,1.0,0.0,0.0,300,5,0.016666666666666666,D,86,0.2866666666666667,1.0
confirm_paper_tree_005,5,n13,mmlu,summarization,dialogsum,4,300,1.0,0.03666666666666667,0.9633333333333334,0.0,0.89,0.07333333333333333,0.0,300,54,0.18,D,61,0.20333333333333334,4.98
confirm_paper_tree_005,5,n6,mmlu,qa,boolq,3,300,1.0,0.0,1.0,0.0,1.0,0.0,0.0,300,3,0.01,True,178,0.5933333333333334,4.3933333333333335
confirm_paper_tree_005,5,n7,mmlu,summarization,xsum,3,300,1.0,0.03,0.97,0.0,0.96,0.01,0.0,300,19,0.06333333333333334,0,185,0.6166666666666667,4.696666666666666
confirm_paper_tree_005,5,n8,mmlu,classification,sst2,3,300,1.0,0.0,1.0,0.0,1.0,0.0,0.0,300,3,0.01,1,172,0.5733333333333334,1.0066666666666666
confirm_paper_tree_005,5,n9,mmlu,summarization,bigpatent,3,300,1.0,0.0,1.0,0.0,0.9966666666666667,0.0033333333333333335,0.0,300,9,0.03,A,106,0.35333333333333333,1.01
confirm_paper_tree_005,5,n1,truthfulqa,classification,yelp_polarity,2,300,1.0,0.0033333333333333335,0.9966666666666667,0.0,0.9933333333333333,0.0033333333333333335,0.0,300,4,0.013333333333333334,0,296,0.9866666666666667,1.4333333333333333
confirm_paper_tree_005,5,n10,truthfulqa,translation,wmt14_en_de,3,300,0.06,0.006666666666666667,0.9933333333333333,0.94,0.0,0.05,0.0033333333333333335,300,12,0.04,<EMPTY>,282,0.94,1.3933333333333333
confirm_paper_tree_005,5,n11,truthfulqa,translation,opus_en_ja,4,300,0.55,0.06,0.94,0.45,0.16,0.33,0.0,300,109,0.36333333333333334,<EMPTY>,135,0.45,4.79
confirm_paper_tree_005,5,n12,truthfulqa,qa,arc_easy,4,300,1.0,0.5,0.5,0.0,0.29,0.2,0.01,300,230,0.7666666666666667,0,58,0.19333333333333333,54.36
confirm_paper_tree_005,5,n13,truthfulqa,summarization,dialogsum,4,300,1.0,0.62,0.38,0.0,0.24666666666666667,0.12,0.013333333333333334,300,229,0.7633333333333333,0,72,0.24,71.12333333333333
confirm_paper_tree_005,5,n6,truthfulqa,qa,boolq,3,300,1.0,0.0,1.0,0.0,0.9933333333333333,0.006666666666666667,0.0,300,4,0.013333333333333334,False,162,0.54,4.55
confirm_paper_tree_005,5,n7,truthfulqa,summarization,xsum,3,300,1.0,0.56,0.43999999999999995,0.0,0.41,0.02666666666666667,0.0033333333333333335,300,179,0.5966666666666667,0,122,0.4066666666666667,69.17666666666666
confirm_paper_tree_005,5,n8,truthfulqa,classification,sst2,3,300,1.0,0.0,1.0,0.0,1.0,0.0,0.0,300,2,0.006666666666666667,1,229,0.7633333333333333,1.0
confirm_paper_tree_005,5,n9,truthfulqa,summarization,bigpatent,3,300,1.0,0.0,1.0,0.0,1.0,0.0,0.0,300,2,0.006666666666666667,0,252,0.84,1.0
confirm_paper_tree_006,6,n0,hellaswag,classification,rte,1,300,1.0,0.25,0.75,0.0,0.6666666666666666,0.08333333333333333,0.0,300,98,0.32666666666666666,0,122,0.4066666666666667,15.58
confirm_paper_tree_006,6,n1,hellaswag,qa,arc_easy,1,300,1.0,0.99,0.010000000000000009,0.0,0.0,0.01,0.0,300,300,1.0,"Be aware that developmental delays can appear in any number of areas such as spelling and typing, crawling, crawling, and many other areas of growth. Your infant can have difficulties hearing or reading for several weeks before the baby is ready to go to school or play.",1,0.0033333333333333335,126.52333333333333
confirm_paper_tree_006,6,n7,hellaswag,translation,opus_en_de,4,300,1.0,0.97,0.030000000000000027,0.0,0.006666666666666667,0.023333333333333334,0.0,300,300,1.0,"Be aware that developmental delays may appear in any area with delays such as delays occurring in the brain. If you want to help your baby reach developmental milestones, you can identify difficulties by checking for a delay. If you are concerned about the severity of a delay, you probably need a referral to a",1,0.0033333333333333335,160.04333333333332
confirm_paper_tree_006,6,n8,hellaswag,summarization,samsum,4,300,0.9966666666666667,0.9833333333333333,0.01666666666666672,0.0033333333333333335,0.0,0.013333333333333334,0.0,300,300,1.0,"Be aware that developmental delays can affect different parts of your baby’s life. Your doctor can determine whether there is a delay as part of a screening process that can help you get your baby to a physical milestone. If there is a delay and your child’s health is at risk, your doctor",1,0.0033333333333333335,133.05666666666667
confirm_paper_tree_006,6,n9,hellaswag,translation,opus_en_es,4,300,1.0,0.82,0.18000000000000005,0.0,0.03666666666666667,0.14333333333333334,0.0,300,289,0.9633333333333334,0,7,0.023333333333333334,65.42666666666666
confirm_paper_tree_006,6,n0,arc_challenge,classification,rte,1,300,1.0,0.0,1.0,0.0,1.0,0.0,0.0,300,7,0.023333333333333334,A,87,0.29,1.0
confirm_paper_tree_006,6,n1,arc_challenge,qa,arc_easy,1,300,1.0,0.013333333333333334,0.9866666666666667,0.0,0.97,0.016666666666666666,0.0,300,13,0.043333333333333335,D,95,0.31666666666666665,1.84
confirm_paper_tree_006,6,n7,arc_challenge,translation,opus_en_de,4,300,1.0,0.06,0.94,0.0,0.91,0.03,0.0,300,49,0.16333333333333333,A,84,0.28,6.7
confirm_paper_tree_006,6,n8,arc_challenge,summarization,samsum,4,300,1.0,0.18333333333333332,0.8166666666666667,0.0,0.8066666666666666,0.01,0.0,300,74,0.24666666666666667,A,93,0.31,15.996666666666666
confirm_paper_tree_006,6,n9,arc_challenge,translation,opus_en_es,4,300,0.9966666666666667,0.13666666666666666,0.8633333333333333,0.0033333333333333335,0.7766666666666666,0.08333333333333333,0.0,300,79,0.2633333333333333,B,60,0.2,8.066666666666666
confirm_paper_tree_006,6,n0,mmlu,classification,rte,1,300,1.0,0.0,1.0,0.0,1.0,0.0,0.0,300,7,0.023333333333333334,A,71,0.23666666666666666,1.0066666666666666
confirm_paper_tree_006,6,n1,mmlu,qa,arc_easy,1,300,1.0,0.0,1.0,0.0,0.9966666666666667,0.0033333333333333335,0.0,300,5,0.016666666666666666,D,91,0.30333333333333334,1.0
confirm_paper_tree_006,6,n7,mmlu,translation,opus_en_de,4,300,1.0,0.14333333333333334,0.8566666666666667,0.0,0.8266666666666667,0.03,0.0,300,73,0.24333333333333335,A,81,0.27,25.933333333333334
confirm_paper_tree_006,6,n8,mmlu,summarization,samsum,4,300,1.0,0.30666666666666664,0.6933333333333334,0.0,0.6666666666666666,0.02666666666666667,0.0,300,107,0.3566666666666667,A,68,0.22666666666666666,37.32666666666667
confirm_paper_tree_006,6,n9,mmlu,translation,opus_en_es,4,300,1.0,0.21,0.79,0.0,0.7033333333333334,0.08666666666666667,0.0,300,108,0.36,0,82,0.2733333333333333,11.66
confirm_paper_tree_006,6,n0,truthfulqa,classification,rte,1,300,0.9966666666666667,0.06666666666666667,0.9333333333333333,0.0033333333333333335,0.5233333333333333,0.4066666666666667,0.0,300,149,0.49666666666666665,0,121,0.4033333333333333,6.973333333333334
confirm_paper_tree_006,6,n1,truthfulqa,qa,arc_easy,1,300,1.0,0.3333333333333333,0.6666666666666667,0.0,0.10666666666666667,0.56,0.0,300,268,0.8933333333333333,no,17,0.056666666666666664,18.016666666666666
confirm_paper_tree_006,6,n7,truthfulqa,translation,opus_en_de,4,300,1.0,0.5266666666666666,0.4733333333333334,0.0,0.22333333333333333,0.25,0.0,300,257,0.8566666666666667,0,18,0.06,43.58
confirm_paper_tree_006,6,n8,truthfulqa,summarization,samsum,4,300,0.9966666666666667,0.59,0.41000000000000003,0.0033333333333333335,0.23,0.17666666666666667,0.0,300,248,0.8266666666666667,0,39,0.13,38.266666666666666
confirm_paper_tree_006,6,n9,truthfulqa,translation,opus_en_es,4,300,0.9966666666666667,0.43333333333333335,0.5666666666666667,0.0033333333333333335,0.15,0.4066666666666667,0.006666666666666667,300,272,0.9066666666666666,0,14,0.04666666666666667,26.94
confirm_paper_tree_007,7,n0,hellaswag,classification,ag_news,1,300,0.9966666666666667,0.74,0.26,0.0033333333333333335,0.23666666666666666,0.02,0.0,300,235,0.7833333333333333,0,29,0.09666666666666666,77.41
confirm_paper_tree_007,7,n10,hellaswag,summarization,dialogsum,3,300,0.9833333333333333,0.39,0.61,0.016666666666666666,0.25,0.3433333333333333,0.0,300,188,0.6266666666666667,0,29,0.09666666666666666,27.333333333333332
confirm_paper_tree_007,7,n11,hellaswag,qa,sciq,3,300,0.96,0.6033333333333334,0.3966666666666666,0.04,0.07666666666666666,0.28,0.0,300,272,0.9066666666666666,<EMPTY>,12,0.04,36.82
confirm_paper_tree_007,7,n12,hellaswag,classification,imdb,3,300,1.0,0.9866666666666667,0.013333333333333308,0.0,0.0033333333333333335,0.01,0.0,300,300,1.0,"If your baby is at risk, she may be undergoing a developmental delay in the area of her spine. A delayed developmental delay can be caused by a severe medical condition including the loss or infection of the spinal cord. If your baby is suffering from developmental delays in any area, you can take your child to",1,0.0033333333333333335,159.44
confirm_paper_tree_007,7,n13,hellaswag,translation,wmt14_en_de,3,300,1.0,0.9966666666666667,0.0033333333333332993,0.0,0.0,0.0033333333333333335,0.0,300,300,1.0,"Be aware that developmental delays start when children grow up and begin developing brain or spinal cord abnormalities. If your baby is not ready for these developmental milestones, the doctor can help establish the frequency for the baby's progress. If your baby is unattended, the school nurse or a doctor is going to",1,0.0033333333333333335,145.43666666666667
confirm_paper_tree_007,7,n5,hellaswag,translation,opus_en_fr,2,300,1.0,0.9966666666666667,0.0033333333333332993,0.0,0.0,0.0033333333333333335,0.0,300,300,1.0,"If they identify developmental delays, your baby may be prescribed a developmental screening program. You can visit your pediatrician for an initial testing appointment with your child.",1,0.0033333333333333335,134.00666666666666
confirm_paper_tree_007,7,n6,hellaswag,qa,arc_challenge,3,300,0.9966666666666667,0.9233333333333333,0.07666666666666666,0.0033333333333333335,0.04,0.03333333333333333,0.0,300,292,0.9733333333333334,A,4,0.013333333333333334,90.84333333333333
confirm_paper_tree_007,7,n7,hellaswag,summarization,pubmed,3,300,1.0,1.0,0.0,0.0,0.0,0.0,0.0,300,300,1.0,"Be aware that developmental delays can appear in any area such as the brain or spinal cord but in any areas other than the front of the brain, the physical functions of certain motor motor skills (including a fetus) can differ drastically (at all about the level of motor sensory skills). Therefore, the",1,0.0033333333333333335,174.86333333333334
confirm_paper_tree_007,7,n8,hellaswag,qa,boolq,3,300,1.0,0.22666666666666666,0.7733333333333333,0.0,0.72,0.05333333333333334,0.0,300,95,0.31666666666666665,True,147,0.49,16.38
confirm_paper_tree_007,7,n9,hellaswag,summarization,bigpatent,3,300,0.9933333333333333,0.9766666666666667,0.023333333333333317,0.006666666666666667,0.013333333333333334,0.0033333333333333335,0.0,300,298,0.9933333333333333,<EMPTY>,2,0.006666666666666667,140.57
confirm_paper_tree_007,7,n0,arc_challenge,classification,ag_news,1,300,1.0,0.0033333333333333335,0.9966666666666667,0.0,0.9966666666666667,0.0,0.0,300,10,0.03333333333333333,3,151,0.5033333333333333,1.2733333333333334
confirm_paper_tree_007,7,n10,arc_challenge,summarization,dialogsum,3,300,1.0,0.006666666666666667,0.9933333333333333,0.0,0.99,0.0033333333333333335,0.0,300,13,0.043333333333333335,B,96,0.32,1.6566666666666667
confirm_paper_tree_007,7,n11,arc_challenge,qa,sciq,3,300,1.0,0.18,0.8200000000000001,0.0,0.44666666666666666,0.37333333333333335,0.0,300,155,0.5166666666666667,d,23,0.07666666666666666,10.926666666666666
confirm_paper_tree_007,7,n12,arc_challenge,classification,imdb,3,300,1.0,0.043333333333333335,0.9566666666666667,0.0,0.9266666666666666,0.03,0.0,300,25,0.08333333333333333,A,81,0.27,5.183333333333334
confirm_paper_tree_007,7,n13,arc_challenge,translation,wmt14_en_de,3,300,1.0,0.17333333333333334,0.8266666666666667,0.0,0.8166666666666667,0.01,0.0,300,69,0.23,B,76,0.25333333333333335,20.85333333333333
confirm_paper_tree_007,7,n5,arc_challenge,translation,opus_en_fr,2,300,1.0,0.023333333333333334,0.9766666666666667,0.0,0.9666666666666667,0.01,0.0,300,16,0.05333333333333334,B,102,0.34,2.3233333333333333
confirm_paper_tree_007,7,n6,arc_challenge,qa,arc_challenge,3,300,0.9966666666666667,0.006666666666666667,0.9933333333333333,0.0033333333333333335,0.9733333333333334,0.016666666666666666,0.0,300,10,0.03333333333333333,C,93,0.31,1.3566666666666667
confirm_paper_tree_007,7,n7,arc_challenge,summarization,pubmed,3,300,1.0,0.5466666666666666,0.45333333333333337,0.0,0.44666666666666666,0.006666666666666667,0.0,300,172,0.5733333333333334,B,59,0.19666666666666666,105.66333333333333
confirm_paper_tree_007,7,n8,arc_challenge,qa,boolq,3,300,1.0,0.0,1.0,0.0,1.0,0.0,0.0,300,7,0.023333333333333334,True,128,0.4266666666666667,3.9466666666666668
confirm_paper_tree_007,7,n9,arc_challenge,summarization,bigpatent,3,300,1.0,0.09,0.91,0.0,0.9,0.01,0.0,300,38,0.12666666666666668,A,92,0.30666666666666664,9.963333333333333
confirm_paper_tree_007,7,n0,mmlu,classification,ag_news,1,300,1.0,0.0033333333333333335,0.9966666666666667,0.0,0.9933333333333333,0.0033333333333333335,0.0,300,14,0.04666666666666667,3,145,0.48333333333333334,1.14
confirm_paper_tree_007,7,n10,mmlu,summarization,dialogsum,3,300,1.0,0.01,0.99,0.0,0.9833333333333333,0.006666666666666667,0.0,300,16,0.05333333333333334,D,96,0.32,1.5466666666666666
confirm_paper_tree_007,7,n11,mmlu,qa,sciq,3,300,0.9966666666666667,0.03666666666666667,0.9633333333333334,0.0033333333333333335,0.6433333333333333,0.31666666666666665,0.0,300,107,0.3566666666666667,a,35,0.11666666666666667,5.51
confirm_paper_tree_007,7,n12,mmlu,classification,imdb,3,300,1.0,0.06666666666666667,0.9333333333333333,0.0,0.9233333333333333,0.01,0.0,300,32,0.10666666666666667,A,93,0.31,10.39
confirm_paper_tree_007,7,n13,mmlu,translation,wmt14_en_de,3,300,1.0,0.16333333333333333,0.8366666666666667,0.0,0.81,0.02666666666666667,0.0,300,76,0.25333333333333335,D,74,0.24666666666666667,25.456666666666667
confirm_paper_tree_007,7,n5,mmlu,translation,opus_en_fr,2,300,1.0,0.0,1.0,0.0,1.0,0.0,0.0,300,5,0.016666666666666666,B,90,0.3,1.0
confirm_paper_tree_007,7,n6,mmlu,qa,arc_challenge,3,300,1.0,0.0033333333333333335,0.9966666666666667,0.0,0.9966666666666667,0.0,0.0,300,6,0.02,C,105,0.35,1.1366666666666667
confirm_paper_tree_007,7,n7,mmlu,summarization,pubmed,3,300,1.0,0.56,0.43999999999999995,0.0,0.42,0.016666666666666666,0.0033333333333333335,300,186,0.62,D,43,0.14333333333333334,121.15333333333334
confirm_paper_tree_007,7,n8,mmlu,qa,boolq,3,300,1.0,0.0,1.0,0.0,0.9966666666666667,0.0033333333333333335,0.0,300,8,0.02666666666666667,True,166,0.5533333333333333,4.033333333333333
confirm_paper_tree_007,7,n9,mmlu,summarization,bigpatent,3,300,0.9966666666666667,0.07666666666666666,0.9233333333333333,0.0033333333333333335,0.89,0.03,0.0,300,45,0.15,D,84,0.28,10.423333333333334
confirm_paper_tree_007,7,n0,truthfulqa,classification,ag_news,1,300,0.9966666666666667,0.06666666666666667,0.9333333333333333,0.0033333333333333335,0.5166666666666667,0.41333333333333333,0.0,300,158,0.5266666666666666,0,57,0.19,6.426666666666667
confirm_paper_tree_007,7,n10,truthfulqa,summarization,dialogsum,3,300,0.9833333333333333,0.22666666666666666,0.7733333333333333,0.016666666666666666,0.32666666666666666,0.43,0.0,300,208,0.6933333333333334,0,40,0.13333333333333333,15.54
confirm_paper_tree_007,7,n11,truthfulqa,qa,sciq,3,300,1.0,0.16666666666666666,0.8333333333333334,0.0,0.10333333333333333,0.73,0.0,300,265,0.8833333333333333,no,21,0.07,12.43
confirm_paper_tree_007,7,n12,truthfulqa,classification,imdb,3,300,0.9966666666666667,0.62,0.38,0.0033333333333333335,0.013333333333333334,0.36333333333333334,0.0,300,295,0.9833333333333333,Ulstermen,3,0.01,50.35
confirm_paper_tree_007,7,n13,truthfulqa,translation,wmt14_en_de,3,300,1.0,0.6433333333333333,0.3566666666666667,0.0,0.023333333333333334,0.3333333333333333,0.0,300,297,0.99,charles dickens,2,0.006666666666666667,55.8
confirm_paper_tree_007,7,n5,truthfulqa,translation,opus_en_fr,2,300,0.9966666666666667,0.43,0.5700000000000001,0.0033333333333333335,0.05,0.5166666666666667,0.0,300,288,0.96,no,6,0.02,26.243333333333332
confirm_paper_tree_007,7,n6,truthfulqa,qa,arc_challenge,3,300,1.0,0.27666666666666667,0.7233333333333334,0.0,0.25,0.47333333333333333,0.0,300,252,0.84,no,12,0.04,17.2
confirm_paper_tree_007,7,n7,truthfulqa,summarization,pubmed,3,300,1.0,0.8266666666666667,0.17333333333333334,0.0,0.0,0.17333333333333334,0.0,300,299,0.9966666666666667,london,2,0.006666666666666667,135.55666666666667
confirm_paper_tree_007,7,n8,truthfulqa,qa,boolq,3,300,0.9966666666666667,0.0,1.0,0.0033333333333333335,0.98,0.016666666666666666,0.0,300,10,0.03333333333333333,False,201,0.67,4.72
confirm_paper_tree_007,7,n9,truthfulqa,summarization,bigpatent,3,300,0.97,0.3933333333333333,0.6066666666666667,0.03,0.24333333333333335,0.33,0.0033333333333333335,300,222,0.74,2,25,0.08333333333333333,33.29333333333334
confirm_paper_tree_008,8,n10,hellaswag,classification,trec,4,300,1.0,0.25,0.75,0.0,0.03666666666666667,0.7133333333333334,0.0,300,118,0.3933333333333333,description of something,44,0.14666666666666667,18.336666666666666
confirm_paper_tree_008,8,n11,hellaswag,qa,squad,4,300,1.0,0.94,0.06000000000000005,0.0,0.0033333333333333335,0.056666666666666664,0.0,300,298,0.9933333333333333,[22],2,0.006666666666666667,57.11333333333334
confirm_paper_tree_008,8,n12,hellaswag,qa,arc_challenge,4,300,1.0,0.9933333333333333,0.00666666666666671,0.0,0.0,0.006666666666666667,0.0,300,300,1.0,"If your baby is at risk, you may be prescribed a developmental delay treatment. You can visit your pediatrician for an estimate of the following physical milestones: (A) the head for the baby's head (as the head) or (B) the head for the baby's head (",1,0.0033333333333333335,180.62666666666667
confirm_paper_tree_008,8,n13,hellaswag,summarization,pubmed,4,300,1.0,1.0,0.0,0.0,0.0,0.0,0.0,300,300,1.0,"Be aware that developmental delays can appear in any area such as the brain or brain. You can visit your pediatrician for an estimate of developmental delays. After the diagnosis, your pediatrician will let you know the status of your child and the treatment options.",1,0.0033333333333333335,188.07333333333332
confirm_paper_tree_008,8,n7,hellaswag,summarization,bigpatent,3,300,0.9966666666666667,0.9933333333333333,0.00666666666666671,0.0033333333333333335,0.0,0.0033333333333333335,0.0,300,300,1.0,"Be aware that developmental delays may appear in any area such as the brain or spinal cord but in any areas other than the front of the brain, the skeletal system, or brain. If your baby has a physical disability, visit the doctor as soon as they have arrived to make a diagnosis regarding your child’",1,0.0033333333333333335,147.65
confirm_paper_tree_008,8,n9,hellaswag,translation,opus_en_de,4,300,0.9966666666666667,0.23333333333333334,0.7666666666666666,0.0033333333333333335,0.6266666666666667,0.13666666666666666,0.0,300,112,0.37333333333333335,A,119,0.39666666666666667,13.22
confirm_paper_tree_008,8,n10,arc_challenge,classification,trec,4,300,1.0,0.17333333333333334,0.8266666666666667,0.0,0.056666666666666664,0.77,0.0,300,95,0.31666666666666665,description of something,43,0.14333333333333334,15.796666666666667
confirm_paper_tree_008,8,n11,arc_challenge,qa,squad,4,300,1.0,0.99,0.010000000000000009,0.0,0.0,0.01,0.0,300,271,0.9033333333333333,"'answer_start': [0], 'text': ['C']",6,0.02,42.46666666666667
confirm_paper_tree_008,8,n12,arc_challenge,qa,arc_challenge,4,300,1.0,0.02,0.98,0.0,0.98,0.0,0.0,300,14,0.04666666666666667,D,109,0.36333333333333334,3.5933333333333333
confirm_paper_tree_008,8,n13,arc_challenge,summarization,pubmed,4,300,1.0,0.85,0.15000000000000002,0.0,0.14333333333333334,0.006666666666666667,0.0,300,262,0.8733333333333333,B,26,0.08666666666666667,168.84333333333333
confirm_paper_tree_008,8,n7,arc_challenge,summarization,bigpatent,3,300,0.9933333333333333,0.27,0.73,0.006666666666666667,0.58,0.14333333333333334,0.0,300,127,0.42333333333333334,A,85,0.2833333333333333,27.536666666666665
confirm_paper_tree_008,8,n9,arc_challenge,translation,opus_en_de,4,300,1.0,0.0,1.0,0.0,1.0,0.0,0.0,300,2,0.006666666666666667,A,167,0.5566666666666666,1.0
confirm_paper_tree_008,8,n10,mmlu,classification,trec,4,300,1.0,0.2,0.8,0.0,0.17666666666666667,0.6233333333333333,0.0,300,79,0.2633333333333333,description of something,32,0.10666666666666667,15.8
confirm_paper_tree_008,8,n11,mmlu,qa,squad,4,300,1.0,0.9933333333333333,0.00666666666666671,0.0,0.0,0.006666666666666667,0.0,300,276,0.92,"'answer_start': [0], 'text': ['C']",4,0.013333333333333334,41.163333333333334
confirm_paper_tree_008,8,n12,mmlu,qa,arc_challenge,4,300,1.0,0.006666666666666667,0.9933333333333333,0.0,0.9933333333333333,0.0,0.0,300,6,0.02,D,133,0.44333333333333336,2.1466666666666665
confirm_paper_tree_008,8,n13,mmlu,summarization,pubmed,4,300,0.9966666666666667,0.8633333333333333,0.13666666666666671,0.0033333333333333335,0.12,0.013333333333333334,0.0,300,266,0.8866666666666667,D,15,0.05,191.35333333333332
confirm_paper_tree_008,8,n7,mmlu,summarization,bigpatent,3,300,0.9966666666666667,0.23666666666666666,0.7633333333333333,0.0033333333333333335,0.6533333333333333,0.10666666666666667,0.0,300,115,0.38333333333333336,A,124,0.41333333333333333,34.43333333333333
confirm_paper_tree_008,8,n9,mmlu,translation,opus_en_de,4,300,1.0,0.0,1.0,0.0,1.0,0.0,0.0,300,3,0.01,A,165,0.55,1.0
confirm_paper_tree_008,8,n10,truthfulqa,classification,trec,4,300,1.0,0.12333333333333334,0.8766666666666667,0.0,0.02666666666666667,0.85,0.0,300,68,0.22666666666666666,description of something,55,0.18333333333333332,15.616666666666667
confirm_paper_tree_008,8,n11,truthfulqa,qa,squad,4,300,1.0,0.9966666666666667,0.0033333333333332993,0.0,0.0,0.0033333333333333335,0.0,300,297,0.99,"'answer_start': [19], 'text': ['no']",2,0.006666666666666667,47.49
confirm_paper_tree_008,8,n12,truthfulqa,qa,arc_challenge,4,300,1.0,0.7366666666666667,0.2633333333333333,0.0,0.03666666666666667,0.22666666666666666,0.0,300,289,0.9633333333333334,Paris,4,0.013333333333333334,108.08333333333333
confirm_paper_tree_008,8,n13,truthfulqa,summarization,pubmed,4,300,1.0,0.9333333333333333,0.06666666666666665,0.0,0.0,0.06666666666666667,0.0,300,300,1.0,"a single year ago , a major southwestern United States newspaper called a nontitle news story in Chicago. it featured stories that argued about what the u.s. economy was growing at its wits' end from 1950 to 1970, including food shortages between 1950 and 1966",1,0.0033333333333333335,155.58
confirm_paper_tree_008,8,n7,truthfulqa,summarization,bigpatent,3,300,1.0,0.3233333333333333,0.6766666666666667,0.0,0.12333333333333334,0.5533333333333333,0.0,300,259,0.8633333333333333,no,24,0.08,19.60333333333333
confirm_paper_tree_008,8,n9,truthfulqa,translation,opus_en_de,4,300,1.0,0.0,1.0,0.0,1.0,0.0,0.0,300,3,0.01,A,186,0.62,1.0
confirm_paper_tree_009,9,n10,hellaswag,classification,rte,3,300,1.0,0.21333333333333335,0.7866666666666666,0.0,0.7733333333333333,0.013333333333333334,0.0,300,71,0.23666666666666666,0,220,0.7333333333333333,12.156666666666666
confirm_paper_tree_009,9,n11,hellaswag,classification,yelp_polarity,3,300,1.0,0.4766666666666667,0.5233333333333333,0.0,0.48333333333333334,0.03666666666666667,0.0033333333333333335,300,159,0.53,0,133,0.44333333333333336,37.45
confirm_paper_tree_009,9,n12,hellaswag,summarization,bigpatent,4,300,0.9966666666666667,0.9966666666666667,0.0033333333333332993,0.0033333333333333335,0.0,0.0,0.0,300,298,0.9933333333333333,A man in jump stilts throws a bag over his shoulder and leaves a bank.,3,0.01,152.79333333333332
confirm_paper_tree_009,9,n13,hellaswag,translation,opus_en_de,4,300,1.0,0.26,0.74,0.0,0.53,0.21,0.0,300,111,0.37,A,87,0.29,18.71
confirm_paper_tree_009,9,n7,hellaswag,summarization,cnn_dailymail,3,300,1.0,0.9833333333333333,0.01666666666666672,0.0,0.0,0.016666666666666666,0.0,300,297,0.99,.,4,0.013333333333333334,158.86
confirm_paper_tree_009,9,n8,hellaswag,classification,sst2,3,300,1.0,0.09666666666666666,0.9033333333333333,0.0,0.9033333333333333,0.0,0.0,300,32,0.10666666666666667,0,179,0.5966666666666667,8.863333333333333
confirm_paper_tree_009,9,n9,hellaswag,translation,opus_en_ja,3,300,0.54,0.37,0.63,0.46,0.06666666666666667,0.10333333333333333,0.0,300,154,0.5133333333333333,<EMPTY>,138,0.46,43.586666666666666
confirm_paper_tree_009,9,n10,arc_challenge,classification,rte,3,300,1.0,0.0,1.0,0.0,0.9966666666666667,0.0033333333333333335,0.0,300,7,0.023333333333333334,0,227,0.7566666666666667,1.0
confirm_paper_tree_009,9,n11,arc_challenge,classification,yelp_polarity,3,300,1.0,0.0,1.0,0.0,1.0,0.0,0.0,300,3,0.01,0,297,0.99,1.0
confirm_paper_tree_009,9,n12,arc_challenge,summarization,bigpatent,4,300,1.0,0.01,0.99,0.0,0.99,0.0,0.0,300,5,0.016666666666666666,A,173,0.5766666666666667,1.54
confirm_paper_tree_009,9,n13,arc_challenge,translation,opus_en_de,4,300,1.0,0.0,1.0,0.0,1.0,0.0,0.0,300,4,0.013333333333333334,B,157,0.5233333333333333,1.0
confirm_paper_tree_009,9,n7,arc_challenge,summarization,cnn_dailymail,3,300,1.0,0.82,0.18000000000000005,0.0,0.16333333333333333,0.0033333333333333335,0.013333333333333334,300,271,0.9033333333333333,D.,9,0.03,112.81666666666666
confirm_paper_tree_009,9,n8,arc_challenge,classification,sst2,3,300,1.0,0.0,1.0,0.0,1.0,0.0,0.0,300,2,0.006666666666666667,0,206,0.6866666666666666,1.0
confirm_paper_tree_009,9,n9,arc_challenge,translation,opus_en_ja,3,300,0.69,0.04666666666666667,0.9533333333333334,0.31,0.46,0.18333333333333332,0.0,300,91,0.30333333333333334,<EMPTY>,93,0.31,5.96
confirm_paper_tree_009,9,n10,mmlu,classification,rte,3,300,1.0,0.0,1.0,0.0,1.0,0.0,0.0,300,7,0.023333333333333334,0,228,0.76,1.0066666666666666
confirm_paper_tree_009,9,n11,mmlu,classification,yelp_polarity,3,300,1.0,0.0,1.0,0.0,1.0,0.0,0.0,300,2,0.006666666666666667,0,297,0.99,1.0
confirm_paper_tree_009,9,n12,mmlu,summarization,bigpatent,4,300,1.0,0.0,1.0,0.0,1.0,0.0,0.0,300,4,0.013333333333333334,A,159,0.53,1.0
confirm_paper_tree_009,9,n13,mmlu,translation,opus_en_de,4,300,1.0,0.0,1.0,0.0,1.0,0.0,0.0,300,4,0.013333333333333334,B,172,0.5733333333333334,1.0
confirm_paper_tree_009,9,n7,mmlu,summarization,cnn_dailymail,3,300,1.0,0.6166666666666667,0.3833333333333333,0.0,0.3566666666666667,0.0033333333333333335,0.023333333333333334,300,230,0.7666666666666667,D.,25,0.08333333333333333,86.93
confirm_paper_tree_009,9,n8,mmlu,classification,sst2,3,300,1.0,0.0,1.0,0.0,1.0,0.0,0.0,300,2,0.006666666666666667,0,215,0.7166666666666667,1.0
confirm_paper_tree_009,9,n9,mmlu,translation,opus_en_ja,3,300,0.8133333333333334,0.023333333333333334,0.9766666666666667,0.18666666666666668,0.6066666666666667,0.18333333333333332,0.0,300,96,0.32,<EMPTY>,56,0.18666666666666668,4.586666666666667
confirm_paper_tree_009,9,n10,truthfulqa,classification,rte,3,300,1.0,0.0,1.0,0.0,0.9966666666666667,0.0033333333333333335,0.0,300,3,0.01,0,220,0.7333333333333333,1.0066666666666666
confirm_paper_tree_009,9,n11,truthfulqa,classification,yelp_polarity,3,300,1.0,0.0033333333333333335,0.9966666666666667,0.0,0.9633333333333334,0.03333333333333333,0.0,300,15,0.05,0,271,0.9033333333333333,1.28
confirm_paper_tree_009,9,n12,truthfulqa,summarization,bigpatent,4,300,1.0,0.0,1.0,0.0,1.0,0.0,0.0,300,4,0.013333333333333334,A,174,0.58,1.0
confirm_paper_tree_009,9,n13,truthfulqa,translation,opus_en_de,4,300,1.0,0.0,1.0,0.0,1.0,0.0,0.0,300,2,0.006666666666666667,B,152,0.5066666666666667,1.0
confirm_paper_tree_009,9,n7,truthfulqa,summarization,cnn_dailymail,3,300,1.0,0.9966666666666667,0.0033333333333332993,0.0,0.0,0.0,0.0033333333333333335,300,300,1.0,"'aliases': ['Food rations', 'Making food more costly', 'Making American food', 'Making foods', 'American diet', 'American food', 'American health issues', 'American",1,0.0033333333333333335,128.41333333333333
confirm_paper_tree_009,9,n8,truthfulqa,classification,sst2,3,300,1.0,0.0,1.0,0.0,1.0,0.0,0.0,300,2,0.006666666666666667,0,237,0.79,1.0
confirm_paper_tree_009,9,n9,truthfulqa,translation,opus_en_ja,3,300,0.19666666666666666,0.016666666666666666,0.9833333333333333,0.8033333333333333,0.04,0.14,0.0,300,33,0.11,<EMPTY>,241,0.8033333333333333,1.49
confirm_paper_tree_010,10,n10,hellaswag,translation,opus_en_es,3,300,1.0,0.9866666666666667,0.013333333333333308,0.0,0.0,0.013333333333333334,0.0,300,298,0.9933333333333333,[step],3,0.01,107.36
confirm_paper_tree_010,10,n11,hellaswag,summarization,samsum,4,300,1.0,0.5666666666666667,0.43333333333333335,0.0,0.14666666666666667,0.2866666666666667,0.0,300,194,0.6466666666666666,[step],68,0.22666666666666666,53.266666666666666
confirm_paper_tree_010,10,n12,hellaswag,classification,rte,4,300,1.0,0.0,1.0,0.0,1.0,0.0,0.0,300,2,0.006666666666666667,0,151,0.5033333333333333,1.0
confirm_paper_tree_010,10,n13,hellaswag,summarization,arxiv_summ,4,300,0.9966666666666667,0.5566666666666666,0.44333333333333336,0.0033333333333333335,0.4066666666666667,0.03,0.0033333333333333335,300,193,0.6433333333333333,0,47,0.15666666666666668,87.3
confirm_paper_tree_010,10,n7,hellaswag,translation,wmt14_en_de,3,300,0.9733333333333334,0.3466666666666667,0.6533333333333333,0.02666666666666667,0.52,0.10666666666666667,0.0,300,146,0.4866666666666667,0,99,0.33,25.513333333333332
confirm_paper_tree_010,10,n8,hellaswag,qa,squad,3,300,1.0,0.9933333333333333,0.00666666666666671,0.0,0.0,0.006666666666666667,0.0,300,300,1.0,"'answer_start': [61], 'text': ['failure']",1,0.0033333333333333335,57.16
confirm_paper_tree_010,10,n9,hellaswag,classification,yelp_polarity,3,300,0.9866666666666667,0.7833333333333333,0.21666666666666667,0.013333333333333334,0.13,0.07333333333333333,0.0,300,262,0.8733333333333333,0,29,0.09666666666666666,67.30333333333333
confirm_paper_tree_010,10,n10,arc_challenge,translation,opus_en_es,3,300,1.0,0.013333333333333334,0.9866666666666667,0.0,0.9733333333333334,0.013333333333333334,0.0,300,13,0.043333333333333335,B,104,0.3466666666666667,1.8
confirm_paper_tree_010,10,n11,arc_challenge,summarization,samsum,4,300,1.0,0.0,1.0,0.0,1.0,0.0,0.0,300,5,0.016666666666666666,A,162,0.54,1.0
confirm_paper_tree_010,10,n12,arc_challenge,classification,rte,4,300,1.0,0.0,1.0,0.0,1.0,0.0,0.0,300,2,0.006666666666666667,1,270,0.9,1.0
confirm_paper_tree_010,10,n13,arc_challenge,summarization,arxiv_summ,4,300,1.0,0.0,1.0,0.0,0.9966666666666667,0.0033333333333333335,0.0,300,10,0.03333333333333333,0,110,0.36666666666666664,1.0133333333333334
confirm_paper_tree_010,10,n7,arc_challenge,translation,wmt14_en_de,3,300,1.0,0.0,1.0,0.0,0.9966666666666667,0.0033333333333333335,0.0,300,11,0.03666666666666667,0,141,0.47,1.0033333333333334
confirm_paper_tree_010,10,n8,arc_challenge,qa,squad,3,300,1.0,0.9933333333333333,0.00666666666666671,0.0,0.0033333333333333335,0.0033333333333333335,0.0,300,227,0.7566666666666667,"'answer_start': [0], 'text': ['C']",7,0.023333333333333334,37.33
confirm_paper_tree_010,10,n9,arc_challenge,classification,yelp_polarity,3,300,0.9966666666666667,0.0033333333333333335,0.9966666666666667,0.0033333333333333335,0.9866666666666667,0.006666666666666667,0.0,300,14,0.04666666666666667,B,92,0.30666666666666664,1.1833333333333333
confirm_paper_tree_010,10,n10,mmlu,translation,opus_en_es,3,300,1.0,0.0,1.0,0.0,0.9966666666666667,0.0033333333333333335,0.0,300,7,0.023333333333333334,B,84,0.28,1.0066666666666666
confirm_paper_tree_010,10,n11,mmlu,summarization,samsum,4,300,1.0,0.0,1.0,0.0,1.0,0.0,0.0,300,4,0.013333333333333334,A,160,0.5333333333333333,1.0
confirm_paper_tree_010,10,n12,mmlu,classification,rte,4,300,1.0,0.0,1.0,0.0,1.0,0.0,0.0,300,2,0.006666666666666667,1,256,0.8533333333333334,1.0
confirm_paper_tree_010,10,n13,mmlu,summarization,arxiv_summ,4,300,1.0,0.0,1.0,0.0,1.0,0.0,0.0,300,8,0.02666666666666667,0,117,0.39,1.0
confirm_paper_tree_010,10,n7,mmlu,translation,wmt14_en_de,3,300,1.0,0.0,1.0,0.0,0.9933333333333333,0.006666666666666667,0.0,300,10,0.03333333333333333,0,137,0.45666666666666667,1.0
confirm_paper_tree_010,10,n8,mmlu,qa,squad,3,300,1.0,0.9933333333333333,0.00666666666666671,0.0,0.0033333333333333335,0.0033333333333333335,0.0,300,246,0.82,"'answer_start': [0], 'text': ['A']",5,0.016666666666666666,36.18333333333333
confirm_paper_tree_010,10,n9,mmlu,classification,yelp_polarity,3,300,0.99,0.0,1.0,0.01,0.97,0.02,0.0,300,12,0.04,0,104,0.3466666666666667,0.9933333333333333
confirm_paper_tree_010,10,n10,truthfulqa,translation,opus_en_es,3,300,1.0,0.4766666666666667,0.5233333333333333,0.0,0.05333333333333334,0.47,0.0,300,284,0.9466666666666667,English,5,0.016666666666666666,30.366666666666667
confirm_paper_tree_010,10,n11,truthfulqa,summarization,samsum,4,300,1.0,0.0,1.0,0.0,1.0,0.0,0.0,300,4,0.013333333333333334,A,179,0.5966666666666667,1.0
confirm_paper_tree_010,10,n12,truthfulqa,classification,rte,4,300,1.0,0.0,1.0,0.0,1.0,0.0,0.0,300,2,0.006666666666666667,1,294,0.98,1.0
confirm_paper_tree_010,10,n13,truthfulqa,summarization,arxiv_summ,4,300,1.0,0.0,1.0,0.0,0.9966666666666667,0.0033333333333333335,0.0,300,9,0.03,1,148,0.49333333333333335,1.0066666666666666
confirm_paper_tree_010,10,n7,truthfulqa,translation,wmt14_en_de,3,300,0.9966666666666667,0.0,1.0,0.0033333333333333335,0.99,0.006666666666666667,0.0,300,11,0.03666666666666667,1,167,0.5566666666666666,1.0633333333333332
confirm_paper_tree_010,10,n8,truthfulqa,qa,squad,3,300,1.0,0.97,0.030000000000000027,0.0,0.02,0.01,0.0,300,294,0.98,1,4,0.013333333333333334,44.346666666666664
confirm_paper_tree_010,10,n9,truthfulqa,classification,yelp_polarity,3,300,0.9766666666666667,0.32,0.6799999999999999,0.023333333333333334,0.1,0.5566666666666666,0.0,300,272,0.9066666666666666,<EMPTY>,7,0.023333333333333334,21.46
confirm_paper_tree_011,11,n0,hellaswag,classification,cola,1,300,0.9966666666666667,0.43666666666666665,0.5633333333333334,0.0033333333333333335,0.4166666666666667,0.14333333333333334,0.0,300,179,0.5966666666666667,0,64,0.21333333333333335,41.07333333333333
confirm_paper_tree_011,11,n10,hellaswag,classification,ag_news,3,300,1.0,0.24333333333333335,0.7566666666666666,0.0,0.75,0.006666666666666667,0.0,300,79,0.2633333333333333,3,112,0.37333333333333335,12.47
confirm_paper_tree_011,11,n11,hellaswag,classification,sst2,3,300,0.9866666666666667,0.12,0.88,0.013333333333333334,0.85,0.016666666666666666,0.0,300,56,0.18666666666666668,0,147,0.49,7.51
confirm_paper_tree_011,11,n12,hellaswag,translation,wmt14_en_fr,3,300,0.99,0.6966666666666667,0.30333333333333334,0.01,0.13,0.16333333333333333,0.0,300,264,0.88,0,12,0.04,61.82
confirm_paper_tree_011,11,n13,hellaswag,classification,yelp_polarity,4,300,1.0,0.3,0.7,0.0,0.6866666666666666,0.013333333333333334,0.0,300,103,0.3433333333333333,0,111,0.37,26.97
confirm_paper_tree_011,11,n3,hellaswag,summarization,pubmed,2,300,1.0,0.9933333333333333,0.00666666666666671,0.0,0.0033333333333333335,0.0033333333333333335,0.0,300,300,1.0,"[a] The aim of a physical exam is to identify brain or spinal cord abnormalities. If the physical exam occurs unavoidably, you should seek treatment early. It can be a challenge to diagnose delays without taking your baby to the clinic. If your child has a severe brain or spinal cord",1,0.0033333333333333335,180.3
confirm_paper_tree_011,11,n4,hellaswag,classification,mnli,2,300,1.0,0.24,0.76,0.0,0.7566666666666667,0.0033333333333333335,0.0,300,79,0.2633333333333333,0,97,0.3233333333333333,13.363333333333333
confirm_paper_tree_011,11,n7,hellaswag,translation,opus_en_de,2,300,1.0,0.8766666666666667,0.1233333333333333,0.0,0.06666666666666667,0.056666666666666664,0.0,300,283,0.9433333333333334,0,8,0.02666666666666667,83.03333333333333
confirm_paper_tree_011,11,n0,arc_challenge,classification,cola,1,300,1.0,0.0,1.0,0.0,0.9933333333333333,0.006666666666666667,0.0,300,9,0.03,1,129,0.43,1.0066666666666666
confirm_paper_tree_011,11,n10,arc_challenge,classification,ag_news,3,300,1.0,0.0,1.0,0.0,1.0,0.0,0.0,300,5,0.016666666666666666,3,150,0.5,1.0
confirm_paper_tree_011,11,n11,arc_challenge,classification,sst2,3,300,1.0,0.0,1.0,0.0,1.0,0.0,0.0,300,6,0.02,0,167,0.5566666666666666,1.0
confirm_paper_tree_011,11,n12,arc_challenge,translation,wmt14_en_fr,3,300,1.0,0.01,0.99,0.0,0.99,0.0,0.0,300,8,0.02666666666666667,B,95,0.31666666666666665,1.5233333333333334
confirm_paper_tree_011,11,n13,arc_challenge,classification,yelp_polarity,4,300,1.0,0.0033333333333333335,0.9966666666666667,0.0,0.9966666666666667,0.0,0.0,300,7,0.023333333333333334,0,210,0.7,1.6
confirm_paper_tree_011,11,n3,arc_challenge,summarization,pubmed,2,300,1.0,0.18333333333333332,0.8166666666666667,0.0,0.8,0.016666666666666666,0.0,300,69,0.23,A,84,0.28,34.01
confirm_paper_tree_011,11,n4,arc_challenge,classification,mnli,2,300,1.0,0.0,1.0,0.0,0.9966666666666667,0.0033333333333333335,0.0,300,11,0.03666666666666667,1,101,0.33666666666666667,1.0166666666666666
confirm_paper_tree_011,11,n7,arc_challenge,translation,opus_en_de,2,300,1.0,0.0,1.0,0.0,1.0,0.0,0.0,300,8,0.02666666666666667,A,122,0.4066666666666667,1.0
confirm_paper_tree_011,11,n0,mmlu,classification,cola,1,300,1.0,0.0,1.0,0.0,1.0,0.0,0.0,300,10,0.03333333333333333,1,148,0.49333333333333335,1.0
confirm_paper_tree_011,11,n10,mmlu,classification,ag_news,3,300,1.0,0.0,1.0,0.0,1.0,0.0,0.0,300,5,0.016666666666666666,3,110,0.36666666666666664,1.0
confirm_paper_tree_011,11,n11,mmlu,classification,sst2,3,300,1.0,0.0,1.0,0.0,1.0,0.0,0.0,300,5,0.016666666666666666,0,200,0.6666666666666666,1.0
confirm_paper_tree_011,11,n12,mmlu,translation,wmt14_en_fr,3,300,1.0,0.0,1.0,0.0,1.0,0.0,0.0,300,6,0.02,C,101,0.33666666666666667,1.0
confirm_paper_tree_011,11,n13,mmlu,classification,yelp_polarity,4,300,1.0,0.0,1.0,0.0,0.9933333333333333,0.006666666666666667,0.0,300,11,0.03666666666666667,0,217,0.7233333333333334,1.0266666666666666
confirm_paper_tree_011,11,n3,mmlu,summarization,pubmed,2,300,1.0,0.18,0.8200000000000001,0.0,0.8133333333333334,0.006666666666666667,0.0,300,66,0.22,A,77,0.25666666666666665,37.903333333333336
confirm_paper_tree_011,11,n4,mmlu,classification,mnli,2,300,0.9966666666666667,0.0,1.0,0.0033333333333333335,0.9966666666666667,0.0,0.0,300,9,0.03,1,127,0.42333333333333334,0.9966666666666667
confirm_paper_tree_011,11,n7,mmlu,translation,opus_en_de,2,300,1.0,0.0,1.0,0.0,1.0,0.0,0.0,300,8,0.02666666666666667,A,106,0.35333333333333333,1.0
confirm_paper_tree_011,11,n0,truthfulqa,classification,cola,1,300,0.9966666666666667,0.02666666666666667,0.9733333333333334,0.0033333333333333335,0.76,0.21,0.0,300,85,0.2833333333333333,0,140,0.4666666666666667,3.73
confirm_paper_tree_011,11,n10,truthfulqa,classification,ag_news,3,300,1.0,0.0,1.0,0.0,0.97,0.03,0.0,300,18,0.06,2,104,0.3466666666666667,1.2366666666666666
confirm_paper_tree_011,11,n11,truthfulqa,classification,sst2,3,300,1.0,0.0,1.0,0.0,0.9933333333333333,0.006666666666666667,0.0,300,6,0.02,0,150,0.5,1.01
confirm_paper_tree_011,11,n12,truthfulqa,translation,wmt14_en_fr,3,300,1.0,0.08333333333333333,0.9166666666666666,0.0,0.7966666666666666,0.12,0.0,300,91,0.30333333333333334,0,117,0.39,5.44
confirm_paper_tree_011,11,n13,truthfulqa,classification,yelp_polarity,4,300,1.0,0.28,0.72,0.0,0.5933333333333334,0.12666666666666668,0.0,300,130,0.43333333333333335,0,121,0.4033333333333333,31.256666666666668
confirm_paper_tree_011,11,n3,truthfulqa,summarization,pubmed,2,300,1.0,0.7766666666666666,0.22333333333333338,0.0,0.02,0.20333333333333334,0.0,300,294,0.98,English,3,0.01,133.64666666666668
confirm_paper_tree_011,11,n4,truthfulqa,classification,mnli,2,300,0.9933333333333333,0.0033333333333333335,0.9966666666666667,0.006666666666666667,0.9066666666666666,0.08333333333333333,0.0,300,36,0.12,1,111,0.37,1.87
confirm_paper_tree_011,11,n7,truthfulqa,translation,opus_en_de,2,300,0.9966666666666667,0.03666666666666667,0.9633333333333334,0.0033333333333333335,0.82,0.14,0.0,300,77,0.25666666666666665,0,113,0.37666666666666665,3.736666666666667
confirm_paper_tree_012,12,n10,hellaswag,qa,quartz,4,300,1.0,0.006666666666666667,0.9933333333333333,0.0,0.99,0.0033333333333333335,0.0,300,6,0.02,A,213,0.71,1.3466666666666667
confirm_paper_tree_012,12,n11,hellaswag,summarization,samsum,4,300,1.0,0.9933333333333333,0.00666666666666671,0.0,0.0,0.006666666666666667,0.0,300,300,1.0,"Be sure to have at least 1-2 days to talk to the doctor or be prepared to let them know. If the delay seems permanent, they can stop working without you asking.",1,0.0033333333333333335,123.18666666666667
confirm_paper_tree_012,12,n12,hellaswag,classification,yelp_polarity,4,300,0.9966666666666667,0.9733333333333334,0.026666666666666616,0.0033333333333333335,0.013333333333333334,0.01,0.0,300,300,1.0,"Be aware that developmental delays may appear in the form of delays such as delays occurring in the brain, muscle and nerves. Your doctor can be notified of the severity of your child's physical problems through a referral to your doctor.",1,0.0033333333333333335,82.7
confirm_paper_tree_012,12,n13,hellaswag,summarization,dialogsum,4,300,0.9866666666666667,0.93,0.06999999999999995,0.013333333333333334,0.0,0.056666666666666664,0.0,300,296,0.9866666666666667,<EMPTY>,4,0.013333333333333334,81.24
confirm_paper_tree_012,12,n5,hellaswag,classification,qnli,3,300,0.9966666666666667,0.12666666666666668,0.8733333333333333,0.0033333333333333335,0.8366666666666667,0.03333333333333333,0.0,300,55,0.18333333333333332,0,206,0.6866666666666666,11.62
confirm_paper_tree_012,12,n6,hellaswag,translation,wmt14_en_fr,3,300,1.0,0.9466666666666667,0.053333333333333344,0.0,0.0,0.05333333333333334,0.0,300,297,0.99,[header],3,0.01,106.29
confirm_paper_tree_012,12,n7,hellaswag,classification,cola,3,300,0.9833333333333333,0.57,0.43000000000000005,0.016666666666666666,0.34,0.07333333333333333,0.0,300,209,0.6966666666666667,0,44,0.14666666666666667,50.56
confirm_paper_tree_012,12,n8,hellaswag,qa,arc_easy,4,300,1.0,1.0,0.0,0.0,0.0,0.0,0.0,300,300,1.0,"Be aware that developmental delays can appear in any area , such as the baby's head . Your baby’s parents may also be able to help you identify any delays if a baby is identified .",1,0.0033333333333333335,118.02666666666667
confirm_paper_tree_012,12,n9,hellaswag,translation,opus_en_zh,4,300,1.0,0.9566666666666667,0.043333333333333335,0.0,0.006666666666666667,0.03333333333333333,0.0033333333333333335,300,299,0.9966666666666667,[],2,0.006666666666666667,124.71
confirm_paper_tree_012,12,n10,arc_challenge,qa,quartz,4,300,1.0,0.0,1.0,0.0,1.0,0.0,0.0,300,3,0.01,B,154,0.5133333333333333,1.0
confirm_paper_tree_012,12,n11,arc_challenge,summarization,samsum,4,300,1.0,0.02666666666666667,0.9733333333333334,0.0,0.96,0.013333333333333334,0.0,300,17,0.056666666666666664,B,75,0.25,2.966666666666667
confirm_paper_tree_012,12,n12,arc_challenge,classification,yelp_polarity,4,300,0.9933333333333333,0.03,0.97,0.006666666666666667,0.8566666666666667,0.10666666666666667,0.0,300,44,0.14666666666666667,0,126,0.42,2.566666666666667
confirm_paper_tree_012,12,n13,arc_challenge,summarization,dialogsum,4,300,1.0,0.06,0.94,0.0,0.88,0.06,0.0,300,43,0.14333333333333334,B,93,0.31,6.903333333333333
confirm_paper_tree_012,12,n5,arc_challenge,classification,qnli,3,300,1.0,0.0,1.0,0.0,1.0,0.0,0.0,300,2,0.006666666666666667,0,192,0.64,1.0
confirm_paper_tree_012,12,n6,arc_challenge,translation,wmt14_en_fr,3,300,1.0,0.02,0.98,0.0,0.9666666666666667,0.013333333333333334,0.0,300,13,0.043333333333333335,C,105,0.35,2.2
confirm_paper_tree_012,12,n7,arc_challenge,classification,cola,3,300,1.0,0.0,1.0,0.0,1.0,0.0,0.0,300,7,0.023333333333333334,0,123,0.41,1.0
confirm_paper_tree_012,12,n8,arc_challenge,qa,arc_easy,4,300,1.0,0.013333333333333334,0.9866666666666667,0.0,0.9866666666666667,0.0,0.0,300,12,0.04,D,102,0.34,1.6866666666666668
confirm_paper_tree_012,12,n9,arc_challenge,translation,opus_en_zh,4,300,0.9766666666666667,0.016666666666666666,0.9833333333333333,0.023333333333333334,0.9533333333333334,0.006666666666666667,0.0,300,18,0.06,C,89,0.2966666666666667,2.48
confirm_paper_tree_012,12,n10,mmlu,qa,quartz,4,300,1.0,0.0,1.0,0.0,1.0,0.0,0.0,300,4,0.013333333333333334,B,155,0.5166666666666667,1.0
confirm_paper_tree_012,12,n11,mmlu,summarization,samsum,4,300,1.0,0.02,0.98,0.0,0.98,0.0,0.0,300,13,0.043333333333333335,B,81,0.27,3.12
confirm_paper_tree_012,12,n12,mmlu,classification,yelp_polarity,4,300,0.9933333333333333,0.013333333333333334,0.9866666666666667,0.006666666666666667,0.91,0.07,0.0,300,34,0.11333333333333333,0,162,0.54,2.453333333333333
confirm_paper_tree_012,12,n13,mmlu,summarization,dialogsum,4,300,1.0,0.06,0.94,0.0,0.9033333333333333,0.03666666666666667,0.0,300,41,0.13666666666666666,B,73,0.24333333333333335,6.996666666666667
confirm_paper_tree_012,12,n5,mmlu,classification,qnli,3,300,1.0,0.0,1.0,0.0,1.0,0.0,0.0,300,5,0.016666666666666666,0,204,0.68,1.0
confirm_paper_tree_012,12,n6,mmlu,translation,wmt14_en_fr,3,300,1.0,0.0,1.0,0.0,1.0,0.0,0.0,300,6,0.02,C,121,0.4033333333333333,1.0066666666666666
confirm_paper_tree_012,12,n7,mmlu,classification,cola,3,300,1.0,0.0,1.0,0.0,0.9933333333333333,0.006666666666666667,0.0,300,14,0.04666666666666667,1,128,0.4266666666666667,1.06
confirm_paper_tree_012,12,n8,mmlu,qa,arc_easy,4,300,1.0,0.0,1.0,0.0,1.0,0.0,0.0,300,4,0.013333333333333334,B,92,0.30666666666666664,1.0
confirm_paper_tree_012,12,n9,mmlu,translation,opus_en_zh,4,300,1.0,0.013333333333333334,0.9866666666666667,0.0,0.9833333333333333,0.0033333333333333335,0.0,300,16,0.05333333333333334,D,84,0.28,2.11
confirm_paper_tree_012,12,n10,truthfulqa,qa,quartz,4,300,1.0,0.0,1.0,0.0,0.9966666666666667,0.0033333333333333335,0.0,300,3,0.01,A,154,0.5133333333333333,1.0
confirm_paper_tree_012,12,n11,truthfulqa,summarization,samsum,4,300,0.9966666666666667,0.57,0.43000000000000005,0.0033333333333333335,0.023333333333333334,0.4033333333333333,0.0,300,296,0.9866666666666667,Ulstermen,3,0.01,34.54333333333334
confirm_paper_tree_012,12,n12,truthfulqa,classification,yelp_polarity,4,300,1.0,0.15333333333333332,0.8466666666666667,0.0,0.18666666666666668,0.66,0.0,300,241,0.8033333333333333,no,34,0.11333333333333333,10.636666666666667
confirm_paper_tree_012,12,n13,truthfulqa,summarization,dialogsum,4,300,1.0,0.23,0.77,0.0,0.12333333333333334,0.6466666666666666,0.0,300,257,0.8566666666666667,no,21,0.07,14.513333333333334
confirm_paper_tree_012,12,n5,truthfulqa,classification,qnli,3,300,1.0,0.0,1.0,0.0,1.0,0.0,0.0,300,6,0.02,1,246,0.82,1.0033333333333334
confirm_paper_tree_012,12,n6,truthfulqa,translation,wmt14_en_fr,3,300,0.9966666666666667,0.43333333333333335,0.5666666666666667,0.0033333333333333335,0.056666666666666664,0.5066666666666667,0.0,300,285,0.95,no,6,0.02,25.21
confirm_paper_tree_012,12,n7,truthfulqa,classification,cola,3,300,0.97,0.006666666666666667,0.9933333333333333,0.03,0.77,0.19333333333333333,0.0,300,67,0.22333333333333333,0,133,0.44333333333333336,2.283333333333333
confirm_paper_tree_012,12,n8,truthfulqa,qa,arc_easy,4,300,0.9966666666666667,0.4166666666666667,0.5833333333333333,0.0033333333333333335,0.11,0.47,0.0,300,280,0.9333333333333333,no,8,0.02666666666666667,24.996666666666666
confirm_paper_tree_012,12,n9,truthfulqa,translation,opus_en_zh,4,300,0.9466666666666667,0.4266666666666667,0.5733333333333333,0.05333333333333334,0.08,0.44,0.0,300,272,0.9066666666666666,<EMPTY>,16,0.05333333333333334,28.173333333333332
confirm_paper_tree_013,13,n10,hellaswag,qa,trivia_qa,3,300,0.9966666666666667,0.96,0.040000000000000036,0.0033333333333333335,0.0,0.02,0.016666666666666666,300,300,1.0,"'aliases': ['Is your child still struggling with your physical health?', 'My child still struggling with his physical', 'My child seems to be experiencing a physical issue', 'My child was having a physical issue', 'I feel sad",1,0.0033333333333333335,114.41
confirm_paper_tree_013,13,n11,hellaswag,qa,arc_challenge,3,300,0.99,0.78,0.21999999999999997,0.01,0.07333333333333333,0.13666666666666666,0.0,300,273,0.91,[step],11,0.03666666666666667,65.46666666666667
confirm_paper_tree_013,13,n12,hellaswag,qa,sciq,3,300,0.9766666666666667,0.77,0.22999999999999998,0.023333333333333334,0.03,0.17333333333333334,0.0033333333333333335,300,277,0.9233333333333333,[step],10,0.03333333333333333,58.54
confirm_paper_tree_013,13,n13,hellaswag,translation,opus_en_es,3,300,0.9833333333333333,0.44666666666666666,0.5533333333333333,0.016666666666666666,0.12666666666666668,0.41,0.0,300,181,0.6033333333333334,[step],70,0.23333333333333334,31.94
confirm_paper_tree_013,13,n2,hellaswag,summarization,billsum,1,300,1.0,1.0,0.0,0.0,0.0,0.0,0.0,300,300,1.0,"Be sure to consult with your doctor with regard to all delays such as delays occurring in the brain, spine, hands, or feet. Have your doctor refer your infant to a medical provider for a full evaluation following your pediatric visit to the doctor (a medical practitioner).",1,0.0033333333333333335,148.93333333333334
confirm_paper_tree_013,13,n5,hellaswag,qa,boolq,2,300,1.0,0.8033333333333333,0.19666666666666666,0.0,0.15666666666666668,0.04,0.0,300,262,0.8733333333333333,True,31,0.10333333333333333,71.49
confirm_paper_tree_013,13,n6,hellaswag,classification,ag_news,2,300,0.99,0.33,0.6699999999999999,0.01,0.6366666666666667,0.023333333333333334,0.0,300,113,0.37666666666666665,0,80,0.26666666666666666,18.873333333333335
confirm_paper_tree_013,13,n8,hellaswag,translation,opus_en_it,2,300,1.0,0.5466666666666666,0.45333333333333337,0.0,0.26666666666666666,0.18666666666666668,0.0,300,212,0.7066666666666667,0,55,0.18333333333333332,42.54
confirm_paper_tree_013,13,n9,hellaswag,qa,quartz,2,300,1.0,0.0033333333333333335,0.9966666666666667,0.0,0.9966666666666667,0.0,0.0,300,3,0.01,A,185,0.6166666666666667,1.14
confirm_paper_tree_013,13,n10,arc_challenge,qa,trivia_qa,3,300,1.0,0.9433333333333334,0.05666666666666664,0.0,0.006666666666666667,0.0033333333333333335,0.04666666666666667,300,300,1.0,"'aliases': ['The temperature in November', 'Fruits', 'Ice-sleeping temperature', 'Ice heat', 'The Temperature in November', 'The Temperature in November', 'Intermitten",1,0.0033333333333333335,132.85666666666665
confirm_paper_tree_013,13,n11,arc_challenge,qa,arc_challenge,3,300,1.0,0.01,0.99,0.0,0.98,0.01,0.0,300,8,0.02666666666666667,C,85,0.2833333333333333,1.62
confirm_paper_tree_013,13,n12,arc_challenge,qa,sciq,3,300,1.0,0.07,0.9299999999999999,0.0,0.76,0.17,0.0,300,83,0.27666666666666667,D,64,0.21333333333333335,5.026666666666666
confirm_paper_tree_013,13,n13,arc_challenge,translation,opus_en_es,3,300,1.0,0.0,1.0,0.0,0.9866666666666667,0.013333333333333334,0.0,300,14,0.04666666666666667,B,95,0.31666666666666665,1.0033333333333334
confirm_paper_tree_013,13,n2,arc_challenge,summarization,billsum,1,300,1.0,0.09,0.91,0.0,0.8933333333333333,0.016666666666666666,0.0,300,39,0.13,B,84,0.28,11.95
confirm_paper_tree_013,13,n5,arc_challenge,qa,boolq,2,300,1.0,0.0,1.0,0.0,0.9933333333333333,0.006666666666666667,0.0,300,12,0.04,A,75,0.25,1.6333333333333333
confirm_paper_tree_013,13,n6,arc_challenge,classification,ag_news,2,300,1.0,0.0,1.0,0.0,0.9933333333333333,0.006666666666666667,0.0,300,11,0.03666666666666667,3,167,0.5566666666666666,1.0266666666666666
confirm_paper_tree_013,13,n8,arc_challenge,translation,opus_en_it,2,300,1.0,0.0,1.0,0.0,1.0,0.0,0.0,300,9,0.03,A,94,0.31333333333333335,1.0033333333333334
confirm_paper_tree_013,13,n9,arc_challenge,qa,quartz,2,300,1.0,0.0,1.0,0.0,1.0,0.0,0.0,300,3,0.01,A,151,0.5033333333333333,1.0
confirm_paper_tree_013,13,n10,mmlu,qa,trivia_qa,3,300,1.0,0.8333333333333334,0.16666666666666663,0.0,0.1,0.01,0.056666666666666664,300,280,0.9333333333333333,D.,6,0.02,120.17333333333333
confirm_paper_tree_013,13,n11,mmlu,qa,arc_challenge,3,300,1.0,0.0,1.0,0.0,1.0,0.0,0.0,300,5,0.016666666666666666,C,96,0.32,1.0
confirm_paper_tree_013,13,n12,mmlu,qa,sciq,3,300,1.0,0.03333333333333333,0.9666666666666667,0.0,0.79,0.17666666666666667,0.0,300,66,0.22,D,73,0.24333333333333335,4.046666666666667
confirm_paper_tree_013,13,n13,mmlu,translation,opus_en_es,3,300,0.9933333333333333,0.0,1.0,0.006666666666666667,0.9933333333333333,0.0,0.0,300,11,0.03666666666666667,A,88,0.29333333333333333,1.0033333333333334
confirm_paper_tree_013,13,n2,mmlu,summarization,billsum,1,300,1.0,0.11333333333333333,0.8866666666666667,0.0,0.8533333333333334,0.03333333333333333,0.0,300,56,0.18666666666666668,D,69,0.23,17.273333333333333
confirm_paper_tree_013,13,n5,mmlu,qa,boolq,2,300,1.0,0.0,1.0,0.0,0.9833333333333333,0.016666666666666666,0.0,300,14,0.04666666666666667,A,74,0.24666666666666667,1.8033333333333332
confirm_paper_tree_013,13,n6,mmlu,classification,ag_news,2,300,0.9966666666666667,0.0,1.0,0.0033333333333333335,0.9966666666666667,0.0,0.0,300,9,0.03,3,142,0.47333333333333333,0.9966666666666667
confirm_paper_tree_013,13,n8,mmlu,translation,opus_en_it,2,300,1.0,0.0,1.0,0.0,1.0,0.0,0.0,300,8,0.02666666666666667,A,104,0.3466666666666667,1.0066666666666666
confirm_paper_tree_013,13,n9,mmlu,qa,quartz,2,300,1.0,0.0,1.0,0.0,1.0,0.0,0.0,300,3,0.01,B,162,0.54,1.0
confirm_paper_tree_013,13,n10,truthfulqa,qa,trivia_qa,3,300,1.0,0.9933333333333333,0.00666666666666671,0.0,0.0,0.0,0.006666666666666667,300,300,1.0,"'aliases': ['Food rations', 'Forest', 'Forest', 'Forest Farmers', 'Forest', '', 'Forest', 'The Field Factors (inference)',",1,0.0033333333333333335,124.33666666666667
confirm_paper_tree_013,13,n11,truthfulqa,qa,arc_challenge,3,300,0.9966666666666667,0.25,0.75,0.0033333333333333335,0.25,0.49666666666666665,0.0,300,244,0.8133333333333334,no,19,0.06333333333333334,14.81
confirm_paper_tree_013,13,n12,truthfulqa,qa,sciq,3,300,0.9966666666666667,0.16,0.84,0.0033333333333333335,0.15666666666666668,0.68,0.0,300,250,0.8333333333333334,no,30,0.1,11.963333333333333
confirm_paper_tree_013,13,n13,truthfulqa,translation,opus_en_es,3,300,0.9966666666666667,0.2,0.8,0.0033333333333333335,0.22333333333333333,0.5733333333333334,0.0,300,245,0.8166666666666667,0,17,0.056666666666666664,14.49
confirm_paper_tree_013,13,n2,truthfulqa,summarization,billsum,1,300,1.0,0.4166666666666667,0.5833333333333333,0.0,0.06666666666666667,0.5166666666666667,0.0,300,278,0.9266666666666666,no,10,0.03333333333333333,34.35
confirm_paper_tree_013,13,n5,truthfulqa,qa,boolq,2,300,1.0,0.01,0.99,0.0,0.9166666666666666,0.07333333333333333,0.0,300,31,0.10333333333333333,False,178,0.5933333333333334,5.33
confirm_paper_tree_013,13,n6,truthfulqa,classification,ag_news,2,300,0.9966666666666667,0.04,0.96,0.0033333333333333335,0.5366666666666666,0.42,0.0,300,143,0.4766666666666667,0,98,0.32666666666666666,5.37
confirm_paper_tree_013,13,n8,truthfulqa,translation,opus_en_it,2,300,0.99,0.21333333333333335,0.7866666666666666,0.01,0.2633333333333333,0.5133333333333333,0.0,300,233,0.7766666666666666,0,29,0.09666666666666666,14.343333333333334
confirm_paper_tree_013,13,n9,truthfulqa,qa,quartz,2,300,1.0,0.0,1.0,0.0,1.0,0.0,0.0,300,2,0.006666666666666667,B,153,0.51,1.0
confirm_paper_tree_014,14,n10,hellaswag,summarization,pubmed,4,300,1.0,1.0,0.0,0.0,0.0,0.0,0.0,300,300,1.0,Be aware that developmental delays can appear in any area such as the brain or brain. You can check with your pediatrician if your child is a developmental retarded or overweight child or a child who is physically retarded. Seek medical assistance to correct developmental delays if your child is in,1,0.0033333333333333335,189.74666666666667
confirm_paper_tree_014,14,n11,hellaswag,translation,opus_en_de,4,300,1.0,0.9866666666666667,0.013333333333333308,0.0,0.0,0.013333333333333334,0.0,300,299,0.9966666666666667,[step],2,0.006666666666666667,107.39333333333333
confirm_paper_tree_014,14,n12,hellaswag,classification,mnli,4,300,0.97,0.34,0.6599999999999999,0.03,0.5933333333333334,0.03666666666666667,0.0,300,128,0.4266666666666667,0,96,0.32,20.576666666666668
confirm_paper_tree_014,14,n13,hellaswag,qa,quartz,4,300,1.0,0.04666666666666667,0.9533333333333334,0.0,0.9266666666666666,0.02666666666666667,0.0,300,25,0.08333333333333333,A,166,0.5533333333333333,3.48
confirm_paper_tree_014,14,n4,hellaswag,summarization,billsum,3,300,1.0,0.9966666666666667,0.0033333333333332993,0.0,0.0,0.0033333333333333335,0.0,300,300,1.0,"Treatment measures to be taken include : physical therapy Help your child develop a strong leg so his legs work better than they normally do. Make sure your child feels comfortable, and they get the attention they need.",1,0.0033333333333333335,139.82333333333332
confirm_paper_tree_014,14,n6,hellaswag,classification,yelp_polarity,3,300,0.9966666666666667,0.9166666666666666,0.08333333333333337,0.0033333333333333335,0.056666666666666664,0.023333333333333334,0.0,300,286,0.9533333333333334,0,8,0.02666666666666667,112.09333333333333
confirm_paper_tree_014,14,n8,hellaswag,summarization,arxiv_summ,3,300,0.9966666666666667,0.9933333333333333,0.00666666666666671,0.0033333333333333335,0.0,0.0033333333333333335,0.0,300,300,1.0,"Be aware that developmental delays may appear in any area such as a fingernail, eye, or hands. While many parents worry about the physical development of their child, they also believe a baby may be likely to have problems and is unattractive. Using a baby's doctor to",1,0.0033333333333333335,176.76666666666668
confirm_paper_tree_014,14,n9,hellaswag,classification,sst2,4,300,0.98,0.6466666666666666,0.3533333333333334,0.02,0.29,0.043333333333333335,0.0,300,216,0.72,0,43,0.14333333333333334,46.92333333333333
confirm_paper_tree_014,14,n10,arc_challenge,summarization,pubmed,4,300,1.0,0.83,0.17000000000000004,0.0,0.16333333333333333,0.006666666666666667,0.0,300,254,0.8466666666666667,B,27,0.09,164.40333333333334
confirm_paper_tree_014,14,n11,arc_challenge,translation,opus_en_de,4,300,1.0,0.02666666666666667,0.9733333333333334,0.0,0.9633333333333334,0.01,0.0,300,15,0.05,B,92,0.30666666666666664,3.1233333333333335
confirm_paper_tree_014,14,n12,arc_challenge,classification,mnli,4,300,1.0,0.0,1.0,0.0,0.9933333333333333,0.006666666666666667,0.0,300,10,0.03333333333333333,B,131,0.43666666666666665,1.0
confirm_paper_tree_014,14,n13,arc_challenge,qa,quartz,4,300,1.0,0.0,1.0,0.0,0.9966666666666667,0.0033333333333333335,0.0,300,4,0.013333333333333334,B,163,0.5433333333333333,1.0
confirm_paper_tree_014,14,n4,arc_challenge,summarization,billsum,3,300,0.9966666666666667,0.12333333333333334,0.8766666666666667,0.0033333333333333335,0.86,0.013333333333333334,0.0,300,53,0.17666666666666667,B,94,0.31333333333333335,19.143333333333334
confirm_paper_tree_014,14,n6,arc_challenge,classification,yelp_polarity,3,300,1.0,0.0,1.0,0.0,0.9933333333333333,0.006666666666666667,0.0,300,13,0.043333333333333335,B,84,0.28,1.0133333333333334
confirm_paper_tree_014,14,n8,arc_challenge,summarization,arxiv_summ,3,300,1.0,0.8466666666666667,0.15333333333333332,0.0,0.14,0.013333333333333334,0.0,300,264,0.88,D,8,0.02666666666666667,129.13666666666666
confirm_paper_tree_014,14,n9,arc_challenge,classification,sst2,4,300,0.9966666666666667,0.0,1.0,0.0033333333333333335,0.9933333333333333,0.0033333333333333335,0.0,300,12,0.04,0,153,0.51,1.0133333333333334
confirm_paper_tree_014,14,n10,mmlu,summarization,pubmed,4,300,1.0,0.8166666666666667,0.18333333333333335,0.0,0.18,0.0033333333333333335,0.0,300,259,0.8633333333333333,D,18,0.06,175.05
confirm_paper_tree_014,14,n11,mmlu,translation,opus_en_de,4,300,1.0,0.013333333333333334,0.9866666666666667,0.0,0.9833333333333333,0.0033333333333333335,0.0,300,10,0.03333333333333333,B,86,0.2866666666666667,2.3666666666666667
confirm_paper_tree_014,14,n12,mmlu,classification,mnli,4,300,1.0,0.0,1.0,0.0,0.9966666666666667,0.0033333333333333335,0.0,300,9,0.03,B,107,0.3566666666666667,1.0233333333333334
confirm_paper_tree_014,14,n13,mmlu,qa,quartz,4,300,1.0,0.0,1.0,0.0,1.0,0.0,0.0,300,3,0.01,B,154,0.5133333333333333,1.0
confirm_paper_tree_014,14,n4,mmlu,summarization,billsum,3,300,1.0,0.17,0.83,0.0,0.8133333333333334,0.016666666666666666,0.0,300,69,0.23,B,72,0.24,32.92666666666667
confirm_paper_tree_014,14,n6,mmlu,classification,yelp_polarity,3,300,1.0,0.0,1.0,0.0,0.9933333333333333,0.006666666666666667,0.0,300,12,0.04,A,68,0.22666666666666666,1.0033333333333334
confirm_paper_tree_014,14,n8,mmlu,summarization,arxiv_summ,3,300,1.0,0.8533333333333334,0.1466666666666666,0.0,0.13666666666666666,0.01,0.0,300,270,0.9,D.,8,0.02666666666666667,162.17333333333335
confirm_paper_tree_014,14,n9,mmlu,classification,sst2,4,300,1.0,0.0033333333333333335,0.9966666666666667,0.0,0.99,0.006666666666666667,0.0,300,13,0.043333333333333335,0,173,0.5766666666666667,1.2266666666666666
confirm_paper_tree_014,14,n10,truthfulqa,summarization,pubmed,4,300,1.0,0.8533333333333334,0.1466666666666666,0.0,0.0,0.14666666666666667,0.0,300,298,0.9933333333333333,Elvis,2,0.006666666666666667,157.83666666666667
confirm_paper_tree_014,14,n11,truthfulqa,translation,opus_en_de,4,300,0.9966666666666667,0.4633333333333333,0.5366666666666666,0.0033333333333333335,0.05333333333333334,0.48,0.0,300,285,0.95,yes,7,0.023333333333333334,29.69
confirm_paper_tree_014,14,n12,truthfulqa,classification,mnli,4,300,0.9666666666666667,0.02,0.98,0.03333333333333333,0.6733333333333333,0.2733333333333333,0.0,300,98,0.32666666666666666,0,128,0.4266666666666667,3.67
confirm_paper_tree_014,14,n13,truthfulqa,qa,quartz,4,300,1.0,0.0,1.0,0.0,1.0,0.0,0.0,300,2,0.006666666666666667,B,159,0.53,1.0
confirm_paper_tree_014,14,n4,truthfulqa,summarization,billsum,3,300,1.0,0.4866666666666667,0.5133333333333333,0.0,0.043333333333333335,0.4666666666666667,0.0033333333333333335,300,285,0.95,yes,4,0.013333333333333334,36.446666666666665
confirm_paper_tree_014,14,n6,truthfulqa,classification,yelp_polarity,3,300,0.9933333333333333,0.29333333333333333,0.7066666666666667,0.006666666666666667,0.3566666666666667,0.3433333333333333,0.0,300,205,0.6833333333333333,0,68,0.22666666666666666,18.733333333333334
confirm_paper_tree_014,14,n8,truthfulqa,summarization,arxiv_summ,3,300,0.9966666666666667,0.7066666666666667,0.29333333333333333,0.0033333333333333335,0.006666666666666667,0.2833333333333333,0.0,300,298,0.9933333333333333,london,2,0.006666666666666667,71.57333333333334
confirm_paper_tree_014,14,n9,truthfulqa,classification,sst2,4,300,0.9766666666666667,0.2,0.8,0.023333333333333334,0.5633333333333334,0.21333333333333335,0.0,300,139,0.4633333333333333,0,120,0.4,12.326666666666666
confirm_paper_tree_015,15,n2,hellaswag,qa,squad,2,300,1.0,0.9633333333333334,0.036666666666666625,0.0,0.0,0.03666666666666667,0.0,300,299,0.9966666666666667,"'answer_start': [61], 'text': ['blue']",2,0.006666666666666667,70.83
confirm_paper_tree_015,15,n3,hellaswag,summarization,arxiv_summ,3,300,1.0,0.99,0.010000000000000009,0.0,0.0,0.01,0.0,300,300,1.0,"Be aware that developmental delays can appear in any area such as a fingernail, eye, or hands. While many parents worry about the physical appearance of their child, they also believe that this is a likely time for problems to arise (like dehydration, developmental issues, or brain dysplasi",1,0.0033333333333333335,161.08333333333334
confirm_paper_tree_015,15,n6,hellaswag,translation,wmt14_en_de,4,300,0.9666666666666667,0.6666666666666666,0.33333333333333337,0.03333333333333333,0.18333333333333332,0.11666666666666667,0.0,300,243,0.81,0,35,0.11666666666666667,50.71
confirm_paper_tree_015,15,n7,hellaswag,summarization,govreport,4,300,0.9966666666666667,0.9866666666666667,0.013333333333333308,0.0033333333333333335,0.0033333333333333335,0.006666666666666667,0.0,300,300,1.0,"If your baby is at risk, you may be prescribed a developmental or developmental check-up by your pediatrician. Your doctor can be notified of the delay, and they will recommend a course of medication to help your baby reach the physical milestone. If your child has a severe developmental delay, you",1,0.0033333333333333335,195.72
confirm_paper_tree_015,15,n2,arc_challenge,qa,squad,2,300,1.0,0.9166666666666666,0.08333333333333337,0.0,0.07,0.013333333333333334,0.0,300,208,0.6933333333333334,C,5,0.016666666666666666,35.14333333333333
confirm_paper_tree_015,15,n3,arc_challenge,summarization,arxiv_summ,3,300,1.0,0.11666666666666667,0.8833333333333333,0.0,0.86,0.023333333333333334,0.0,300,53,0.17666666666666667,B,78,0.26,17.733333333333334
confirm_paper_tree_015,15,n6,arc_challenge,translation,wmt14_en_de,4,300,0.9966666666666667,0.0,1.0,0.0033333333333333335,0.9833333333333333,0.013333333333333334,0.0,300,13,0.043333333333333335,B,80,0.26666666666666666,1.01
confirm_paper_tree_015,15,n7,arc_challenge,summarization,govreport,4,300,0.9966666666666667,0.12,0.88,0.0033333333333333335,0.8533333333333334,0.023333333333333334,0.0,300,72,0.24,0,68,0.22666666666666666,24.686666666666667
confirm_paper_tree_015,15,n2,mmlu,qa,squad,2,300,1.0,0.9233333333333333,0.07666666666666666,0.0,0.07666666666666666,0.0,0.0,300,223,0.7433333333333333,D.,8,0.02666666666666667,34.876666666666665
confirm_paper_tree_015,15,n3,mmlu,summarization,arxiv_summ,3,300,1.0,0.06333333333333334,0.9366666666666666,0.0,0.9333333333333333,0.0033333333333333335,0.0,300,36,0.12,D,70,0.23333333333333334,12.046666666666667
confirm_paper_tree_015,15,n6,mmlu,translation,wmt14_en_de,4,300,1.0,0.0033333333333333335,0.9966666666666667,0.0,0.9733333333333334,0.023333333333333334,0.0,300,18,0.06,0,103,0.3433333333333333,1.21
confirm_paper_tree_015,15,n7,mmlu,summarization,govreport,4,300,1.0,0.2866666666666667,0.7133333333333334,0.0,0.6933333333333334,0.02,0.0,300,116,0.38666666666666666,0,57,0.19,73.45333333333333
confirm_paper_tree_015,15,n2,truthfulqa,qa,squad,2,300,1.0,0.9366666666666666,0.06333333333333335,0.0,0.01,0.05333333333333334,0.0,300,297,0.99,francs,3,0.01,43.88
confirm_paper_tree_015,15,n3,truthfulqa,summarization,arxiv_summ,3,300,0.9966666666666667,0.5466666666666666,0.45333333333333337,0.0033333333333333335,0.1,0.35,0.0,300,274,0.9133333333333333,no,7,0.023333333333333334,49.526666666666664
confirm_paper_tree_015,15,n6,truthfulqa,translation,wmt14_en_de,4,300,0.9566666666666667,0.07,0.9299999999999999,0.043333333333333335,0.5833333333333334,0.30333333333333334,0.0,300,130,0.43333333333333335,0,72,0.24,7.703333333333333
confirm_paper_tree_015,15,n7,truthfulqa,summarization,govreport,4,300,0.9933333333333333,0.36,0.64,0.006666666666666667,0.41333333333333333,0.22,0.0,300,196,0.6533333333333333,0,74,0.24666666666666667,51.12
confirm_paper_tree_016,16,n10,hellaswag,summarization,billsum,2,300,1.0,0.9933333333333333,0.00666666666666671,0.0,0.0,0.006666666666666667,0.0,300,300,1.0,"Be sure to consult with your doctor with regard to all delays such as delays occurring in the brain, spine, hands, or feet. Have your doctor refer you via a referral to the child's pediatrician, pediatrician, family health clinic, or hospital if the child is sick or disoriented",1,0.0033333333333333335,160.57666666666665
confirm_paper_tree_016,16,n11,hellaswag,summarization,samsum,2,300,1.0,0.9633333333333334,0.036666666666666625,0.0,0.0033333333333333335,0.03,0.0033333333333333335,300,300,1.0,"If they do not see anything, she may suggest other treatments such as medications.",1,0.0033333333333333335,107.14666666666666
confirm_paper_tree_016,16,n12,hellaswag,translation,opus_en_it,3,300,1.0,0.7933333333333333,0.20666666666666667,0.0,0.01,0.19666666666666666,0.0,300,263,0.8766666666666667,[step],34,0.11333333333333333,69.23333333333333
confirm_paper_tree_016,16,n13,hellaswag,translation,opus_en_fr,3,300,1.0,0.9433333333333334,0.05666666666666664,0.0,0.0033333333333333335,0.05333333333333334,0.0,300,294,0.98,[step],5,0.016666666666666666,103.57666666666667
confirm_paper_tree_016,16,n4,hellaswag,classification,trec,2,300,1.0,0.4533333333333333,0.5466666666666666,0.0,0.0033333333333333335,0.5433333333333333,0.0,300,205,0.6833333333333333,other entities,33,0.11,27.72
confirm_paper_tree_016,16,n5,hellaswag,translation,opus_en_ru,2,300,0.9733333333333334,0.6833333333333333,0.31666666666666665,0.02666666666666667,0.10333333333333333,0.18,0.006666666666666667,300,253,0.8433333333333334,0,18,0.06,54.906666666666666
confirm_paper_tree_016,16,n6,hellaswag,qa,squad_v2,2,300,1.0,0.87,0.13,0.0,0.0033333333333333335,0.12666666666666668,0.0,300,269,0.8966666666666666,"'answer_start': [], 'text': []",32,0.10666666666666667,50.913333333333334
confirm_paper_tree_016,16,n7,hellaswag,qa,arc_easy,2,300,0.9733333333333334,0.44333333333333336,0.5566666666666666,0.02666666666666667,0.42333333333333334,0.10666666666666667,0.0,300,175,0.5833333333333334,0,42,0.14,29.94
confirm_paper_tree_016,16,n8,hellaswag,classification,rte,2,300,0.9966666666666667,0.2866666666666667,0.7133333333333334,0.0033333333333333335,0.7,0.01,0.0,300,96,0.32,1,111,0.37,19.05666666666667
confirm_paper_tree_016,16,n9,hellaswag,classification,sst2,2,300,1.0,0.17,0.83,0.0,0.8233333333333334,0.006666666666666667,0.0,300,58,0.19333333333333333,0,201,0.67,10.336666666666666
confirm_paper_tree_016,16,n10,arc_challenge,summarization,billsum,2,300,1.0,0.3233333333333333,0.6766666666666667,0.0,0.65,0.02666666666666667,0.0,300,128,0.4266666666666667,D.,34,0.11333333333333333,30.276666666666667
confirm_paper_tree_016,16,n11,arc_challenge,summarization,samsum,2,300,1.0,0.05,0.95,0.0,0.9333333333333333,0.016666666666666666,0.0,300,39,0.13,B,80,0.26666666666666666,3.5733333333333333
confirm_paper_tree_016,16,n12,arc_challenge,translation,opus_en_it,3,300,1.0,0.043333333333333335,0.9566666666666667,0.0,0.9433333333333334,0.013333333333333334,0.0,300,30,0.1,B,89,0.2966666666666667,4.05
confirm_paper_tree_016,16,n13,arc_challenge,translation,opus_en_fr,3,300,1.0,0.03666666666666667,0.9633333333333334,0.0,0.9566666666666667,0.006666666666666667,0.0,300,25,0.08333333333333333,B,75,0.25,3.74
confirm_paper_tree_016,16,n4,arc_challenge,classification,trec,2,300,0.9966666666666667,0.22333333333333333,0.7766666666666666,0.0033333333333333335,0.27,0.5033333333333333,0.0,300,110,0.36666666666666664,other entities,29,0.09666666666666666,12.853333333333333
confirm_paper_tree_016,16,n5,arc_challenge,translation,opus_en_ru,2,300,0.9966666666666667,0.0,1.0,0.0033333333333333335,0.9933333333333333,0.0033333333333333335,0.0,300,11,0.03666666666666667,B,114,0.38,1.0
confirm_paper_tree_016,16,n6,arc_challenge,qa,squad_v2,2,300,1.0,0.5666666666666667,0.43333333333333335,0.0,0.0033333333333333335,0.43,0.0,300,129,0.43,"'answer_start': [], 'text': []",128,0.4266666666666667,34.306666666666665
confirm_paper_tree_016,16,n7,arc_challenge,qa,arc_easy,2,300,0.9966666666666667,0.0,1.0,0.0033333333333333335,0.9966666666666667,0.0,0.0,300,10,0.03333333333333333,A,86,0.2866666666666667,1.0033333333333334
confirm_paper_tree_016,16,n8,arc_challenge,classification,rte,2,300,1.0,0.0,1.0,0.0,1.0,0.0,0.0,300,7,0.023333333333333334,1,102,0.34,1.0
confirm_paper_tree_016,16,n9,arc_challenge,classification,sst2,2,300,1.0,0.0,1.0,0.0,1.0,0.0,0.0,300,2,0.006666666666666667,0,274,0.9133333333333333,1.0
confirm_paper_tree_016,16,n10,mmlu,summarization,billsum,2,300,1.0,0.4166666666666667,0.5833333333333333,0.0,0.54,0.043333333333333335,0.0,300,152,0.5066666666666667,D.,54,0.18,40.65
confirm_paper_tree_016,16,n11,mmlu,summarization,samsum,2,300,1.0,0.056666666666666664,0.9433333333333334,0.0,0.92,0.023333333333333334,0.0,300,43,0.14333333333333334,B,62,0.20666666666666667,4.423333333333333
confirm_paper_tree_016,16,n12,mmlu,translation,opus_en_it,3,300,1.0,0.04,0.96,0.0,0.9533333333333334,0.006666666666666667,0.0,300,25,0.08333333333333333,B,83,0.27666666666666667,4.673333333333333
confirm_paper_tree_016,16,n13,mmlu,translation,opus_en_fr,3,300,1.0,0.02666666666666667,0.9733333333333334,0.0,0.97,0.0033333333333333335,0.0,300,20,0.06666666666666667,B,85,0.2833333333333333,2.7
confirm_paper_tree_016,16,n4,mmlu,classification,trec,2,300,1.0,0.2,0.8,0.0,0.42333333333333334,0.37666666666666665,0.0,300,98,0.32666666666666666,A,44,0.14666666666666667,11.9
confirm_paper_tree_016,16,n5,mmlu,translation,opus_en_ru,2,300,1.0,0.0,1.0,0.0,0.9966666666666667,0.0033333333333333335,0.0,300,8,0.02666666666666667,D,108,0.36,1.0
confirm_paper_tree_016,16,n6,mmlu,qa,squad_v2,2,300,1.0,0.6066666666666667,0.3933333333333333,0.0,0.006666666666666667,0.38666666666666666,0.0,300,155,0.5166666666666667,"'answer_start': [], 'text': []",113,0.37666666666666665,34.36
confirm_paper_tree_016,16,n7,mmlu,qa,arc_easy,2,300,1.0,0.0,1.0,0.0,1.0,0.0,0.0,300,4,0.013333333333333334,A,96,0.32,1.0
confirm_paper_tree_016,16,n8,mmlu,classification,rte,2,300,1.0,0.0,1.0,0.0,0.9966666666666667,0.0033333333333333335,0.0,300,9,0.03,1,134,0.44666666666666666,1.01
confirm_paper_tree_016,16,n9,mmlu,classification,sst2,2,300,1.0,0.0,1.0,0.0,1.0,0.0,0.0,300,2,0.006666666666666667,0,267,0.89,1.0
confirm_paper_tree_016,16,n10,truthfulqa,summarization,billsum,2,300,1.0,0.73,0.27,0.0,0.08333333333333333,0.18666666666666668,0.0,300,282,0.94,no,4,0.013333333333333334,48.65
confirm_paper_tree_016,16,n11,truthfulqa,summarization,samsum,2,300,1.0,0.78,0.21999999999999997,0.0,0.05,0.17,0.0,300,294,0.98,No.,4,0.013333333333333334,41.153333333333336
confirm_paper_tree_016,16,n12,truthfulqa,translation,opus_en_it,3,300,0.9966666666666667,0.36333333333333334,0.6366666666666667,0.0033333333333333335,0.07,0.56,0.0033333333333333335,300,281,0.9366666666666666,no,10,0.03333333333333333,22.416666666666668
confirm_paper_tree_016,16,n13,truthfulqa,translation,opus_en_fr,3,300,0.9933333333333333,0.37,0.63,0.006666666666666667,0.08,0.5433333333333333,0.0,300,271,0.9033333333333333,no,12,0.04,22.043333333333333
confirm_paper_tree_016,16,n4,truthfulqa,classification,trec,2,300,1.0,0.20666666666666667,0.7933333333333333,0.0,0.016666666666666666,0.7766666666666666,0.0,300,122,0.4066666666666667,other entities,21,0.07,15.683333333333334
confirm_paper_tree_016,16,n5,truthfulqa,translation,opus_en_ru,2,300,0.95,0.25,0.75,0.05,0.15333333333333332,0.5466666666666666,0.0,300,246,0.82,<EMPTY>,15,0.05,17.19
confirm_paper_tree_016,16,n6,truthfulqa,qa,squad_v2,2,300,1.0,0.5766666666666667,0.42333333333333334,0.0,0.006666666666666667,0.4166666666666667,0.0,300,185,0.6166666666666667,"'answer_start': [], 'text': []",109,0.36333333333333334,37.46
confirm_paper_tree_016,16,n7,truthfulqa,qa,arc_easy,2,300,0.9866666666666667,0.06333333333333334,0.9366666666666666,0.013333333333333334,0.6,0.3233333333333333,0.0,300,149,0.49666666666666665,0,38,0.12666666666666668,6.503333333333333
confirm_paper_tree_016,16,n8,truthfulqa,classification,rte,2,300,0.9866666666666667,0.01,0.99,0.013333333333333334,0.8566666666666667,0.12,0.0,300,46,0.15333333333333332,1,175,0.5833333333333334,2.34
confirm_paper_tree_016,16,n9,truthfulqa,classification,sst2,2,300,1.0,0.0033333333333333335,0.9966666666666667,0.0,0.9933333333333333,0.0033333333333333335,0.0,300,5,0.016666666666666666,0,262,0.8733333333333333,1.2333333333333334
confirm_paper_tree_017,17,n10,hellaswag,qa,boolq,2,300,1.0,0.7,0.30000000000000004,0.0,0.23666666666666666,0.06333333333333334,0.0,300,240,0.8,True,33,0.11,51.806666666666665
confirm_paper_tree_017,17,n11,hellaswag,summarization,billsum,3,300,0.9833333333333333,0.8266666666666667,0.17333333333333334,0.016666666666666666,0.09,0.06666666666666667,0.0,300,267,0.89,0,23,0.07666666666666666,104.28
confirm_paper_tree_017,17,n12,hellaswag,classification,mnli,3,300,0.9966666666666667,0.24666666666666667,0.7533333333333333,0.0033333333333333335,0.7333333333333333,0.016666666666666666,0.0,300,87,0.29,0,89,0.2966666666666667,12.813333333333333
confirm_paper_tree_017,17,n13,hellaswag,translation,opus_en_es,3,300,0.9966666666666667,0.99,0.010000000000000009,0.0033333333333333335,0.0033333333333333335,0.0033333333333333335,0.0,300,300,1.0,"Be aware that developmental delays can appear in any area such as the brain or brain. You can check with your pediatrician before you pick up your child's baby, or they can recommend a specialist.",1,0.0033333333333333335,112.70333333333333
confirm_paper_tree_017,17,n4,hellaswag,translation,wmt14_en_de,2,300,1.0,0.9366666666666666,0.06333333333333335,0.0,0.0,0.06333333333333334,0.0,300,290,0.9666666666666667,[step],10,0.03333333333333333,106.08666666666667
confirm_paper_tree_017,17,n8,hellaswag,classification,qnli,2,300,0.9933333333333333,0.38,0.62,0.006666666666666667,0.5666666666666667,0.04666666666666667,0.0,300,136,0.4533333333333333,0,122,0.4066666666666667,40.7
confirm_paper_tree_017,17,n9,hellaswag,translation,opus_en_zh,2,300,1.0,0.99,0.010000000000000009,0.0,0.0,0.01,0.0,300,300,1.0,"If they want to see whether your baby is experiencing a developmental delay or not, they can check with other sources including medical professionals. Contact your doctor if you believe you have a delay or have a physical condition. If there is no physical condition and the child is experiencing a severe developmental delay, the",1,0.0033333333333333335,151.69666666666666
confirm_paper_tree_017,17,n10,arc_challenge,qa,boolq,2,300,1.0,0.006666666666666667,0.9933333333333333,0.0,0.99,0.0033333333333333335,0.0,300,11,0.03666666666666667,True,124,0.41333333333333333,3.4566666666666666
confirm_paper_tree_017,17,n11,arc_challenge,summarization,billsum,3,300,1.0,0.0033333333333333335,0.9966666666666667,0.0,0.99,0.006666666666666667,0.0,300,9,0.03,B,100,0.3333333333333333,1.16
confirm_paper_tree_017,17,n12,arc_challenge,classification,mnli,3,300,1.0,0.0,1.0,0.0,1.0,0.0,0.0,300,9,0.03,0,152,0.5066666666666667,1.0066666666666666
confirm_paper_tree_017,17,n13,arc_challenge,translation,opus_en_es,3,300,1.0,0.13333333333333333,0.8666666666666667,0.0,0.8533333333333334,0.013333333333333334,0.0,300,58,0.19333333333333333,B,73,0.24333333333333335,14.723333333333333
confirm_paper_tree_017,17,n4,arc_challenge,translation,wmt14_en_de,2,300,1.0,0.016666666666666666,0.9833333333333333,0.0,0.9733333333333334,0.01,0.0,300,13,0.043333333333333335,B,88,0.29333333333333333,2.4266666666666667
confirm_paper_tree_017,17,n8,arc_challenge,classification,qnli,2,300,1.0,0.0,1.0,0.0,1.0,0.0,0.0,300,3,0.01,0,230,0.7666666666666667,1.0
confirm_paper_tree_017,17,n9,arc_challenge,translation,opus_en_zh,2,300,0.9966666666666667,0.05333333333333334,0.9466666666666667,0.0033333333333333335,0.9366666666666666,0.006666666666666667,0.0,300,32,0.10666666666666667,B,91,0.30333333333333334,5.476666666666667
confirm_paper_tree_017,17,n10,mmlu,qa,boolq,2,300,1.0,0.0,1.0,0.0,0.99,0.01,0.0,300,13,0.043333333333333335,True,134,0.44666666666666666,3.7
confirm_paper_tree_017,17,n11,mmlu,summarization,billsum,3,300,1.0,0.013333333333333334,0.9866666666666667,0.0,0.97,0.016666666666666666,0.0,300,18,0.06,0,93,0.31,3.9466666666666668
confirm_paper_tree_017,17,n12,mmlu,classification,mnli,3,300,1.0,0.0,1.0,0.0,0.9966666666666667,0.0033333333333333335,0.0,300,9,0.03,0,150,0.5,1.0033333333333334
confirm_paper_tree_017,17,n13,mmlu,translation,opus_en_es,3,300,1.0,0.11,0.89,0.0,0.8566666666666667,0.03333333333333333,0.0,300,61,0.20333333333333334,A,77,0.25666666666666665,16.406666666666666
confirm_paper_tree_017,17,n4,mmlu,translation,wmt14_en_de,2,300,1.0,0.0,1.0,0.0,1.0,0.0,0.0,300,4,0.013333333333333334,C,86,0.2866666666666667,1.0
confirm_paper_tree_017,17,n8,mmlu,classification,qnli,2,300,1.0,0.0,1.0,0.0,1.0,0.0,0.0,300,6,0.02,0,228,0.76,1.0033333333333334
confirm_paper_tree_017,17,n9,mmlu,translation,opus_en_zh,2,300,1.0,0.05,0.95,0.0,0.9333333333333333,0.013333333333333334,0.0033333333333333335,300,31,0.10333333333333333,B,75,0.25,6.93
confirm_paper_tree_017,17,n10,truthfulqa,qa,boolq,2,300,0.9966666666666667,0.0,1.0,0.0033333333333333335,0.9966666666666667,0.0,0.0,300,4,0.013333333333333334,False,195,0.65,4.63
confirm_paper_tree_017,17,n11,truthfulqa,summarization,billsum,3,300,0.9933333333333333,0.12333333333333334,0.8766666666666667,0.006666666666666667,0.4866666666666667,0.38333333333333336,0.0,300,159,0.53,0,111,0.37,10.056666666666667
confirm_paper_tree_017,17,n12,truthfulqa,classification,mnli,3,300,0.99,0.03666666666666667,0.9633333333333334,0.01,0.52,0.43333333333333335,0.0,300,146,0.4866666666666667,0,65,0.21666666666666667,4.966666666666667
confirm_paper_tree_017,17,n13,truthfulqa,translation,opus_en_es,3,300,0.9966666666666667,0.5533333333333333,0.44666666666666666,0.0033333333333333335,0.02666666666666667,0.4166666666666667,0.0,300,291,0.97,Ulstermen,3,0.01,39.836666666666666
confirm_paper_tree_017,17,n4,truthfulqa,translation,wmt14_en_de,2,300,1.0,0.49,0.51,0.0,0.04666666666666667,0.4633333333333333,0.0,300,292,0.9733333333333334,no,4,0.013333333333333334,30.22
confirm_paper_tree_017,17,n8,truthfulqa,classification,qnli,2,300,1.0,0.0,1.0,0.0,0.9933333333333333,0.006666666666666667,0.0,300,7,0.023333333333333334,1,227,0.7566666666666667,1.0466666666666666
confirm_paper_tree_017,17,n9,truthfulqa,translation,opus_en_zh,2,300,0.97,0.5333333333333333,0.4666666666666667,0.03,0.043333333333333335,0.39,0.0033333333333333335,300,283,0.9433333333333334,<EMPTY>,9,0.03,44.28666666666667
confirm_paper_tree_018,18,n10,hellaswag,translation,wmt14_en_fr,3,300,1.0,0.81,0.18999999999999995,0.0,0.016666666666666666,0.16666666666666666,0.006666666666666667,300,291,0.97,[step],5,0.016666666666666666,70.44
confirm_paper_tree_018,18,n11,hellaswag,classification,dbpedia_14,4,300,0.9966666666666667,0.8933333333333333,0.10666666666666669,0.0033333333333333335,0.006666666666666667,0.09666666666666666,0.0,300,284,0.9466666666666667,[step],15,0.05,93.03
confirm_paper_tree_018,18,n12,hellaswag,classification,imdb,4,300,0.9966666666666667,0.85,0.15000000000000002,0.0033333333333333335,0.0033333333333333335,0.14333333333333334,0.0,300,276,0.92,[step],17,0.056666666666666664,90.08333333333333
confirm_paper_tree_018,18,n13,hellaswag,translation,opus_en_es,4,300,1.0,0.9766666666666667,0.023333333333333317,0.0,0.0033333333333333335,0.02,0.0,300,297,0.99,[step],2,0.006666666666666667,109.17666666666666
confirm_paper_tree_018,18,n5,hellaswag,classification,trec,3,300,0.9933333333333333,0.4033333333333333,0.5966666666666667,0.006666666666666667,0.0,0.59,0.0,300,197,0.6566666666666666,techniques and methods,18,0.06,25.89
confirm_paper_tree_018,18,n6,hellaswag,classification,ag_news,3,300,1.0,0.26,0.74,0.0,0.7133333333333334,0.02666666666666667,0.0,300,96,0.32,3,98,0.32666666666666666,16.07
confirm_paper_tree_018,18,n7,hellaswag,summarization,xsum,3,300,0.9933333333333333,0.9266666666666666,0.07333333333333336,0.006666666666666667,0.03,0.03666666666666667,0.0,300,296,0.9866666666666667,1,4,0.013333333333333334,92.24
confirm_paper_tree_018,18,n8,hellaswag,summarization,samsum,3,300,0.9933333333333333,0.7666666666666667,0.23333333333333328,0.006666666666666667,0.06,0.16666666666666666,0.0,300,259,0.8633333333333333,[step],28,0.09333333333333334,72.1
confirm_paper_tree_018,18,n9,hellaswag,translation,opus_en_fr,3,300,1.0,0.8766666666666667,0.1233333333333333,0.0,0.006666666666666667,0.11,0.006666666666666667,300,292,0.9733333333333334,[step],7,0.023333333333333334,109.67
confirm_paper_tree_018,18,n10,arc_challenge,translation,wmt14_en_fr,3,300,1.0,0.2633333333333333,0.7366666666666667,0.0,0.7066666666666667,0.03,0.0,300,101,0.33666666666666667,C,75,0.25,13.06
confirm_paper_tree_018,18,n11,arc_challenge,classification,dbpedia_14,4,300,1.0,0.02,0.98,0.0,0.98,0.0,0.0,300,13,0.043333333333333335,A,78,0.26,2.98
confirm_paper_tree_018,18,n12,arc_challenge,classification,imdb,4,300,1.0,0.0033333333333333335,0.9966666666666667,0.0,0.9966666666666667,0.0,0.0,300,10,0.03333333333333333,B,94,0.31333333333333335,1.3166666666666667
confirm_paper_tree_018,18,n13,arc_challenge,translation,opus_en_es,4,300,1.0,0.02,0.98,0.0,0.96,0.02,0.0,300,27,0.09,B,93,0.31,3.6566666666666667
confirm_paper_tree_018,18,n5,arc_challenge,classification,trec,3,300,1.0,0.18666666666666668,0.8133333333333334,0.0,0.19,0.6233333333333333,0.0,300,108,0.36,other entities,47,0.15666666666666668,12.986666666666666
confirm_paper_tree_018,18,n6,arc_challenge,classification,ag_news,3,300,1.0,0.0,1.0,0.0,1.0,0.0,0.0,300,9,0.03,3,150,0.5,1.0
confirm_paper_tree_018,18,n7,arc_challenge,summarization,xsum,3,300,1.0,0.0,1.0,0.0,0.99,0.01,0.0,300,14,0.04666666666666667,A,77,0.25666666666666665,1.0066666666666666
confirm_paper_tree_018,18,n8,arc_challenge,summarization,samsum,3,300,1.0,0.0,1.0,0.0,0.9966666666666667,0.0033333333333333335,0.0,300,11,0.03666666666666667,A,98,0.32666666666666666,1.0033333333333334
confirm_paper_tree_018,18,n9,arc_challenge,translation,opus_en_fr,3,300,1.0,0.08,0.92,0.0,0.9033333333333333,0.016666666666666666,0.0,300,41,0.13666666666666666,B,93,0.31,5.84
confirm_paper_tree_018,18,n10,mmlu,translation,wmt14_en_fr,3,300,1.0,0.37666666666666665,0.6233333333333333,0.0,0.5966666666666667,0.02666666666666667,0.0,300,128,0.4266666666666667,C,52,0.17333333333333334,16.3
confirm_paper_tree_018,18,n11,mmlu,classification,dbpedia_14,4,300,1.0,0.006666666666666667,0.9933333333333333,0.0,0.9866666666666667,0.006666666666666667,0.0,300,18,0.06,B,75,0.25,2.0433333333333334
confirm_paper_tree_018,18,n12,mmlu,classification,imdb,4,300,1.0,0.0033333333333333335,0.9966666666666667,0.0,0.99,0.006666666666666667,0.0,300,11,0.03666666666666667,A,80,0.26666666666666666,1.8033333333333332
confirm_paper_tree_018,18,n13,mmlu,translation,opus_en_es,4,300,1.0,0.02,0.98,0.0,0.97,0.01,0.0,300,22,0.07333333333333333,D,87,0.29,3.03
confirm_paper_tree_018,18,n5,mmlu,classification,trec,3,300,1.0,0.18666666666666668,0.8133333333333334,0.0,0.37,0.44333333333333336,0.0,300,88,0.29333333333333333,A,31,0.10333333333333333,12.033333333333333
confirm_paper_tree_018,18,n6,mmlu,classification,ag_news,3,300,1.0,0.0,1.0,0.0,1.0,0.0,0.0,300,6,0.02,3,121,0.4033333333333333,1.0
confirm_paper_tree_018,18,n7,mmlu,summarization,xsum,3,300,1.0,0.0,1.0,0.0,0.9866666666666667,0.013333333333333334,0.0,300,13,0.043333333333333335,A,95,0.31666666666666665,1.0
confirm_paper_tree_018,18,n8,mmlu,summarization,samsum,3,300,1.0,0.0,1.0,0.0,0.9933333333333333,0.006666666666666667,0.0,300,11,0.03666666666666667,A,104,0.3466666666666667,1.01
confirm_paper_tree_018,18,n9,mmlu,translation,opus_en_fr,3,300,1.0,0.09,0.91,0.0,0.8866666666666667,0.023333333333333334,0.0,300,47,0.15666666666666668,C,80,0.26666666666666666,4.65
confirm_paper_tree_018,18,n10,truthfulqa,translation,wmt14_en_fr,3,300,1.0,0.71,0.29000000000000004,0.0,0.03666666666666667,0.25333333333333335,0.0,300,294,0.98,francs,4,0.013333333333333334,36.02333333333333
confirm_paper_tree_018,18,n11,truthfulqa,classification,dbpedia_14,4,300,0.9166666666666666,0.2,0.8,0.08333333333333333,0.36333333333333334,0.35333333333333333,0.0,300,185,0.6166666666666667,0,59,0.19666666666666666,14.053333333333333
confirm_paper_tree_018,18,n12,truthfulqa,classification,imdb,4,300,0.89,0.23,0.77,0.11,0.3333333333333333,0.32666666666666666,0.0,300,185,0.6166666666666667,0,54,0.18,13.906666666666666
confirm_paper_tree_018,18,n13,truthfulqa,translation,opus_en_es,4,300,0.9933333333333333,0.28,0.72,0.006666666666666667,0.2733333333333333,0.44,0.0,300,233,0.7766666666666666,True,21,0.07,19.98
confirm_paper_tree_018,18,n5,truthfulqa,classification,trec,3,300,1.0,0.12333333333333334,0.8766666666666667,0.0,0.06333333333333334,0.8133333333333334,0.0,300,86,0.2866666666666667,description of something,33,0.11,14.636666666666667
confirm_paper_tree_018,18,n6,truthfulqa,classification,ag_news,3,300,1.0,0.0,1.0,0.0,0.9966666666666667,0.0033333333333333335,0.0,300,7,0.023333333333333334,1,115,0.38333333333333336,1.02
confirm_paper_tree_018,18,n7,truthfulqa,summarization,xsum,3,300,0.9766666666666667,0.043333333333333335,0.9566666666666667,0.023333333333333334,0.7766666666666666,0.15666666666666668,0.0,300,73,0.24333333333333335,0,152,0.5066666666666667,3.7133333333333334
confirm_paper_tree_018,18,n8,truthfulqa,summarization,samsum,3,300,0.9966666666666667,0.03,0.97,0.0033333333333333335,0.9233333333333333,0.043333333333333335,0.0,300,34,0.11333333333333333,0,182,0.6066666666666667,3.06
confirm_paper_tree_018,18,n9,truthfulqa,translation,opus_en_fr,3,300,0.9933333333333333,0.5666666666666667,0.43333333333333335,0.006666666666666667,0.043333333333333335,0.38,0.0033333333333333335,300,296,0.9866666666666667,Yes.,3,0.01,34.8
confirm_paper_tree_019,19,n10,hellaswag,summarization,dialogsum,3,300,0.99,0.6533333333333333,0.3466666666666667,0.01,0.12333333333333334,0.21,0.0033333333333333335,300,264,0.88,[header],9,0.03,49.556666666666665
confirm_paper_tree_019,19,n11,hellaswag,qa,quartz,4,300,1.0,0.0,1.0,0.0,1.0,0.0,0.0,300,2,0.006666666666666667,A,182,0.6066666666666667,1.0
confirm_paper_tree_019,19,n12,hellaswag,translation,opus_en_ja,4,300,0.8,0.6833333333333333,0.31666666666666665,0.2,0.03,0.08666666666666667,0.0,300,239,0.7966666666666666,<EMPTY>,60,0.2,69.52333333333333
confirm_paper_tree_019,19,n13,hellaswag,translation,wmt14_en_de,4,300,0.9933333333333333,0.5466666666666666,0.45333333333333337,0.006666666666666667,0.36,0.08666666666666667,0.0,300,192,0.64,0,89,0.2966666666666667,46.76
confirm_paper_tree_019,19,n2,hellaswag,classification,mnli,1,300,0.9766666666666667,0.38666666666666666,0.6133333333333333,0.023333333333333334,0.5533333333333333,0.03666666666666667,0.0,300,140,0.4666666666666667,0,73,0.24333333333333335,28.69
confirm_paper_tree_019,19,n8,hellaswag,translation,opus_en_it,3,300,0.99,0.7533333333333333,0.2466666666666667,0.01,0.14666666666666667,0.09,0.0,300,255,0.85,0,25,0.08333333333333333,60.056666666666665
confirm_paper_tree_019,19,n9,hellaswag,summarization,pubmed,3,300,1.0,0.9966666666666667,0.0033333333333332993,0.0,0.0,0.0033333333333333335,0.0,300,300,1.0,Be aware that developmental delays can appear in any area such as the brain or brain. You can check with your pediatrician if your child is a newborn or can help establish the frequency for this process. Although these are relatively rare and often unaccompanied and may have a small implication regarding your child',1,0.0033333333333333335,169.88333333333333
confirm_paper_tree_019,19,n10,arc_challenge,summarization,dialogsum,3,300,1.0,0.0,1.0,0.0,0.9766666666666667,0.023333333333333334,0.0,300,19,0.06333333333333334,A,126,0.42,1.3833333333333333
confirm_paper_tree_019,19,n11,arc_challenge,qa,quartz,4,300,1.0,0.0,1.0,0.0,1.0,0.0,0.0,300,3,0.01,B,163,0.5433333333333333,1.0
confirm_paper_tree_019,19,n12,arc_challenge,translation,opus_en_ja,4,300,0.7433333333333333,0.07666666666666666,0.9233333333333333,0.25666666666666665,0.45666666666666667,0.19333333333333333,0.016666666666666666,300,128,0.4266666666666667,<EMPTY>,77,0.25666666666666665,11.123333333333333
confirm_paper_tree_019,19,n13,arc_challenge,translation,wmt14_en_de,4,300,1.0,0.0033333333333333335,0.9966666666666667,0.0,0.9966666666666667,0.0,0.0,300,7,0.023333333333333334,D,90,0.3,1.18
confirm_paper_tree_019,19,n2,arc_challenge,classification,mnli,1,300,1.0,0.0,1.0,0.0,0.9966666666666667,0.0033333333333333335,0.0,300,9,0.03,B,113,0.37666666666666665,1.0
confirm_paper_tree_019,19,n8,arc_challenge,translation,opus_en_it,3,300,1.0,0.0033333333333333335,0.9966666666666667,0.0,0.9966666666666667,0.0,0.0,300,8,0.02666666666666667,D,105,0.35,1.1766666666666667
confirm_paper_tree_019,19,n9,arc_challenge,summarization,pubmed,3,300,0.9933333333333333,0.09333333333333334,0.9066666666666666,0.006666666666666667,0.89,0.01,0.0,300,57,0.19,A,140,0.4666666666666667,16.703333333333333
confirm_paper_tree_019,19,n10,mmlu,summarization,dialogsum,3,300,0.9966666666666667,0.0033333333333333335,0.9966666666666667,0.0033333333333333335,0.98,0.013333333333333334,0.0,300,18,0.06,A,135,0.45,1.5933333333333333
confirm_paper_tree_019,19,n11,mmlu,qa,quartz,4,300,1.0,0.0,1.0,0.0,1.0,0.0,0.0,300,3,0.01,B,174,0.58,1.0
confirm_paper_tree_019,19,n12,mmlu,translation,opus_en_ja,4,300,0.83,0.056666666666666664,0.9433333333333334,0.17,0.5166666666666667,0.24333333333333335,0.013333333333333334,300,139,0.4633333333333333,<EMPTY>,51,0.17,11.713333333333333
confirm_paper_tree_019,19,n13,mmlu,translation,wmt14_en_de,4,300,1.0,0.0,1.0,0.0,1.0,0.0,0.0,300,4,0.013333333333333334,D,77,0.25666666666666665,1.0
confirm_paper_tree_019,19,n2,mmlu,classification,mnli,1,300,1.0,0.0,1.0,0.0,1.0,0.0,0.0,300,9,0.03,B,102,0.34,1.0
confirm_paper_tree_019,19,n8,mmlu,translation,opus_en_it,3,300,1.0,0.0,1.0,0.0,1.0,0.0,0.0,300,4,0.013333333333333334,D,108,0.36,1.0
confirm_paper_tree_019,19,n9,mmlu,summarization,pubmed,3,300,0.99,0.15,0.85,0.01,0.8166666666666667,0.023333333333333334,0.0,300,71,0.23666666666666666,A,132,0.44,35.14333333333333
confirm_paper_tree_019,19,n10,truthfulqa,summarization,dialogsum,3,300,1.0,0.016666666666666666,0.9833333333333333,0.0,0.9733333333333334,0.01,0.0,300,18,0.06,False,180,0.6,5.053333333333334
confirm_paper_tree_019,19,n11,truthfulqa,qa,quartz,4,300,1.0,0.0,1.0,0.0,0.9966666666666667,0.0033333333333333335,0.0,300,3,0.01,B,155,0.5166666666666667,1.0
confirm_paper_tree_019,19,n12,truthfulqa,translation,opus_en_ja,4,300,0.8233333333333334,0.19666666666666666,0.8033333333333333,0.17666666666666667,0.06666666666666667,0.5466666666666666,0.013333333333333334,300,167,0.5566666666666666,<EMPTY>,53,0.17666666666666667,17.303333333333335
confirm_paper_tree_019,19,n13,truthfulqa,translation,wmt14_en_de,4,300,0.9966666666666667,0.08666666666666667,0.9133333333333333,0.0033333333333333335,0.8,0.11,0.0,300,77,0.25666666666666665,0,152,0.5066666666666667,5.783333333333333
confirm_paper_tree_019,19,n2,truthfulqa,classification,mnli,1,300,1.0,0.06333333333333334,0.9366666666666666,0.0,0.6133333333333333,0.3233333333333333,0.0,300,127,0.42333333333333334,0,64,0.21333333333333335,5.37
confirm_paper_tree_019,19,n8,truthfulqa,translation,opus_en_it,3,300,0.99,0.14,0.86,0.01,0.6133333333333333,0.23666666666666666,0.0,300,146,0.4866666666666667,1,58,0.19333333333333333,9.02
confirm_paper_tree_019,19,n9,truthfulqa,summarization,pubmed,3,300,0.9966666666666667,0.44666666666666666,0.5533333333333333,0.0033333333333333335,0.36333333333333334,0.18666666666666668,0.0,300,203,0.6766666666666666,1,32,0.10666666666666667,57.88333333333333
confirm_paper_tree_020,20,n3,hellaswag,qa,sciq,3,300,0.99,0.9333333333333333,0.06666666666666665,0.01,0.0,0.056666666666666664,0.0,300,298,0.9933333333333333,<EMPTY>,3,0.01,92.24
confirm_paper_tree_020,20,n4,hellaswag,classification,dbpedia_14,4,300,1.0,0.9933333333333333,0.00666666666666671,0.0,0.0033333333333333335,0.0033333333333333335,0.0,300,300,1.0,Be sure to consult with your doctor with regards to all delays such as delays occurring in the brain. If your baby’s developmental retardation is asymptomatic of early learning or the brain is not able to process the information accurately and is unresponsive then it may have developmental issues.,1,0.0033333333333333335,106.26
confirm_paper_tree_020,20,n5,hellaswag,qa,squad_v2,4,300,1.0,0.99,0.010000000000000009,0.0,0.0,0.01,0.0,300,300,1.0,"Be sure to consult with your doctor with regards to all delays such as delays occurring in the brain. If your baby’s developmental retardation is asymptomatic, you should see the Doctor for a check up.",1,0.0033333333333333335,107.82
confirm_paper_tree_020,20,n6,hellaswag,classification,qnli,4,300,0.9966666666666667,0.16333333333333333,0.8366666666666667,0.0033333333333333335,0.8333333333333334,0.0,0.0,300,53,0.17666666666666667,0,169,0.5633333333333334,11.93
confirm_paper_tree_020,20,n3,arc_challenge,qa,sciq,3,300,1.0,0.23666666666666666,0.7633333333333333,0.0,0.13333333333333333,0.63,0.0,300,227,0.7566666666666667,d,10,0.03333333333333333,16.336666666666666
confirm_paper_tree_020,20,n4,arc_challenge,classification,dbpedia_14,4,300,1.0,0.0,1.0,0.0,0.9933333333333333,0.006666666666666667,0.0,300,8,0.02666666666666667,0,167,0.5566666666666666,1.0166666666666666
confirm_paper_tree_020,20,n5,arc_challenge,qa,squad_v2,4,300,1.0,0.58,0.42000000000000004,0.0,0.12666666666666668,0.29333333333333333,0.0,300,186,0.62,"'answer_start': [], 'text': []",78,0.26,36.4
confirm_paper_tree_020,20,n6,arc_challenge,classification,qnli,4,300,1.0,0.0,1.0,0.0,1.0,0.0,0.0,300,5,0.016666666666666666,0,209,0.6966666666666667,1.0133333333333334
confirm_paper_tree_020,20,n3,mmlu,qa,sciq,3,300,0.9966666666666667,0.16666666666666666,0.8333333333333334,0.0033333333333333335,0.21,0.6166666666666667,0.0033333333333333335,300,215,0.7166666666666667,d,15,0.05,14.956666666666667
confirm_paper_tree_020,20,n4,mmlu,classification,dbpedia_14,4,300,1.0,0.0033333333333333335,0.9966666666666667,0.0,0.9833333333333333,0.013333333333333334,0.0,300,13,0.043333333333333335,0,206,0.6866666666666666,1.4366666666666668
confirm_paper_tree_020,20,n5,mmlu,qa,squad_v2,4,300,1.0,0.6033333333333334,0.3966666666666666,0.0,0.05333333333333334,0.3433333333333333,0.0,300,180,0.6,"'answer_start': [], 'text': []",97,0.3233333333333333,35.00666666666667
confirm_paper_tree_020,20,n6,mmlu,classification,qnli,4,300,1.0,0.0,1.0,0.0,1.0,0.0,0.0,300,2,0.006666666666666667,0,228,0.76,1.0
confirm_paper_tree_020,20,n3,truthfulqa,qa,sciq,3,300,1.0,0.17666666666666667,0.8233333333333334,0.0,0.14666666666666667,0.6766666666666666,0.0,300,250,0.8333333333333334,no,31,0.10333333333333333,12.223333333333333
confirm_paper_tree_020,20,n4,truthfulqa,classification,dbpedia_14,4,300,1.0,0.30333333333333334,0.6966666666666667,0.0,0.41333333333333333,0.2833333333333333,0.0,300,190,0.6333333333333333,0,100,0.3333333333333333,20.156666666666666
confirm_paper_tree_020,20,n5,truthfulqa,qa,squad_v2,4,300,1.0,0.6366666666666667,0.3633333333333333,0.0,0.03333333333333333,0.33,0.0,300,217,0.7233333333333334,"'answer_start': [], 'text': []",74,0.24666666666666667,40.38
confirm_paper_tree_020,20,n6,truthfulqa,classification,qnli,4,300,1.0,0.0,1.0,0.0,0.9966666666666667,0.0033333333333333335,0.0,300,3,0.01,1,277,0.9233333333333333,1.0033333333333334
confirm_paper_tree_021,21,n1,hellaswag,summarization,bigpatent,1,300,1.0,1.0,0.0,0.0,0.0,0.0,0.0,300,300,1.0,"Be aware that developmental delays can appear in any number of areas such as the baby's head, arms, hands, and feet. When they develop, they can lead to an unexpected and life threatening outcome.",1,0.0033333333333333335,158.74333333333334
confirm_paper_tree_021,21,n10,hellaswag,classification,mnli,4,300,0.99,0.18666666666666668,0.8133333333333334,0.01,0.7766666666666666,0.02666666666666667,0.0,300,76,0.25333333333333335,1,92,0.30666666666666664,14.206666666666667
confirm_paper_tree_021,21,n11,hellaswag,classification,yelp_polarity,4,300,0.9933333333333333,0.22333333333333333,0.7766666666666666,0.006666666666666667,0.7466666666666667,0.023333333333333334,0.0,300,84,0.28,1,147,0.49,26.186666666666667
confirm_paper_tree_021,21,n6,hellaswag,qa,trivia_qa,4,300,1.0,0.92,0.07999999999999996,0.0,0.0033333333333333335,0.04,0.03666666666666667,300,293,0.9766666666666667,Finished.,7,0.023333333333333334,124.66333333333333
confirm_paper_tree_021,21,n7,hellaswag,qa,arc_challenge,4,300,0.8733333333333333,0.13,0.87,0.12666666666666668,0.6233333333333333,0.12,0.0,300,85,0.2833333333333333,0,56,0.18666666666666668,6.64
confirm_paper_tree_021,21,n8,hellaswag,summarization,arxiv_summ,4,300,0.99,0.5833333333333334,0.41666666666666663,0.01,0.3,0.09,0.016666666666666666,300,227,0.7566666666666667,0,49,0.16333333333333333,75.30666666666667
confirm_paper_tree_021,21,n9,hellaswag,classification,sst2,4,300,1.0,0.06,0.94,0.0,0.9366666666666666,0.0033333333333333335,0.0,300,21,0.07,1,149,0.49666666666666665,3.78
confirm_paper_tree_021,21,n1,arc_challenge,summarization,bigpatent,1,300,0.9966666666666667,0.20333333333333334,0.7966666666666666,0.0033333333333333335,0.78,0.013333333333333334,0.0,300,76,0.25333333333333335,B,60,0.2,24.106666666666666
confirm_paper_tree_021,21,n10,arc_challenge,classification,mnli,4,300,1.0,0.0,1.0,0.0,1.0,0.0,0.0,300,8,0.02666666666666667,0,146,0.4866666666666667,1.0
confirm_paper_tree_021,21,n11,arc_challenge,classification,yelp_polarity,4,300,1.0,0.0,1.0,0.0,1.0,0.0,0.0,300,2,0.006666666666666667,0,261,0.87,1.0
confirm_paper_tree_021,21,n6,arc_challenge,qa,trivia_qa,4,300,1.0,0.9466666666666667,0.053333333333333344,0.0,0.0,0.006666666666666667,0.04666666666666667,300,300,1.0,"'aliases': ['The weather in November', 'Fruits and precipitation', 'Morality of temperature', 'Fruits and precipitation', 'Frost- and precipitation', 'Ancient temperature",1,0.0033333333333333335,122.69666666666667
confirm_paper_tree_021,21,n7,arc_challenge,qa,arc_challenge,4,300,0.9966666666666667,0.0,1.0,0.0033333333333333335,0.9966666666666667,0.0,0.0,300,5,0.016666666666666666,B,117,0.39,0.9966666666666667
confirm_paper_tree_021,21,n8,arc_challenge,summarization,arxiv_summ,4,300,1.0,0.0033333333333333335,0.9966666666666667,0.0,0.9733333333333334,0.023333333333333334,0.0,300,18,0.06,0,117,0.39,1.4133333333333333
confirm_paper_tree_021,21,n9,arc_challenge,classification,sst2,4,300,1.0,0.0,1.0,0.0,1.0,0.0,0.0,300,4,0.013333333333333334,1,206,0.6866666666666666,1.0
confirm_paper_tree_021,21,n1,mmlu,summarization,bigpatent,1,300,1.0,0.15333333333333332,0.8466666666666667,0.0,0.8366666666666667,0.01,0.0,300,58,0.19333333333333333,D,68,0.22666666666666666,23.846666666666668
confirm_paper_tree_021,21,n10,mmlu,classification,mnli,4,300,1.0,0.0,1.0,0.0,1.0,0.0,0.0,300,6,0.02,0,137,0.45666666666666667,1.0033333333333334
confirm_paper_tree_021,21,n11,mmlu,classification,yelp_polarity,4,300,1.0,0.0,1.0,0.0,1.0,0.0,0.0,300,2,0.006666666666666667,0,261,0.87,1.0
confirm_paper_tree_021,21,n6,mmlu,qa,trivia_qa,4,300,1.0,0.93,0.06999999999999995,0.0,0.0,0.006666666666666667,0.06333333333333334,300,298,0.9933333333333333,"'aliases': ['B', 'B', 'B', 'B'], 'matched_wiki_entity_name': '', 'normalized_aliases': ['b', 'b', '",2,0.006666666666666667,116.84666666666666
confirm_paper_tree_021,21,n7,mmlu,qa,arc_challenge,4,300,1.0,0.0,1.0,0.0,1.0,0.0,0.0,300,4,0.013333333333333334,B,102,0.34,1.0
confirm_paper_tree_021,21,n8,mmlu,summarization,arxiv_summ,4,300,0.9966666666666667,0.0,1.0,0.0033333333333333335,0.98,0.016666666666666666,0.0,300,16,0.05333333333333334,0,119,0.39666666666666667,1.1533333333333333
confirm_paper_tree_021,21,n9,mmlu,classification,sst2,4,300,1.0,0.0,1.0,0.0,1.0,0.0,0.0,300,2,0.006666666666666667,1,184,0.6133333333333333,1.0
confirm_paper_tree_021,21,n1,truthfulqa,summarization,bigpatent,1,300,1.0,0.5833333333333334,0.41666666666666663,0.0,0.013333333333333334,0.4,0.0033333333333333335,300,292,0.9733333333333334,English,5,0.016666666666666666,50.57
confirm_paper_tree_021,21,n10,truthfulqa,classification,mnli,4,300,1.0,0.0,1.0,0.0,1.0,0.0,0.0,300,5,0.016666666666666666,1,151,0.5033333333333333,1.0066666666666666
confirm_paper_tree_021,21,n11,truthfulqa,classification,yelp_polarity,4,300,1.0,0.0,1.0,0.0,1.0,0.0,0.0,300,2,0.006666666666666667,1,161,0.5366666666666666,1.0
confirm_paper_tree_021,21,n6,truthfulqa,qa,trivia_qa,4,300,1.0,0.9933333333333333,0.00666666666666671,0.0,0.0,0.0033333333333333335,0.0033333333333333335,300,300,1.0,"'aliases': ['Food rations', 'Making food', 'Are you vegetarian or rich in meat', 'Frivolous vegetarians', 'Localized (restaurant)', 'Peach (American",1,0.0033333333333333335,125.00333333333333
confirm_paper_tree_021,21,n7,truthfulqa,qa,arc_challenge,4,300,0.9666666666666667,0.0,1.0,0.03333333333333333,0.95,0.016666666666666666,0.0,300,18,0.06,B,100,0.3333333333333333,1.01
confirm_paper_tree_021,21,n8,truthfulqa,summarization,arxiv_summ,4,300,1.0,0.006666666666666667,0.9933333333333333,0.0,0.9733333333333334,0.02,0.0,300,19,0.06333333333333334,0,170,0.5666666666666667,1.59
confirm_paper_tree_021,21,n9,truthfulqa,classification,sst2,4,300,1.0,0.0,1.0,0.0,1.0,0.0,0.0,300,2,0.006666666666666667,1,218,0.7266666666666667,1.0
confirm_paper_tree_022,22,n3,hellaswag,summarization,govreport,3,300,1.0,0.9966666666666667,0.0033333333333332993,0.0,0.0,0.0033333333333333335,0.0,300,300,1.0,"If your baby is at risk, you may be prescribed a developmental delay treatment. You can visit your pediatrician for an estimate of the amount you'll be able to get for a baby. Although these treatments are not the only physical issues that may have a negative impact on your baby, the",1,0.0033333333333333335,200.81333333333333
confirm_paper_tree_022,22,n6,hellaswag,qa,squad,4,300,1.0,0.9566666666666667,0.043333333333333335,0.0,0.01,0.03333333333333333,0.0,300,300,1.0,"'answer_start': [425], 'text': ['avoid']",1,0.0033333333333333335,53.71
confirm_paper_tree_022,22,n7,hellaswag,classification,qnli,4,300,1.0,0.17,0.83,0.0,0.81,0.02,0.0,300,60,0.2,0,205,0.6833333333333333,10.34
confirm_paper_tree_022,22,n8,hellaswag,summarization,dialogsum,4,300,1.0,0.96,0.040000000000000036,0.0,0.0033333333333333335,0.03666666666666667,0.0,300,296,0.9866666666666667,[header],4,0.013333333333333334,81.98333333333333
confirm_paper_tree_022,22,n3,arc_challenge,summarization,govreport,3,300,1.0,0.66,0.33999999999999997,0.0,0.32,0.02,0.0,300,222,0.74,B,33,0.11,104.08333333333333
confirm_paper_tree_022,22,n6,arc_challenge,qa,squad,4,300,1.0,0.8933333333333333,0.10666666666666669,0.0,0.09666666666666666,0.01,0.0,300,215,0.7166666666666667,B,10,0.03333333333333333,35.34
confirm_paper_tree_022,22,n7,arc_challenge,classification,qnli,4,300,1.0,0.0,1.0,0.0,1.0,0.0,0.0,300,4,0.013333333333333334,0,180,0.6,1.0
confirm_paper_tree_022,22,n8,arc_challenge,summarization,dialogsum,4,300,1.0,0.21333333333333335,0.7866666666666666,0.0,0.7833333333333333,0.0033333333333333335,0.0,300,80,0.26666666666666666,B.,70,0.23333333333333334,24.19333333333333
confirm_paper_tree_022,22,n3,mmlu,summarization,govreport,3,300,1.0,0.6766666666666666,0.32333333333333336,0.0,0.2966666666666667,0.02666666666666667,0.0,300,229,0.7633333333333333,D,27,0.09,141.82333333333332
confirm_paper_tree_022,22,n6,mmlu,qa,squad,4,300,1.0,0.9633333333333334,0.036666666666666625,0.0,0.03666666666666667,0.0,0.0,300,249,0.83,"'answer_start': [0], 'text': ['D']",6,0.02,35.79333333333334
confirm_paper_tree_022,22,n7,mmlu,classification,qnli,4,300,1.0,0.0,1.0,0.0,1.0,0.0,0.0,300,6,0.02,0,211,0.7033333333333334,1.0
confirm_paper_tree_022,22,n8,mmlu,summarization,dialogsum,4,300,1.0,0.43666666666666665,0.5633333333333334,0.0,0.54,0.023333333333333334,0.0,300,156,0.52,D.,42,0.14,58.583333333333336
confirm_paper_tree_022,22,n3,truthfulqa,summarization,govreport,3,300,0.9966666666666667,0.7066666666666667,0.29333333333333333,0.0033333333333333335,0.006666666666666667,0.2833333333333333,0.0,300,296,0.9866666666666667,English,3,0.01,84.99
confirm_paper_tree_022,22,n6,truthfulqa,qa,squad,4,300,1.0,0.9533333333333334,0.046666666666666634,0.0,0.006666666666666667,0.04,0.0,300,298,0.9933333333333333,'answer_start': [3],2,0.006666666666666667,45.75
confirm_paper_tree_022,22,n7,truthfulqa,classification,qnli,4,300,1.0,0.0,1.0,0.0,1.0,0.0,0.0,300,3,0.01,1,277,0.9233333333333333,1.0
confirm_paper_tree_022,22,n8,truthfulqa,summarization,dialogsum,4,300,0.9766666666666667,0.5366666666666666,0.4633333333333334,0.023333333333333334,0.06333333333333334,0.37666666666666665,0.0,300,283,0.9433333333333334,<EMPTY>,7,0.023333333333333334,33.63
confirm_paper_tree_023,23,n10,hellaswag,classification,imdb,3,300,1.0,0.006666666666666667,0.9933333333333333,0.0,0.99,0.0033333333333333335,0.0,300,11,0.03666666666666667,0,282,0.94,1.33
confirm_paper_tree_023,23,n11,hellaswag,classification,trec,3,300,1.0,0.23666666666666666,0.7633333333333333,0.0,0.0033333333333333335,0.76,0.0,300,127,0.42333333333333334,other entities,48,0.16,18.876666666666665
confirm_paper_tree_023,23,n12,hellaswag,qa,boolq,4,300,0.9933333333333333,0.6266666666666667,0.3733333333333333,0.006666666666666667,0.21,0.15666666666666668,0.0,300,251,0.8366666666666667,False,18,0.06,42.06333333333333
confirm_paper_tree_023,23,n13,hellaswag,classification,rte,4,300,1.0,0.19333333333333333,0.8066666666666666,0.0,0.79,0.016666666666666666,0.0,300,65,0.21666666666666667,0,228,0.76,10.28
confirm_paper_tree_023,23,n5,hellaswag,qa,squad,2,300,1.0,0.9433333333333334,0.05666666666666664,0.0,0.0033333333333333335,0.05333333333333334,0.0,300,300,1.0,"'answer_start': [425], 'text': ['to assess your child’]",1,0.0033333333333333335,60.47
confirm_paper_tree_023,23,n8,hellaswag,translation,opus_en_fr,3,300,0.9966666666666667,0.8466666666666667,0.15333333333333332,0.0033333333333333335,0.04666666666666667,0.10333333333333333,0.0,300,273,0.91,[step],19,0.06333333333333334,72.31666666666666
confirm_paper_tree_023,23,n9,hellaswag,summarization,arxiv_summ,3,300,1.0,0.9966666666666667,0.0033333333333332993,0.0,0.0,0.0033333333333333335,0.0,300,300,1.0,"Be aware that developmental delays can appear in any area such as the brain or brain. You can check with your pediatrician if your child is a healthy baby, or they will require a specialized physical evaluation. If there is no physical screening and your child is still unable to perform well, you",1,0.0033333333333333335,203.78666666666666
confirm_paper_tree_023,23,n10,arc_challenge,classification,imdb,3,300,1.0,0.0,1.0,0.0,1.0,0.0,0.0,300,3,0.01,A,146,0.4866666666666667,1.0
confirm_paper_tree_023,23,n11,arc_challenge,classification,trec,3,300,1.0,0.16333333333333333,0.8366666666666667,0.0,0.09,0.7466666666666667,0.0,300,83,0.27666666666666667,other entities,51,0.17,15.463333333333333
confirm_paper_tree_023,23,n12,arc_challenge,qa,boolq,4,300,1.0,0.006666666666666667,0.9933333333333333,0.0,0.9866666666666667,0.006666666666666667,0.0,300,13,0.043333333333333335,True,147,0.49,4.3933333333333335
confirm_paper_tree_023,23,n13,arc_challenge,classification,rte,4,300,1.0,0.0,1.0,0.0,1.0,0.0,0.0,300,4,0.013333333333333334,0,275,0.9166666666666666,1.0
confirm_paper_tree_023,23,n5,arc_challenge,qa,squad,2,300,0.9966666666666667,0.91,0.08999999999999997,0.0033333333333333335,0.08,0.006666666666666667,0.0,300,226,0.7533333333333333,"'answer_start': [0], 'text': ['C']",8,0.02666666666666667,35.35
confirm_paper_tree_023,23,n8,arc_challenge,translation,opus_en_fr,3,300,1.0,0.0,1.0,0.0,0.9966666666666667,0.0033333333333333335,0.0,300,10,0.03333333333333333,A,79,0.2633333333333333,1.0
confirm_paper_tree_023,23,n9,arc_challenge,summarization,arxiv_summ,3,300,1.0,0.8666666666666667,0.1333333333333333,0.0,0.12666666666666668,0.006666666666666667,0.0,300,272,0.9066666666666666,C,13,0.043333333333333335,183.53666666666666
confirm_paper_tree_023,23,n10,mmlu,classification,imdb,3,300,1.0,0.0,1.0,0.0,1.0,0.0,0.0,300,4,0.013333333333333334,A,151,0.5033333333333333,1.0
confirm_paper_tree_023,23,n11,mmlu,classification,trec,3,300,1.0,0.21333333333333335,0.7866666666666666,0.0,0.18333333333333332,0.6033333333333334,0.0,300,85,0.2833333333333333,a group or organization of persons,39,0.13,16.79
confirm_paper_tree_023,23,n12,mmlu,qa,boolq,4,300,1.0,0.0033333333333333335,0.9966666666666667,0.0,0.9833333333333333,0.013333333333333334,0.0,300,15,0.05,True,138,0.46,4.423333333333333
confirm_paper_tree_023,23,n13,mmlu,classification,rte,4,300,1.0,0.0,1.0,0.0,1.0,0.0,0.0,300,3,0.01,0,264,0.88,1.0
confirm_paper_tree_023,23,n5,mmlu,qa,squad,2,300,1.0,0.9466666666666667,0.053333333333333344,0.0,0.04666666666666667,0.006666666666666667,0.0,300,254,0.8466666666666667,"'answer_start': [0], 'text': ['B']",5,0.016666666666666666,35.9
confirm_paper_tree_023,23,n8,mmlu,translation,opus_en_fr,3,300,1.0,0.0,1.0,0.0,0.9966666666666667,0.0033333333333333335,0.0,300,8,0.02666666666666667,A,97,0.3233333333333333,1.0266666666666666
confirm_paper_tree_023,23,n9,mmlu,summarization,arxiv_summ,3,300,1.0,0.9,0.09999999999999998,0.0,0.09666666666666666,0.0033333333333333335,0.0,300,279,0.93,D,12,0.04,209.72666666666666
confirm_paper_tree_023,23,n10,truthfulqa,classification,imdb,3,300,1.0,0.0,1.0,0.0,0.9966666666666667,0.0033333333333333335,0.0,300,4,0.013333333333333334,B,168,0.56,1.0
confirm_paper_tree_023,23,n11,truthfulqa,classification,trec,3,300,1.0,0.1,0.9,0.0,0.07,0.83,0.0,300,62,0.20666666666666667,description of something,45,0.15,14.783333333333333
confirm_paper_tree_023,23,n12,truthfulqa,qa,boolq,4,300,1.0,0.0,1.0,0.0,0.9966666666666667,0.0033333333333333335,0.0,300,4,0.013333333333333334,False,174,0.58,4.623333333333333
confirm_paper_tree_023,23,n13,truthfulqa,classification,rte,4,300,1.0,0.0,1.0,0.0,1.0,0.0,0.0,300,4,0.013333333333333334,0,180,0.6,1.0
confirm_paper_tree_023,23,n5,truthfulqa,qa,squad,2,300,1.0,0.9633333333333334,0.036666666666666625,0.0,0.016666666666666666,0.02,0.0,300,294,0.98,"'answer_start': [78], 'text': ['no']",2,0.006666666666666667,44.70333333333333
confirm_paper_tree_023,23,n8,truthfulqa,translation,opus_en_fr,3,300,0.98,0.3433333333333333,0.6566666666666667,0.02,0.22666666666666666,0.41,0.0,300,246,0.82,0,19,0.06333333333333334,21.706666666666667
confirm_paper_tree_023,23,n9,truthfulqa,summarization,arxiv_summ,3,300,1.0,0.83,0.17000000000000004,0.0,0.0033333333333333335,0.16666666666666666,0.0,300,299,0.9966666666666667,Elvis,2,0.006666666666666667,136.30666666666667
confirm_paper_tree_024,24,n10,hellaswag,summarization,pubmed,3,300,0.9966666666666667,0.9933333333333333,0.00666666666666671,0.0033333333333333335,0.0,0.0033333333333333335,0.0,300,300,1.0,"If your baby is at risk for problems with development such as a bad baby bump, your doctor will assess your child for delay. If your child's behavior can help you cope with a baby bump, then the doctor can help you adjust your baby's appearance and if your baby is going to",1,0.0033333333333333335,190.36
confirm_paper_tree_024,24,n11,hellaswag,classification,dbpedia_14,3,300,1.0,0.22,0.78,0.0,0.78,0.0,0.0,300,67,0.22333333333333333,0,234,0.78,11.29
confirm_paper_tree_024,24,n12,hellaswag,classification,mnli,3,300,0.9966666666666667,0.21333333333333335,0.7866666666666666,0.0033333333333333335,0.7633333333333333,0.02,0.0,300,75,0.25,0,202,0.6733333333333333,12.226666666666667
confirm_paper_tree_024,24,n13,hellaswag,qa,arc_challenge,4,300,1.0,0.2733333333333333,0.7266666666666667,0.0,0.39,0.33666666666666667,0.0,300,117,0.39,[step],66,0.22,17.133333333333333
confirm_paper_tree_024,24,n6,hellaswag,translation,wmt14_en_de,3,300,1.0,0.14666666666666667,0.8533333333333333,0.0,0.8333333333333334,0.02,0.0,300,55,0.18333333333333332,A,167,0.5566666666666666,7.956666666666667
confirm_paper_tree_024,24,n7,hellaswag,summarization,cnn_dailymail,3,300,1.0,0.31666666666666665,0.6833333333333333,0.0,0.6733333333333333,0.01,0.0,300,101,0.33666666666666667,A,134,0.44666666666666666,25.93
confirm_paper_tree_024,24,n8,hellaswag,translation,opus_en_zh,3,300,0.9966666666666667,0.17333333333333334,0.8266666666666667,0.0033333333333333335,0.7866666666666666,0.03666666666666667,0.0,300,67,0.22333333333333333,A,137,0.45666666666666667,9.18
confirm_paper_tree_024,24,n9,hellaswag,classification,cola,3,300,1.0,0.043333333333333335,0.9566666666666667,0.0,0.9466666666666667,0.01,0.0,300,22,0.07333333333333333,1,136,0.4533333333333333,2.763333333333333
confirm_paper_tree_024,24,n10,arc_challenge,summarization,pubmed,3,300,1.0,0.5966666666666667,0.4033333333333333,0.0,0.36666666666666664,0.03666666666666667,0.0,300,216,0.72,0,66,0.22,121.18333333333334
confirm_paper_tree_024,24,n11,arc_challenge,classification,dbpedia_14,3,300,1.0,0.0,1.0,0.0,1.0,0.0,0.0,300,1,0.0033333333333333335,0,300,1.0,1.0
confirm_paper_tree_024,24,n12,arc_challenge,classification,mnli,3,300,1.0,0.0,1.0,0.0,1.0,0.0,0.0,300,5,0.016666666666666666,0,245,0.8166666666666667,1.0
confirm_paper_tree_024,24,n13,arc_challenge,qa,arc_challenge,4,300,1.0,0.0,1.0,0.0,0.9966666666666667,0.0033333333333333335,0.0,300,5,0.016666666666666666,B,112,0.37333333333333335,1.0066666666666666
confirm_paper_tree_024,24,n6,arc_challenge,translation,wmt14_en_de,3,300,1.0,0.0,1.0,0.0,1.0,0.0,0.0,300,4,0.013333333333333334,B,153,0.51,1.0
confirm_paper_tree_024,24,n7,arc_challenge,summarization,cnn_dailymail,3,300,1.0,0.0,1.0,0.0,1.0,0.0,0.0,300,4,0.013333333333333334,B,174,0.58,1.0
confirm_paper_tree_024,24,n8,arc_challenge,translation,opus_en_zh,3,300,1.0,0.0,1.0,0.0,1.0,0.0,0.0,300,4,0.013333333333333334,B,165,0.55,1.0
confirm_paper_tree_024,24,n9,arc_challenge,classification,cola,3,300,1.0,0.0,1.0,0.0,0.9966666666666667,0.0033333333333333335,0.0,300,9,0.03,1,140,0.4666666666666667,1.0133333333333334
confirm_paper_tree_024,24,n10,mmlu,summarization,pubmed,3,300,1.0,0.5933333333333334,0.4066666666666666,0.0,0.36666666666666664,0.03666666666666667,0.0033333333333333335,300,213,0.71,0,71,0.23666666666666666,126.96666666666667
confirm_paper_tree_024,24,n11,mmlu,classification,dbpedia_14,3,300,1.0,0.0,1.0,0.0,1.0,0.0,0.0,300,1,0.0033333333333333335,0,300,1.0,1.0
confirm_paper_tree_024,24,n12,mmlu,classification,mnli,3,300,1.0,0.0,1.0,0.0,1.0,0.0,0.0,300,5,0.016666666666666666,0,253,0.8433333333333334,1.0
confirm_paper_tree_024,24,n13,mmlu,qa,arc_challenge,4,300,1.0,0.006666666666666667,0.9933333333333333,0.0,0.9933333333333333,0.0,0.0,300,6,0.02,B,100,0.3333333333333333,1.86
confirm_paper_tree_024,24,n6,mmlu,translation,wmt14_en_de,3,300,1.0,0.0,1.0,0.0,1.0,0.0,0.0,300,4,0.013333333333333334,A,148,0.49333333333333335,1.0
confirm_paper_tree_024,24,n7,mmlu,summarization,cnn_dailymail,3,300,1.0,0.0,1.0,0.0,1.0,0.0,0.0,300,4,0.013333333333333334,B,167,0.5566666666666666,1.0
confirm_paper_tree_024,24,n8,mmlu,translation,opus_en_zh,3,300,1.0,0.0,1.0,0.0,1.0,0.0,0.0,300,4,0.013333333333333334,B,183,0.61,1.0
confirm_paper_tree_024,24,n9,mmlu,classification,cola,3,300,1.0,0.0,1.0,0.0,1.0,0.0,0.0,300,6,0.02,1,127,0.42333333333333334,1.0066666666666666
confirm_paper_tree_024,24,n10,truthfulqa,summarization,pubmed,3,300,0.9966666666666667,0.8333333333333334,0.16666666666666663,0.0033333333333333335,0.12333333333333334,0.04,0.0,300,268,0.8933333333333333,0,33,0.11,142.42666666666668
confirm_paper_tree_024,24,n11,truthfulqa,classification,dbpedia_14,3,300,1.0,0.0,1.0,0.0,1.0,0.0,0.0,300,1,0.0033333333333333335,0,300,1.0,1.0
confirm_paper_tree_024,24,n12,truthfulqa,classification,mnli,3,300,1.0,0.0,1.0,0.0,1.0,0.0,0.0,300,3,0.01,0,255,0.85,1.0
confirm_paper_tree_024,24,n13,truthfulqa,qa,arc_challenge,4,300,0.9966666666666667,0.0033333333333333335,0.9966666666666667,0.0033333333333333335,0.9866666666666667,0.006666666666666667,0.0,300,10,0.03333333333333333,B,148,0.49333333333333335,1.12
confirm_paper_tree_024,24,n6,truthfulqa,translation,wmt14_en_de,3,300,1.0,0.0,1.0,0.0,0.9966666666666667,0.0033333333333333335,0.0,300,3,0.01,A,158,0.5266666666666666,1.0
confirm_paper_tree_024,24,n7,truthfulqa,summarization,cnn_dailymail,3,300,1.0,0.0,1.0,0.0,0.9966666666666667,0.0033333333333333335,0.0,300,5,0.016666666666666666,A,158,0.5266666666666666,1.0
confirm_paper_tree_024,24,n8,truthfulqa,translation,opus_en_zh,3,300,1.0,0.0,1.0,0.0,1.0,0.0,0.0,300,4,0.013333333333333334,B,170,0.5666666666666667,1.0
confirm_paper_tree_024,24,n9,truthfulqa,classification,cola,3,300,1.0,0.0,1.0,0.0,0.9966666666666667,0.0033333333333333335,0.0,300,6,0.02,1,176,0.5866666666666667,1.0033333333333334
confirm_paper_tree_025,25,n10,hellaswag,classification,ag_news,3,300,0.9966666666666667,0.20333333333333334,0.7966666666666666,0.0033333333333333335,0.77,0.023333333333333334,0.0,300,78,0.26,3,95,0.31666666666666665,10.69
confirm_paper_tree_025,25,n11,hellaswag,qa,squad,3,300,0.9966666666666667,0.9666666666666667,0.033333333333333326,0.0033333333333333335,0.0033333333333333335,0.02666666666666667,0.0,300,300,1.0,"'answer_start': [179], 'text': ['failure']",1,0.0033333333333333335,51.403333333333336
confirm_paper_tree_025,25,n12,hellaswag,classification,yelp_polarity,4,300,0.9866666666666667,0.93,0.06999999999999995,0.013333333333333334,0.03666666666666667,0.02,0.0,300,290,0.9666666666666667,0,7,0.023333333333333334,86.83
confirm_paper_tree_025,25,n13,hellaswag,summarization,cnn_dailymail,4,300,1.0,0.99,0.010000000000000009,0.0,0.0,0.01,0.0,300,300,1.0,"Treatment for delays may include a different treatment strategy , such as medications like cds, ovulation, and sleep pills . After the treatment, your baby will be a healthy child following strict screening guidelines .",1,0.0033333333333333335,121.02666666666667
confirm_paper_tree_025,25,n3,hellaswag,summarization,bigpatent,2,300,0.9966666666666667,0.9833333333333333,0.01666666666666672,0.0033333333333333335,0.0033333333333333335,0.01,0.0,300,300,1.0,"Be aware that developmental delays start when children grow up and begin when they develop social skills like speaking, listening, thinking, and performing well at home. If your infant has early learning skills, these ailments will likely persist through the first few years.",1,0.0033333333333333335,146.71
confirm_paper_tree_025,25,n5,hellaswag,translation,opus_en_ja,2,300,0.8733333333333333,0.3466666666666667,0.6533333333333333,0.12666666666666668,0.10666666666666667,0.41,0.01,300,174,0.58,[step],43,0.14333333333333334,24.036666666666665
confirm_paper_tree_025,25,n6,hellaswag,classification,qnli,2,300,1.0,0.17,0.83,0.0,0.8233333333333334,0.006666666666666667,0.0,300,58,0.19333333333333333,0,176,0.5866666666666667,10.393333333333333
confirm_paper_tree_025,25,n8,hellaswag,translation,opus_en_ru,3,300,0.99,0.97,0.030000000000000027,0.01,0.0,0.016666666666666666,0.0033333333333333335,300,298,0.9933333333333333,<EMPTY>,3,0.01,80.31666666666666
confirm_paper_tree_025,25,n9,hellaswag,translation,opus_en_fr,3,300,1.0,0.6266666666666667,0.3733333333333333,0.0,0.013333333333333334,0.36,0.0,300,237,0.79,[step],39,0.13,57.67666666666667
confirm_paper_tree_025,25,n10,arc_challenge,classification,ag_news,3,300,1.0,0.0,1.0,0.0,1.0,0.0,0.0,300,7,0.023333333333333334,3,134,0.44666666666666666,1.0
confirm_paper_tree_025,25,n11,arc_challenge,qa,squad,3,300,1.0,0.96,0.040000000000000036,0.0,0.03333333333333333,0.006666666666666667,0.0,300,235,0.7833333333333333,"'answer_start': [0], 'text': ['D']",6,0.02,36.876666666666665
confirm_paper_tree_025,25,n12,arc_challenge,classification,yelp_polarity,4,300,0.9933333333333333,0.006666666666666667,0.9933333333333333,0.006666666666666667,0.9666666666666667,0.02,0.0,300,19,0.06333333333333334,0,219,0.73,1.3333333333333333
confirm_paper_tree_025,25,n13,arc_challenge,summarization,cnn_dailymail,4,300,1.0,0.02,0.98,0.0,0.9366666666666666,0.043333333333333335,0.0,300,22,0.07333333333333333,D,77,0.25666666666666665,2.8833333333333333
confirm_paper_tree_025,25,n3,arc_challenge,summarization,bigpatent,2,300,1.0,0.03333333333333333,0.9666666666666667,0.0,0.9633333333333334,0.0033333333333333335,0.0,300,20,0.06666666666666667,A,135,0.45,4.093333333333334
confirm_paper_tree_025,25,n5,arc_challenge,translation,opus_en_ja,2,300,0.97,0.0,1.0,0.03,0.9633333333333334,0.006666666666666667,0.0,300,11,0.03666666666666667,A,102,0.34,1.0133333333333334
confirm_paper_tree_025,25,n6,arc_challenge,classification,qnli,2,300,1.0,0.0,1.0,0.0,0.9966666666666667,0.0033333333333333335,0.0,300,9,0.03,0,202,0.6733333333333333,1.0
confirm_paper_tree_025,25,n8,arc_challenge,translation,opus_en_ru,3,300,1.0,0.02666666666666667,0.9733333333333334,0.0,0.9166666666666666,0.056666666666666664,0.0,300,35,0.11666666666666667,D,79,0.2633333333333333,2.64
confirm_paper_tree_025,25,n9,arc_challenge,translation,opus_en_fr,3,300,1.0,0.0,1.0,0.0,0.9966666666666667,0.0033333333333333335,0.0,300,9,0.03,A,123,0.41,1.0033333333333334
confirm_paper_tree_025,25,n10,mmlu,classification,ag_news,3,300,1.0,0.0,1.0,0.0,1.0,0.0,0.0,300,8,0.02666666666666667,0,101,0.33666666666666667,1.0
confirm_paper_tree_025,25,n11,mmlu,qa,squad,3,300,1.0,0.9833333333333333,0.01666666666666672,0.0,0.013333333333333334,0.0033333333333333335,0.0,300,244,0.8133333333333334,"'answer_start': [0], 'text': ['D']",6,0.02,37.123333333333335
confirm_paper_tree_025,25,n12,mmlu,classification,yelp_polarity,4,300,1.0,0.0,1.0,0.0,0.9766666666666667,0.023333333333333334,0.0,300,18,0.06,0,221,0.7366666666666667,1.13
confirm_paper_tree_025,25,n13,mmlu,summarization,cnn_dailymail,4,300,1.0,0.0033333333333333335,0.9966666666666667,0.0,0.9933333333333333,0.0033333333333333335,0.0,300,8,0.02666666666666667,C,84,0.28,1.3266666666666667
confirm_paper_tree_025,25,n3,mmlu,summarization,bigpatent,2,300,0.9966666666666667,0.023333333333333334,0.9766666666666667,0.0033333333333333335,0.9666666666666667,0.006666666666666667,0.0,300,22,0.07333333333333333,A,139,0.4633333333333333,5.246666666666667
confirm_paper_tree_025,25,n5,mmlu,translation,opus_en_ja,2,300,0.95,0.0,1.0,0.05,0.9366666666666666,0.013333333333333334,0.0,300,15,0.05,A,100,0.3333333333333333,0.9733333333333334
confirm_paper_tree_025,25,n6,mmlu,classification,qnli,2,300,1.0,0.0,1.0,0.0,1.0,0.0,0.0,300,7,0.023333333333333334,0,198,0.66,1.0
confirm_paper_tree_025,25,n8,mmlu,translation,opus_en_ru,3,300,1.0,0.0,1.0,0.0,0.9566666666666667,0.043333333333333335,0.0,300,21,0.07,D,87,0.29,1.3733333333333333
confirm_paper_tree_025,25,n9,mmlu,translation,opus_en_fr,3,300,1.0,0.0,1.0,0.0,0.9966666666666667,0.0033333333333333335,0.0,300,9,0.03,A,121,0.4033333333333333,1.0033333333333334
confirm_paper_tree_025,25,n10,truthfulqa,classification,ag_news,3,300,1.0,0.0,1.0,0.0,0.96,0.04,0.0,300,19,0.06333333333333334,0,93,0.31,1.2633333333333334
confirm_paper_tree_025,25,n11,truthfulqa,qa,squad,3,300,0.9833333333333333,0.9666666666666667,0.033333333333333326,0.016666666666666666,0.0033333333333333335,0.013333333333333334,0.0,300,292,0.9733333333333334,<EMPTY>,5,0.016666666666666666,44.24666666666667
confirm_paper_tree_025,25,n12,truthfulqa,classification,yelp_polarity,4,300,0.9933333333333333,0.23333333333333334,0.7666666666666666,0.006666666666666667,0.14333333333333334,0.6166666666666667,0.0,300,255,0.85,no,21,0.07,14.723333333333333
confirm_paper_tree_025,25,n13,truthfulqa,summarization,cnn_dailymail,4,300,1.0,0.29333333333333333,0.7066666666666667,0.0,0.15333333333333332,0.5533333333333333,0.0,300,252,0.84,no,31,0.10333333333333333,16.663333333333334
confirm_paper_tree_025,25,n3,truthfulqa,summarization,bigpatent,2,300,0.9833333333333333,0.42,0.5800000000000001,0.016666666666666666,0.18666666666666668,0.37666666666666665,0.0,300,246,0.82,0,19,0.06333333333333334,33.21666666666667
confirm_paper_tree_025,25,n5,truthfulqa,translation,opus_en_ja,2,300,0.6066666666666667,0.11,0.89,0.3933333333333333,0.10666666666666667,0.39,0.0,300,149,0.49666666666666665,<EMPTY>,118,0.3933333333333333,8.023333333333333
confirm_paper_tree_025,25,n6,truthfulqa,classification,qnli,2,300,1.0,0.0,1.0,0.0,0.99,0.01,0.0,300,6,0.02,1,226,0.7533333333333333,1.0666666666666667
confirm_paper_tree_025,25,n8,truthfulqa,translation,opus_en_ru,3,300,1.0,0.24,0.76,0.0,0.14666666666666667,0.6133333333333333,0.0,300,253,0.8433333333333334,no,24,0.08,14.826666666666666
confirm_paper_tree_025,25,n9,truthfulqa,translation,opus_en_fr,3,300,0.9366666666666666,0.2866666666666667,0.7133333333333334,0.06333333333333334,0.12333333333333334,0.5233333333333333,0.0033333333333333335,300,247,0.8233333333333334,<EMPTY>,19,0.06333333333333334,18.086666666666666
confirm_paper_tree_026,26,n10,hellaswag,translation,opus_en_ru,3,300,1.0,0.9933333333333333,0.00666666666666671,0.0,0.0,0.006666666666666667,0.0,300,299,0.9966666666666667,"[step] You don't want to blindside the person out of nowhere. Alerting your spouse that you want to have a discussion can help him or her mentally prepare for what's ahead, even if they're not aware of exactly what you're going to say.",2,0.006666666666666667,146.32666666666665
confirm_paper_tree_026,26,n11,hellaswag,summarization,billsum,3,300,1.0,0.99,0.010000000000000009,0.0,0.0,0.01,0.0,300,300,1.0,Be aware that developmental delays may appear in any area such as the brain or brain. You may be offered assistance to assist with an early diagnosis of a developmental delay. Ask your doctor about screening for a delay following a diagnosis with the Pediatrician and the Childbirth and Care Services Center (CDC). Be,1,0.0033333333333333335,173.03333333333333
confirm_paper_tree_026,26,n12,hellaswag,classification,yelp_polarity,3,300,0.99,0.8366666666666667,0.16333333333333333,0.01,0.14,0.01,0.0033333333333333335,300,258,0.86,0,26,0.08666666666666667,133.55666666666667
confirm_paper_tree_026,26,n13,hellaswag,classification,sst2,3,300,1.0,0.4166666666666667,0.5833333333333333,0.0,0.5733333333333334,0.01,0.0,300,135,0.45,1,109,0.36333333333333334,51.68
confirm_paper_tree_026,26,n5,hellaswag,summarization,cnn_dailymail,2,300,1.0,0.9733333333333334,0.026666666666666616,0.0,0.016666666666666666,0.01,0.0,300,296,0.9866666666666667,0,3,0.01,118.41666666666667
confirm_paper_tree_026,26,n6,hellaswag,classification,rte,2,300,1.0,0.18666666666666668,0.8133333333333334,0.0,0.7866666666666666,0.02666666666666667,0.0,300,65,0.21666666666666667,1,164,0.5466666666666666,10.67
confirm_paper_tree_026,26,n7,hellaswag,translation,opus_en_ja,3,300,0.96,0.8733333333333333,0.1266666666666667,0.04,0.006666666666666667,0.08,0.0,300,288,0.96,<EMPTY>,12,0.04,105.85666666666667
confirm_paper_tree_026,26,n8,hellaswag,summarization,dialogsum,3,300,0.9866666666666667,0.96,0.040000000000000036,0.013333333333333334,0.0,0.023333333333333334,0.0033333333333333335,300,297,0.99,<EMPTY>,4,0.013333333333333334,88.00333333333333
confirm_paper_tree_026,26,n9,hellaswag,translation,opus_en_zh,3,300,1.0,0.9766666666666667,0.023333333333333317,0.0,0.0,0.023333333333333334,0.0,300,299,0.9966666666666667,"[step] One of the most easily observable aspects of french fashion is the pared-down aesthetic so common to parisian streets. Rather than bathing in bright colors, or rushing out to buy the latest fast-fashion trend, french women stick to the basics, both in cut and color",2,0.006666666666666667,142.08666666666667
confirm_paper_tree_026,26,n10,arc_challenge,translation,opus_en_ru,3,300,1.0,0.14666666666666667,0.8533333333333333,0.0,0.84,0.013333333333333334,0.0,300,65,0.21666666666666667,B,65,0.21666666666666667,14.523333333333333
confirm_paper_tree_026,26,n11,arc_challenge,summarization,billsum,3,300,1.0,0.04666666666666667,0.9533333333333334,0.0,0.95,0.0033333333333333335,0.0,300,22,0.07333333333333333,D,99,0.33,6.87
confirm_paper_tree_026,26,n12,arc_challenge,classification,yelp_polarity,3,300,1.0,0.0,1.0,0.0,0.9966666666666667,0.0033333333333333335,0.0,300,9,0.03,0,135,0.45,1.0
confirm_paper_tree_026,26,n13,arc_challenge,classification,sst2,3,300,1.0,0.0,1.0,0.0,1.0,0.0,0.0,300,8,0.02666666666666667,1,179,0.5966666666666667,1.0033333333333334
confirm_paper_tree_026,26,n5,arc_challenge,summarization,cnn_dailymail,2,300,1.0,0.01,0.99,0.0,0.99,0.0,0.0,300,11,0.03666666666666667,B,78,0.26,2.1866666666666665
confirm_paper_tree_026,26,n6,arc_challenge,classification,rte,2,300,1.0,0.0,1.0,0.0,1.0,0.0,0.0,300,6,0.02,1,218,0.7266666666666667,1.0
confirm_paper_tree_026,26,n7,arc_challenge,translation,opus_en_ja,3,300,0.9733333333333334,0.05333333333333334,0.9466666666666667,0.02666666666666667,0.8066666666666666,0.11333333333333333,0.0,300,57,0.19,B,57,0.19,5.136666666666667
confirm_paper_tree_026,26,n8,arc_challenge,summarization,dialogsum,3,300,0.9966666666666667,0.11,0.89,0.0033333333333333335,0.78,0.10666666666666667,0.0,300,71,0.23666666666666666,B,54,0.18,10.15
confirm_paper_tree_026,26,n9,arc_challenge,translation,opus_en_zh,3,300,0.9966666666666667,0.07666666666666666,0.9233333333333333,0.0033333333333333335,0.91,0.01,0.0,300,47,0.15666666666666668,B,81,0.27,12.26
confirm_paper_tree_026,26,n10,mmlu,translation,opus_en_ru,3,300,1.0,0.13333333333333333,0.8666666666666667,0.0,0.8566666666666667,0.01,0.0,300,72,0.24,C,50,0.16666666666666666,19.936666666666667
confirm_paper_tree_026,26,n11,mmlu,summarization,billsum,3,300,1.0,0.02666666666666667,0.9733333333333334,0.0,0.97,0.0033333333333333335,0.0,300,17,0.056666666666666664,D,116,0.38666666666666666,7.163333333333333
confirm_paper_tree_026,26,n12,mmlu,classification,yelp_polarity,3,300,0.9966666666666667,0.0,1.0,0.0033333333333333335,0.9966666666666667,0.0,0.0,300,10,0.03333333333333333,0,193,0.6433333333333333,0.9966666666666667
confirm_paper_tree_026,26,n13,mmlu,classification,sst2,3,300,1.0,0.0,1.0,0.0,1.0,0.0,0.0,300,6,0.02,1,180,0.6,1.0
confirm_paper_tree_026,26,n5,mmlu,summarization,cnn_dailymail,2,300,1.0,0.01,0.99,0.0,0.98,0.01,0.0,300,16,0.05333333333333334,B,59,0.19666666666666666,2.55
confirm_paper_tree_026,26,n6,mmlu,classification,rte,2,300,1.0,0.0,1.0,0.0,1.0,0.0,0.0,300,5,0.016666666666666666,1,224,0.7466666666666667,1.0
confirm_paper_tree_026,26,n7,mmlu,translation,opus_en_ja,3,300,0.9766666666666667,0.07666666666666666,0.9233333333333333,0.023333333333333334,0.7866666666666666,0.11333333333333333,0.0,300,82,0.2733333333333333,C,54,0.18,10.08
confirm_paper_tree_026,26,n8,mmlu,summarization,dialogsum,3,300,1.0,0.21,0.79,0.0,0.6966666666666667,0.09333333333333334,0.0,300,98,0.32666666666666666,D,50,0.16666666666666666,25.596666666666668
confirm_paper_tree_026,26,n9,mmlu,translation,opus_en_zh,3,300,1.0,0.17666666666666667,0.8233333333333334,0.0,0.8166666666666667,0.006666666666666667,0.0,300,78,0.26,B,60,0.2,28.016666666666666
confirm_paper_tree_026,26,n10,truthfulqa,translation,opus_en_ru,3,300,0.99,0.5866666666666667,0.41333333333333333,0.01,0.013333333333333334,0.39,0.0,300,296,0.9866666666666667,<EMPTY>,3,0.01,41.46
confirm_paper_tree_026,26,n11,truthfulqa,summarization,billsum,3,300,1.0,0.4633333333333333,0.5366666666666666,0.0,0.06,0.4766666666666667,0.0,300,282,0.94,no,8,0.02666666666666667,50.833333333333336
confirm_paper_tree_026,26,n12,truthfulqa,classification,yelp_polarity,3,300,0.9833333333333333,0.2,0.8,0.016666666666666666,0.41333333333333333,0.37,0.0,300,187,0.6233333333333333,0,46,0.15333333333333332,14.986666666666666
confirm_paper_tree_026,26,n13,truthfulqa,classification,sst2,3,300,1.0,0.056666666666666664,0.9433333333333334,0.0,0.9266666666666666,0.016666666666666666,0.0,300,34,0.11333333333333333,0,155,0.5166666666666667,4.62
confirm_paper_tree_026,26,n5,truthfulqa,summarization,cnn_dailymail,2,300,0.9766666666666667,0.2633333333333333,0.7366666666666667,0.023333333333333334,0.34,0.37,0.0033333333333333335,300,202,0.6733333333333333,1,43,0.14333333333333334,18.076666666666668
confirm_paper_tree_026,26,n6,truthfulqa,classification,rte,2,300,1.0,0.0,1.0,0.0,1.0,0.0,0.0,300,4,0.013333333333333334,1,217,0.7233333333333334,1.0033333333333334
confirm_paper_tree_026,26,n7,truthfulqa,translation,opus_en_ja,3,300,0.98,0.23666666666666666,0.7633333333333333,0.02,0.12666666666666668,0.6166666666666667,0.0,300,256,0.8533333333333334,no,17,0.056666666666666664,14.013333333333334
confirm_paper_tree_026,26,n8,truthfulqa,summarization,dialogsum,3,300,1.0,0.23,0.77,0.0,0.12,0.65,0.0,300,262,0.8733333333333333,no,21,0.07,15.23
confirm_paper_tree_026,26,n9,truthfulqa,translation,opus_en_zh,3,300,0.9533333333333334,0.5033333333333333,0.4966666666666667,0.04666666666666667,0.056666666666666664,0.3933333333333333,0.0,300,278,0.9266666666666666,<EMPTY>,14,0.04666666666666667,39.37
confirm_paper_tree_027,27,n10,hellaswag,qa,squad_v2,4,300,1.0,0.91,0.08999999999999997,0.0,0.01,0.07666666666666666,0.0033333333333333335,300,290,0.9666666666666667,"'answer_start': [], 'text': []",11,0.03666666666666667,51.46666666666667
confirm_paper_tree_027,27,n11,hellaswag,classification,sst2,4,300,0.9966666666666667,0.5333333333333333,0.4666666666666667,0.0033333333333333335,0.4166666666666667,0.04666666666666667,0.0,300,182,0.6066666666666667,0,65,0.21666666666666667,40.82666666666667
confirm_paper_tree_027,27,n12,hellaswag,summarization,arxiv_summ,4,300,1.0,0.9933333333333333,0.00666666666666671,0.0,0.0,0.006666666666666667,0.0,300,300,1.0,"Be aware that developmental delays can appear in any area such as a fingernail, eye, or hands. While many parents worry about their child's physical development, they also believe that this is a likely time to speak to the doctor.",1,0.0033333333333333335,174.7
confirm_paper_tree_027,27,n13,hellaswag,summarization,bigpatent,4,300,1.0,0.9966666666666667,0.0033333333333332993,0.0,0.0033333333333333335,0.0,0.0,300,300,1.0,"Be sure to consult an experienced doctor with a recent experience such as a pediatrician. If your baby’s developmental retardation is a problem, you can ask your doctor for a referral. Although these guidelines are strict and may be vague and may not be helpful, you can still take your child",1,0.0033333333333333335,154.00333333333333
confirm_paper_tree_027,27,n2,hellaswag,translation,wmt14_en_de,1,300,1.0,0.9766666666666667,0.023333333333333317,0.0,0.0,0.023333333333333334,0.0,300,295,0.9833333333333333,[step],6,0.02,122.10333333333334
confirm_paper_tree_027,27,n4,hellaswag,translation,opus_en_it,2,300,0.9933333333333333,0.9466666666666667,0.053333333333333344,0.006666666666666667,0.0,0.043333333333333335,0.0033333333333333335,300,292,0.9733333333333334,[step],8,0.02666666666666667,112.71666666666667
confirm_paper_tree_027,27,n8,hellaswag,qa,sciq,3,300,0.9833333333333333,0.85,0.15000000000000002,0.016666666666666666,0.016666666666666666,0.11333333333333333,0.0033333333333333335,300,295,0.9833333333333333,<EMPTY>,5,0.016666666666666666,70.94333333333333
confirm_paper_tree_027,27,n9,hellaswag,classification,ag_news,3,300,1.0,0.27666666666666667,0.7233333333333334,0.0,0.6933333333333334,0.03,0.0,300,98,0.32666666666666666,0,76,0.25333333333333335,16.206666666666667
confirm_paper_tree_027,27,n10,arc_challenge,qa,squad_v2,4,300,1.0,0.7166666666666667,0.2833333333333333,0.0,0.0033333333333333335,0.28,0.0,300,185,0.6166666666666667,"'answer_start': [], 'text': []",81,0.27,36.85
confirm_paper_tree_027,27,n11,arc_challenge,classification,sst2,4,300,1.0,0.0033333333333333335,0.9966666666666667,0.0,0.9966666666666667,0.0,0.0,300,7,0.023333333333333334,0,185,0.6166666666666667,1.1333333333333333
confirm_paper_tree_027,27,n12,arc_challenge,summarization,arxiv_summ,4,300,1.0,0.3,0.7,0.0,0.6766666666666666,0.023333333333333334,0.0,300,104,0.3466666666666667,B,70,0.23333333333333334,47.36333333333334
confirm_paper_tree_027,27,n13,arc_challenge,summarization,bigpatent,4,300,0.9966666666666667,0.023333333333333334,0.9766666666666667,0.0033333333333333335,0.9666666666666667,0.006666666666666667,0.0,300,19,0.06333333333333334,A,107,0.3566666666666667,4.1066666666666665
confirm_paper_tree_027,27,n2,arc_challenge,translation,wmt14_en_de,1,300,1.0,0.023333333333333334,0.9766666666666667,0.0,0.9733333333333334,0.0033333333333333335,0.0,300,13,0.043333333333333335,B,88,0.29333333333333333,1.8266666666666667
confirm_paper_tree_027,27,n4,arc_challenge,translation,opus_en_it,2,300,1.0,0.023333333333333334,0.9766666666666667,0.0,0.97,0.006666666666666667,0.0,300,12,0.04,B,92,0.30666666666666664,2.2733333333333334
confirm_paper_tree_027,27,n8,arc_challenge,qa,sciq,3,300,1.0,0.14,0.86,0.0,0.6166666666666667,0.24333333333333335,0.0,300,107,0.3566666666666667,B,63,0.21,8.93
confirm_paper_tree_027,27,n9,arc_challenge,classification,ag_news,3,300,1.0,0.0,1.0,0.0,1.0,0.0,0.0,300,10,0.03333333333333333,3,143,0.4766666666666667,1.0
confirm_paper_tree_027,27,n10,mmlu,qa,squad_v2,4,300,1.0,0.6266666666666667,0.3733333333333333,0.0,0.013333333333333334,0.36,0.0,300,175,0.5833333333333334,"'answer_start': [], 'text': []",98,0.32666666666666666,34.166666666666664
confirm_paper_tree_027,27,n11,mmlu,classification,sst2,4,300,0.9966666666666667,0.0033333333333333335,0.9966666666666667,0.0033333333333333335,0.99,0.0033333333333333335,0.0,300,12,0.04,0,205,0.6833333333333333,1.35
confirm_paper_tree_027,27,n12,mmlu,summarization,arxiv_summ,4,300,1.0,0.29,0.71,0.0,0.6933333333333334,0.016666666666666666,0.0,300,107,0.3566666666666667,D,64,0.21333333333333335,53.156666666666666
confirm_paper_tree_027,27,n13,mmlu,summarization,bigpatent,4,300,0.9966666666666667,0.04666666666666667,0.9533333333333334,0.0033333333333333335,0.9333333333333333,0.016666666666666666,0.0,300,33,0.11,A,102,0.34,8.766666666666667
confirm_paper_tree_027,27,n2,mmlu,translation,wmt14_en_de,1,300,1.0,0.0,1.0,0.0,0.9966666666666667,0.0033333333333333335,0.0,300,7,0.023333333333333334,B,89,0.2966666666666667,1.01
confirm_paper_tree_027,27,n4,mmlu,translation,opus_en_it,2,300,1.0,0.0033333333333333335,0.9966666666666667,0.0,0.9933333333333333,0.0033333333333333335,0.0,300,7,0.023333333333333334,B,95,0.31666666666666665,1.22
confirm_paper_tree_027,27,n8,mmlu,qa,sciq,3,300,1.0,0.04,0.96,0.0,0.6533333333333333,0.30666666666666664,0.0,300,96,0.32,B,49,0.16333333333333333,5.816666666666666
confirm_paper_tree_027,27,n9,mmlu,classification,ag_news,3,300,1.0,0.0,1.0,0.0,1.0,0.0,0.0,300,8,0.02666666666666667,0,116,0.38666666666666666,1.0
confirm_paper_tree_027,27,n10,truthfulqa,qa,squad_v2,4,300,1.0,0.8233333333333334,0.17666666666666664,0.0,0.0,0.17666666666666667,0.0,300,252,0.84,"'answer_start': [], 'text': []",43,0.14333333333333334,41.96333333333333
confirm_paper_tree_027,27,n11,truthfulqa,classification,sst2,4,300,0.9833333333333333,0.16333333333333333,0.8366666666666667,0.016666666666666666,0.5133333333333333,0.30666666666666664,0.0,300,151,0.5033333333333333,0,97,0.3233333333333333,10.34
confirm_paper_tree_027,27,n12,truthfulqa,summarization,arxiv_summ,4,300,1.0,0.62,0.38,0.0,0.05,0.33,0.0,300,286,0.9533333333333334,no,7,0.023333333333333334,62.3
confirm_paper_tree_027,27,n13,truthfulqa,summarization,bigpatent,4,300,1.0,0.07333333333333333,0.9266666666666666,0.0,0.8666666666666667,0.06,0.0,300,65,0.21666666666666667,1,141,0.47,6.343333333333334
confirm_paper_tree_027,27,n2,truthfulqa,translation,wmt14_en_de,1,300,1.0,0.49666666666666665,0.5033333333333334,0.0,0.03333333333333333,0.47,0.0,300,290,0.9666666666666667,English,3,0.01,32.406666666666666
confirm_paper_tree_027,27,n4,truthfulqa,translation,opus_en_it,2,300,0.9933333333333333,0.36333333333333334,0.6366666666666667,0.006666666666666667,0.07666666666666666,0.5533333333333333,0.0,300,274,0.9133333333333333,No.,6,0.02,23.553333333333335
confirm_paper_tree_027,27,n8,truthfulqa,qa,sciq,3,300,1.0,0.17333333333333334,0.8266666666666667,0.0,0.14666666666666667,0.68,0.0,300,244,0.8133333333333334,no,25,0.08333333333333333,12.993333333333334
confirm_paper_tree_027,27,n9,truthfulqa,classification,ag_news,3,300,1.0,0.013333333333333334,0.9866666666666667,0.0,0.8366666666666667,0.15,0.0,300,55,0.18333333333333332,0,139,0.4633333333333333,2.81
confirm_paper_tree_028,28,n10,hellaswag,translation,wmt14_en_fr,4,300,0.9733333333333334,0.93,0.06999999999999995,0.02666666666666667,0.01,0.03333333333333333,0.0,300,290,0.9666666666666667,<EMPTY>,8,0.02666666666666667,82.84
confirm_paper_tree_028,28,n11,hellaswag,qa,boolq,4,300,1.0,0.23333333333333334,0.7666666666666666,0.0,0.73,0.03666666666666667,0.0,300,100,0.3333333333333333,True,132,0.44,16.76
confirm_paper_tree_028,28,n12,hellaswag,classification,sst2,4,300,0.96,0.46,0.54,0.04,0.39666666666666667,0.10333333333333333,0.0,300,182,0.6066666666666667,0,66,0.22,31.816666666666666
confirm_paper_tree_028,28,n13,hellaswag,translation,opus_en_es,4,300,1.0,0.9533333333333334,0.046666666666666634,0.0,0.0033333333333333335,0.043333333333333335,0.0,300,299,0.9966666666666667,Communication is key.,2,0.006666666666666667,82.01666666666667
confirm_paper_tree_028,28,n5,hellaswag,classification,trec,3,300,1.0,0.42333333333333334,0.5766666666666667,0.0,0.03,0.5466666666666666,0.0,300,180,0.6,other locations,20,0.06666666666666667,24.9
confirm_paper_tree_028,28,n8,hellaswag,translation,opus_en_ja,3,300,0.9766666666666667,0.87,0.13,0.023333333333333334,0.006666666666666667,0.09666666666666666,0.0033333333333333335,300,291,0.97,<EMPTY>,7,0.023333333333333334,93.07333333333334
confirm_paper_tree_028,28,n9,hellaswag,classification,mnli,3,300,0.9966666666666667,0.26,0.74,0.0033333333333333335,0.72,0.016666666666666666,0.0,300,95,0.31666666666666665,0,123,0.41,15.236666666666666
confirm_paper_tree_028,28,n10,arc_challenge,translation,wmt14_en_fr,4,300,1.0,0.02,0.98,0.0,0.9733333333333334,0.006666666666666667,0.0,300,11,0.03666666666666667,C,135,0.45,2.216666666666667
confirm_paper_tree_028,28,n11,arc_challenge,qa,boolq,4,300,1.0,0.0,1.0,0.0,0.9933333333333333,0.006666666666666667,0.0,300,8,0.02666666666666667,True,149,0.49666666666666665,3.5966666666666667
confirm_paper_tree_028,28,n12,arc_challenge,classification,sst2,4,300,1.0,0.0,1.0,0.0,0.9933333333333333,0.006666666666666667,0.0,300,8,0.02666666666666667,0,247,0.8233333333333334,1.01
confirm_paper_tree_028,28,n13,arc_challenge,translation,opus_en_es,4,300,1.0,0.016666666666666666,0.9833333333333333,0.0,0.9433333333333334,0.04,0.0,300,21,0.07,B,83,0.27666666666666667,2.066666666666667
confirm_paper_tree_028,28,n5,arc_challenge,classification,trec,3,300,1.0,0.31333333333333335,0.6866666666666666,0.0,0.11,0.5766666666666667,0.0,300,71,0.23666666666666666,a group or organization of persons,58,0.19333333333333333,19.246666666666666
confirm_paper_tree_028,28,n8,arc_challenge,translation,opus_en_ja,3,300,0.99,0.03,0.97,0.01,0.9433333333333334,0.016666666666666666,0.0,300,26,0.08666666666666667,B,96,0.32,4.38
confirm_paper_tree_028,28,n9,arc_challenge,classification,mnli,3,300,1.0,0.0,1.0,0.0,1.0,0.0,0.0,300,9,0.03,D,91,0.30333333333333334,1.0
confirm_paper_tree_028,28,n10,mmlu,translation,wmt14_en_fr,4,300,1.0,0.0,1.0,0.0,1.0,0.0,0.0,300,4,0.013333333333333334,C,146,0.4866666666666667,1.0
confirm_paper_tree_028,28,n11,mmlu,qa,boolq,4,300,0.9966666666666667,0.0,1.0,0.0033333333333333335,0.9866666666666667,0.01,0.0,300,11,0.03666666666666667,True,162,0.54,3.83
confirm_paper_tree_028,28,n12,mmlu,classification,sst2,4,300,1.0,0.0,1.0,0.0,1.0,0.0,0.0,300,8,0.02666666666666667,0,245,0.8166666666666667,1.0033333333333334
confirm_paper_tree_028,28,n13,mmlu,translation,opus_en_es,4,300,1.0,0.02666666666666667,0.9733333333333334,0.0,0.97,0.0033333333333333335,0.0,300,16,0.05333333333333334,C,87,0.29,3.78
confirm_paper_tree_028,28,n5,mmlu,classification,trec,3,300,1.0,0.33,0.6699999999999999,0.0,0.15,0.52,0.0,300,79,0.2633333333333333,a group or organization of persons,77,0.25666666666666665,20.533333333333335
confirm_paper_tree_028,28,n8,mmlu,translation,opus_en_ja,3,300,1.0,0.023333333333333334,0.9766666666666667,0.0,0.9633333333333334,0.013333333333333334,0.0,300,27,0.09,B,91,0.30333333333333334,3.8433333333333333
confirm_paper_tree_028,28,n9,mmlu,classification,mnli,3,300,1.0,0.0,1.0,0.0,0.9933333333333333,0.006666666666666667,0.0,300,13,0.043333333333333335,D,84,0.28,1.0
confirm_paper_tree_028,28,n10,truthfulqa,translation,wmt14_en_fr,4,300,0.9866666666666667,0.28,0.72,0.013333333333333334,0.23666666666666666,0.47,0.0,300,256,0.8533333333333334,no,12,0.04,18.64
confirm_paper_tree_028,28,n11,truthfulqa,qa,boolq,4,300,1.0,0.0033333333333333335,0.9966666666666667,0.0,0.9833333333333333,0.013333333333333334,0.0,300,7,0.023333333333333334,False,178,0.5933333333333334,4.6866666666666665
confirm_paper_tree_028,28,n12,truthfulqa,classification,sst2,4,300,0.9933333333333333,0.14666666666666667,0.8533333333333333,0.006666666666666667,0.25333333333333335,0.59,0.0033333333333333335,300,224,0.7466666666666667,0,32,0.10666666666666667,9.8
confirm_paper_tree_028,28,n13,truthfulqa,translation,opus_en_es,4,300,1.0,0.23,0.77,0.0,0.15333333333333332,0.6166666666666667,0.0,300,248,0.8266666666666667,no,27,0.09,15.236666666666666
confirm_paper_tree_028,28,n5,truthfulqa,classification,trec,3,300,1.0,0.14,0.86,0.0,0.10333333333333333,0.7566666666666667,0.0,300,82,0.2733333333333333,description of something,38,0.12666666666666668,14.64
confirm_paper_tree_028,28,n8,truthfulqa,translation,opus_en_ja,3,300,0.8166666666666667,0.29333333333333333,0.7066666666666667,0.18333333333333332,0.05,0.47,0.0033333333333333335,300,235,0.7833333333333333,<EMPTY>,55,0.18333333333333332,18.49
confirm_paper_tree_028,28,n9,truthfulqa,classification,mnli,3,300,0.9933333333333333,0.013333333333333334,0.9866666666666667,0.006666666666666667,0.7966666666666666,0.18333333333333332,0.0,300,71,0.23666666666666666,0,129,0.43,2.6966666666666668
confirm_paper_tree_029,29,n5,hellaswag,translation,wmt14_en_fr,4,300,0.9766666666666667,0.7033333333333334,0.29666666666666663,0.023333333333333334,0.0,0.2733333333333333,0.0,300,274,0.9133333333333333,<EMPTY>,7,0.023333333333333334,41.18
confirm_paper_tree_029,29,n6,hellaswag,classification,rte,4,300,1.0,0.0,1.0,0.0,1.0,0.0,0.0,300,3,0.01,0,214,0.7133333333333334,1.0033333333333334
confirm_paper_tree_029,29,n7,hellaswag,translation,opus_en_it,4,300,0.9966666666666667,0.23666666666666666,0.7633333333333333,0.0033333333333333335,0.7366666666666667,0.023333333333333334,0.0,300,84,0.28,A,145,0.48333333333333334,11.186666666666667
confirm_paper_tree_029,29,n8,hellaswag,classification,ag_news,4,300,0.9966666666666667,0.41,0.5900000000000001,0.0033333333333333335,0.5166666666666667,0.07,0.0,300,157,0.5233333333333333,3,61,0.20333333333333334,26.796666666666667
confirm_paper_tree_029,29,n9,hellaswag,summarization,arxiv_summ,4,300,0.9966666666666667,0.91,0.08999999999999997,0.0033333333333333335,0.05333333333333334,0.02666666666666667,0.006666666666666667,300,288,0.96,B,7,0.023333333333333334,146.65333333333334
confirm_paper_tree_029,29,n5,arc_challenge,translation,wmt14_en_fr,4,300,1.0,0.28,0.72,0.0,0.57,0.15,0.0,300,121,0.4033333333333333,C,96,0.32,26.316666666666666
confirm_paper_tree_029,29,n6,arc_challenge,classification,rte,4,300,1.0,0.0,1.0,0.0,1.0,0.0,0.0,300,5,0.016666666666666666,1,170,0.5666666666666667,1.0
confirm_paper_tree_029,29,n7,arc_challenge,translation,opus_en_it,4,300,1.0,0.0,1.0,0.0,1.0,0.0,0.0,300,4,0.013333333333333334,B,174,0.58,1.0
confirm_paper_tree_029,29,n8,arc_challenge,classification,ag_news,4,300,1.0,0.0,1.0,0.0,1.0,0.0,0.0,300,11,0.03666666666666667,3,160,0.5333333333333333,1.0066666666666666
confirm_paper_tree_029,29,n9,arc_challenge,summarization,arxiv_summ,4,300,1.0,0.0,1.0,0.0,1.0,0.0,0.0,300,4,0.013333333333333334,B,168,0.56,1.0
confirm_paper_tree_029,29,n5,mmlu,translation,wmt14_en_fr,4,300,1.0,0.31333333333333335,0.6866666666666666,0.0,0.5533333333333333,0.13333333333333333,0.0,300,133,0.44333333333333336,C,95,0.31666666666666665,34.00333333333333
confirm_paper_tree_029,29,n6,mmlu,classification,rte,4,300,1.0,0.0,1.0,0.0,1.0,0.0,0.0,300,4,0.013333333333333334,1,192,0.64,1.0066666666666666
confirm_paper_tree_029,29,n7,mmlu,translation,opus_en_it,4,300,1.0,0.0,1.0,0.0,1.0,0.0,0.0,300,2,0.006666666666666667,B,184,0.6133333333333333,1.0
confirm_paper_tree_029,29,n8,mmlu,classification,ag_news,4,300,1.0,0.0,1.0,0.0,0.9933333333333333,0.006666666666666667,0.0,300,9,0.03,3,113,0.37666666666666665,1.0033333333333334
confirm_paper_tree_029,29,n9,mmlu,summarization,arxiv_summ,4,300,1.0,0.0,1.0,0.0,1.0,0.0,0.0,300,4,0.013333333333333334,B,158,0.5266666666666666,1.0
confirm_paper_tree_029,29,n5,truthfulqa,translation,wmt14_en_fr,4,300,1.0,0.15666666666666668,0.8433333333333333,0.0,0.12,0.7233333333333334,0.0,300,137,0.45666666666666667,no,31,0.10333333333333333,14.36
confirm_paper_tree_029,29,n6,truthfulqa,classification,rte,4,300,1.0,0.0,1.0,0.0,0.96,0.04,0.0,300,11,0.03666666666666667,0,152,0.5066666666666667,1.1833333333333333
confirm_paper_tree_029,29,n7,truthfulqa,translation,opus_en_it,4,300,1.0,0.0,1.0,0.0,0.9966666666666667,0.0033333333333333335,0.0,300,4,0.013333333333333334,A,162,0.54,1.0
confirm_paper_tree_029,29,n8,truthfulqa,classification,ag_news,4,300,0.9966666666666667,0.0,1.0,0.0033333333333333335,0.98,0.016666666666666666,0.0,300,13,0.043333333333333335,0,106,0.35333333333333333,1.03
confirm_paper_tree_029,29,n9,truthfulqa,summarization,arxiv_summ,4,300,1.0,0.01,0.99,0.0,0.99,0.0,0.0,300,22,0.07333333333333333,A,167,0.5566666666666666,2.316666666666667
confirm_paper_tree_030,30,n10,hellaswag,translation,opus_en_it,3,300,0.99,0.7033333333333334,0.29666666666666663,0.01,0.1,0.18666666666666668,0.0,300,254,0.8466666666666667,[step],17,0.056666666666666664,54.49666666666667
confirm_paper_tree_030,30,n11,hellaswag,summarization,govreport,3,300,0.9966666666666667,0.9866666666666667,0.013333333333333308,0.0033333333333333335,0.0,0.006666666666666667,0.0033333333333333335,300,300,1.0,"If your baby is at risk, you may be prescribed a bottle or bottle of food so that your child can get enough. Your doctor can also refer children to a mental health provider for a physical check up. A visit to the mental health clinic and a physical evaluation may be recommended for your child.",1,0.0033333333333333335,183.43
confirm_paper_tree_030,30,n12,hellaswag,classification,rte,4,300,0.9466666666666667,0.29333333333333333,0.7066666666666667,0.05333333333333334,0.45666666666666667,0.19666666666666666,0.0,300,129,0.43,0,79,0.2633333333333333,21.486666666666668
confirm_paper_tree_030,30,n13,hellaswag,summarization,dialogsum,4,300,0.99,0.6033333333333334,0.3966666666666666,0.01,0.05,0.33,0.006666666666666667,300,235,0.7833333333333333,[step],24,0.08,49.36333333333334
confirm_paper_tree_030,30,n5,hellaswag,translation,wmt14_en_fr,3,300,0.9966666666666667,0.69,0.31000000000000005,0.0033333333333333335,0.13333333333333333,0.17333333333333334,0.0,300,258,0.86,0,10,0.03333333333333333,50.44
confirm_paper_tree_030,30,n6,hellaswag,summarization,samsum,3,300,1.0,0.9066666666666666,0.09333333333333338,0.0,0.023333333333333334,0.07,0.0,300,292,0.9733333333333334,[step],6,0.02,86.10666666666667
confirm_paper_tree_030,30,n7,hellaswag,qa,squad,3,300,1.0,0.9466666666666667,0.053333333333333344,0.0,0.02,0.03333333333333333,0.0,300,297,0.99,0,4,0.013333333333333334,50.416666666666664
confirm_paper_tree_030,30,n8,hellaswag,summarization,arxiv_summ,3,300,0.9966666666666667,0.98,0.020000000000000018,0.0033333333333333335,0.006666666666666667,0.01,0.0,300,300,1.0,"Be aware that developmental delays start when children grow up and begin developing brain muscles and cognitive abilities in the same area. Most delayed developmental retardation are caused by a severe medical condition including the concomitant ear infection. If there is no physical abnormality, your child probably may be at risk of developing developmental",1,0.0033333333333333335,146.69666666666666
confirm_paper_tree_030,30,n9,hellaswag,classification,trec,3,300,1.0,0.33666666666666667,0.6633333333333333,0.0,0.006666666666666667,0.6566666666666666,0.0,300,184,0.6133333333333333,other locations,34,0.11333333333333333,21.65
confirm_paper_tree_030,30,n10,arc_challenge,translation,opus_en_it,3,300,1.0,0.0033333333333333335,0.9966666666666667,0.0,0.9966666666666667,0.0,0.0,300,11,0.03666666666666667,B,114,0.38,1.1333333333333333
confirm_paper_tree_030,30,n11,arc_challenge,summarization,govreport,3,300,1.0,0.17666666666666667,0.8233333333333334,0.0,0.8133333333333334,0.01,0.0,300,71,0.23666666666666666,B,83,0.27666666666666667,25.713333333333335
confirm_paper_tree_030,30,n12,arc_challenge,classification,rte,4,300,1.0,0.0,1.0,0.0,1.0,0.0,0.0,300,6,0.02,0,94,0.31333333333333335,1.0
confirm_paper_tree_030,30,n13,arc_challenge,summarization,dialogsum,4,300,1.0,0.03,0.97,0.0,0.9633333333333334,0.006666666666666667,0.0,300,20,0.06666666666666667,B,100,0.3333333333333333,3.493333333333333
confirm_paper_tree_030,30,n5,arc_challenge,translation,wmt14_en_fr,3,300,1.0,0.0,1.0,0.0,0.9966666666666667,0.0033333333333333335,0.0,300,13,0.043333333333333335,B,77,0.25666666666666665,1.2933333333333332
confirm_paper_tree_030,30,n6,arc_challenge,summarization,samsum,3,300,1.0,0.006666666666666667,0.9933333333333333,0.0,0.9733333333333334,0.02,0.0,300,17,0.056666666666666664,B,91,0.30333333333333334,1.4433333333333334
confirm_paper_tree_030,30,n7,arc_challenge,qa,squad,3,300,1.0,0.8566666666666667,0.1433333333333333,0.0,0.13333333333333333,0.01,0.0,300,214,0.7133333333333334,D,17,0.056666666666666664,31.876666666666665
confirm_paper_tree_030,30,n8,arc_challenge,summarization,arxiv_summ,3,300,1.0,0.1,0.9,0.0,0.8933333333333333,0.006666666666666667,0.0,300,42,0.14,B,107,0.3566666666666667,16.616666666666667
confirm_paper_tree_030,30,n9,arc_challenge,classification,trec,3,300,1.0,0.16,0.84,0.0,0.09,0.75,0.0,300,69,0.23,other entities,49,0.16333333333333333,15.296666666666667
confirm_paper_tree_030,30,n10,mmlu,translation,opus_en_it,3,300,1.0,0.0,1.0,0.0,1.0,0.0,0.0,300,7,0.023333333333333334,D,108,0.36,1.0
confirm_paper_tree_030,30,n11,mmlu,summarization,govreport,3,300,1.0,0.22333333333333333,0.7766666666666666,0.0,0.7533333333333333,0.023333333333333334,0.0,300,95,0.31666666666666665,D,98,0.32666666666666666,40.14666666666667
confirm_paper_tree_030,30,n12,mmlu,classification,rte,4,300,0.9966666666666667,0.0,1.0,0.0033333333333333335,0.99,0.006666666666666667,0.0,300,10,0.03333333333333333,0,113,0.37666666666666665,1.0033333333333334
confirm_paper_tree_030,30,n13,mmlu,summarization,dialogsum,4,300,0.99,0.04,0.96,0.01,0.9366666666666666,0.013333333333333334,0.0,300,29,0.09666666666666666,B,91,0.30333333333333334,4.573333333333333
confirm_paper_tree_030,30,n5,mmlu,translation,wmt14_en_fr,3,300,0.9966666666666667,0.0,1.0,0.0033333333333333335,0.9833333333333333,0.013333333333333334,0.0,300,11,0.03666666666666667,C,83,0.27666666666666667,1.19
confirm_paper_tree_030,30,n6,mmlu,summarization,samsum,3,300,1.0,0.0,1.0,0.0,1.0,0.0,0.0,300,10,0.03333333333333333,B,91,0.30333333333333334,1.01
confirm_paper_tree_030,30,n7,mmlu,qa,squad,3,300,1.0,0.9133333333333333,0.08666666666666667,0.0,0.06666666666666667,0.02,0.0,300,243,0.81,D,15,0.05,34.08
confirm_paper_tree_030,30,n8,mmlu,summarization,arxiv_summ,3,300,1.0,0.10333333333333333,0.8966666666666667,0.0,0.88,0.016666666666666666,0.0,300,48,0.16,D,93,0.31,20.553333333333335
confirm_paper_tree_030,30,n9,mmlu,classification,trec,3,300,1.0,0.18,0.8200000000000001,0.0,0.25333333333333335,0.5666666666666667,0.0,300,82,0.2733333333333333,other entities,32,0.10666666666666667,14.363333333333333
confirm_paper_tree_030,30,n10,truthfulqa,translation,opus_en_it,3,300,0.9966666666666667,0.31333333333333335,0.6866666666666666,0.0033333333333333335,0.14333333333333334,0.54,0.0,300,269,0.8966666666666666,0,9,0.03,20.13
confirm_paper_tree_030,30,n11,truthfulqa,summarization,govreport,3,300,1.0,0.5966666666666667,0.4033333333333333,0.0,0.043333333333333335,0.36,0.0,300,288,0.96,2,4,0.013333333333333334,62.483333333333334
confirm_paper_tree_030,30,n12,truthfulqa,classification,rte,4,300,0.9066666666666666,0.03,0.97,0.09333333333333334,0.6466666666666666,0.23,0.0,300,88,0.29333333333333333,1,85,0.2833333333333333,4.036666666666667
confirm_paper_tree_030,30,n13,truthfulqa,summarization,dialogsum,4,300,0.8833333333333333,0.30666666666666664,0.6933333333333334,0.11666666666666667,0.10333333333333333,0.47333333333333333,0.0,300,251,0.8366666666666667,<EMPTY>,35,0.11666666666666667,18.91
confirm_paper_tree_030,30,n5,truthfulqa,translation,wmt14_en_fr,3,300,1.0,0.12666666666666668,0.8733333333333333,0.0,0.58,0.29333333333333333,0.0,300,138,0.46,False,101,0.33666666666666667,9.763333333333334
confirm_paper_tree_030,30,n6,truthfulqa,summarization,samsum,3,300,0.9933333333333333,0.17666666666666667,0.8233333333333334,0.006666666666666667,0.36,0.45666666666666667,0.0,300,197,0.6566666666666666,True,45,0.15,12.843333333333334
confirm_paper_tree_030,30,n7,truthfulqa,qa,squad,3,300,1.0,0.9866666666666667,0.013333333333333308,0.0,0.006666666666666667,0.006666666666666667,0.0,300,298,0.9933333333333333,"'answer_start': [3], 'text': ['euro']",2,0.006666666666666667,43.71
confirm_paper_tree_030,30,n8,truthfulqa,summarization,arxiv_summ,3,300,0.9933333333333333,0.75,0.25,0.006666666666666667,0.013333333333333334,0.23,0.0,300,298,0.9933333333333333,<EMPTY>,2,0.006666666666666667,73.44
confirm_paper_tree_030,30,n9,truthfulqa,classification,trec,3,300,1.0,0.14333333333333334,0.8566666666666667,0.0,0.02,0.8366666666666667,0.0,300,92,0.30666666666666664,description of something,43,0.14333333333333334,15.78
confirm_paper_tree_031,31,n1,hellaswag,classification,qnli,2,300,1.0,0.23,0.77,0.0,0.7566666666666667,0.013333333333333334,0.0,300,77,0.25666666666666665,0,159,0.53,12.76
confirm_paper_tree_031,31,n10,hellaswag,translation,wmt14_en_fr,4,300,0.99,0.7333333333333333,0.2666666666666667,0.01,0.1,0.15666666666666668,0.0,300,254,0.8466666666666667,0,27,0.09,60.29333333333334
confirm_paper_tree_031,31,n11,hellaswag,summarization,dialogsum,4,300,0.9833333333333333,0.8066666666666666,0.19333333333333336,0.016666666666666666,0.03,0.14333333333333334,0.0033333333333333335,300,274,0.9133333333333333,[step],14,0.04666666666666667,68.05
confirm_paper_tree_031,31,n5,hellaswag,translation,opus_en_fr,3,300,0.9966666666666667,0.91,0.08999999999999997,0.0033333333333333335,0.023333333333333334,0.06333333333333334,0.0,300,299,0.9966666666666667,1,2,0.006666666666666667,89.56666666666666
confirm_paper_tree_031,31,n6,hellaswag,summarization,govreport,3,300,0.9966666666666667,0.99,0.010000000000000009,0.0033333333333333335,0.0,0.006666666666666667,0.0,300,300,1.0,"If your baby is at risk, you may be prescribed a bottle or bottle as a treatment. Your baby’s parents may also be liable for the bottles you took their baby for a small time. Most prescription drugs can help your baby improve and maintain health. Consider taking your baby to your doctor.",1,0.0033333333333333335,186.75666666666666
confirm_paper_tree_031,31,n7,hellaswag,qa,arc_easy,3,300,0.9966666666666667,0.7966666666666666,0.20333333333333337,0.0033333333333333335,0.12,0.08,0.0,300,278,0.9266666666666666,A,7,0.023333333333333334,55.42
confirm_paper_tree_031,31,n8,hellaswag,summarization,samsum,4,300,0.9866666666666667,0.8866666666666667,0.11333333333333329,0.013333333333333334,0.04,0.06,0.0,300,288,0.96,0,8,0.02666666666666667,83.93
confirm_paper_tree_031,31,n9,hellaswag,translation,wmt14_en_de,4,300,1.0,0.82,0.18000000000000005,0.0,0.08333333333333333,0.09666666666666666,0.0,300,272,0.9066666666666666,0,19,0.06333333333333334,68.88666666666667
confirm_paper_tree_031,31,n1,arc_challenge,classification,qnli,2,300,1.0,0.0,1.0,0.0,1.0,0.0,0.0,300,3,0.01,0,213,0.71,1.0
confirm_paper_tree_031,31,n10,arc_challenge,translation,wmt14_en_fr,4,300,1.0,0.0,1.0,0.0,0.9966666666666667,0.0033333333333333335,0.0,300,7,0.023333333333333334,0,78,0.26,1.0
confirm_paper_tree_031,31,n11,arc_challenge,summarization,dialogsum,4,300,1.0,0.006666666666666667,0.9933333333333333,0.0,0.99,0.0033333333333333335,0.0,300,10,0.03333333333333333,0,95,0.31666666666666665,1.2766666666666666
confirm_paper_tree_031,31,n5,arc_challenge,translation,opus_en_fr,3,300,1.0,0.006666666666666667,0.9933333333333333,0.0,0.9866666666666667,0.006666666666666667,0.0,300,12,0.04,B,112,0.37333333333333335,1.53
confirm_paper_tree_031,31,n6,arc_challenge,summarization,govreport,3,300,0.9933333333333333,0.45,0.55,0.006666666666666667,0.52,0.02,0.0033333333333333335,300,159,0.53,B,45,0.15,86.84
confirm_paper_tree_031,31,n7,arc_challenge,qa,arc_easy,3,300,1.0,0.016666666666666666,0.9833333333333333,0.0,0.98,0.0033333333333333335,0.0,300,13,0.043333333333333335,D,94,0.31333333333333335,1.97
confirm_paper_tree_031,31,n8,arc_challenge,summarization,samsum,4,300,1.0,0.0033333333333333335,0.9966666666666667,0.0,0.9933333333333333,0.0033333333333333335,0.0,300,8,0.02666666666666667,B,101,0.33666666666666667,1.1333333333333333
confirm_paper_tree_031,31,n9,arc_challenge,translation,wmt14_en_de,4,300,1.0,0.0,1.0,0.0,0.9966666666666667,0.0033333333333333335,0.0,300,7,0.023333333333333334,B,91,0.30333333333333334,1.0
confirm_paper_tree_031,31,n1,mmlu,classification,qnli,2,300,1.0,0.0,1.0,0.0,0.9966666666666667,0.0033333333333333335,0.0,300,3,0.01,0,231,0.77,1.0
confirm_paper_tree_031,31,n10,mmlu,translation,wmt14_en_fr,4,300,1.0,0.0,1.0,0.0,1.0,0.0,0.0,300,7,0.023333333333333334,0,102,0.34,1.0033333333333334
confirm_paper_tree_031,31,n11,mmlu,summarization,dialogsum,4,300,0.9966666666666667,0.0,1.0,0.0033333333333333335,0.9933333333333333,0.0033333333333333335,0.0,300,9,0.03,0,125,0.4166666666666667,1.01
confirm_paper_tree_031,31,n5,mmlu,translation,opus_en_fr,3,300,1.0,0.0,1.0,0.0,0.9966666666666667,0.0033333333333333335,0.0,300,9,0.03,B,115,0.38333333333333336,1.0
confirm_paper_tree_031,31,n6,mmlu,summarization,govreport,3,300,0.9866666666666667,0.54,0.45999999999999996,0.013333333333333334,0.42,0.02666666666666667,0.0,300,184,0.6133333333333333,D,38,0.12666666666666668,117.25666666666666
confirm_paper_tree_031,31,n7,mmlu,qa,arc_easy,3,300,1.0,0.0,1.0,0.0,1.0,0.0,0.0,300,4,0.013333333333333334,C,85,0.2833333333333333,1.0
confirm_paper_tree_031,31,n8,mmlu,summarization,samsum,4,300,1.0,0.0033333333333333335,0.9966666666666667,0.0,0.9933333333333333,0.0033333333333333335,0.0,300,9,0.03,B,81,0.27,1.5033333333333334
confirm_paper_tree_031,31,n9,mmlu,translation,wmt14_en_de,4,300,1.0,0.0,1.0,0.0,0.9866666666666667,0.013333333333333334,0.0,300,11,0.03666666666666667,B,81,0.27,1.0
confirm_paper_tree_031,31,n1,truthfulqa,classification,qnli,2,300,1.0,0.0,1.0,0.0,0.9966666666666667,0.0033333333333333335,0.0,300,5,0.016666666666666666,1,218,0.7266666666666667,1.02
confirm_paper_tree_031,31,n10,truthfulqa,translation,wmt14_en_fr,4,300,0.9733333333333334,0.5,0.5,0.02666666666666667,0.12666666666666668,0.3466666666666667,0.0,300,262,0.8733333333333333,0,23,0.07666666666666666,33.843333333333334
confirm_paper_tree_031,31,n11,truthfulqa,summarization,dialogsum,4,300,0.9866666666666667,0.44666666666666666,0.5533333333333333,0.013333333333333334,0.23666666666666666,0.30333333333333334,0.0,300,234,0.78,0,61,0.20333333333333334,26.716666666666665
confirm_paper_tree_031,31,n5,truthfulqa,translation,opus_en_fr,3,300,0.99,0.4633333333333333,0.5366666666666666,0.01,0.08,0.44666666666666666,0.0,300,279,0.93,0,6,0.02,32.04333333333334
confirm_paper_tree_031,31,n6,truthfulqa,summarization,govreport,3,300,0.9866666666666667,0.7066666666666667,0.29333333333333333,0.013333333333333334,0.03333333333333333,0.24333333333333335,0.0033333333333333335,300,292,0.9733333333333334,1,4,0.013333333333333334,103.14
confirm_paper_tree_031,31,n7,truthfulqa,qa,arc_easy,3,300,0.9,0.34,0.6599999999999999,0.1,0.45666666666666667,0.10333333333333333,0.0,300,177,0.59,<EMPTY>,30,0.1,17.613333333333333
confirm_paper_tree_031,31,n8,truthfulqa,summarization,samsum,4,300,1.0,0.6366666666666667,0.3633333333333333,0.0,0.08333333333333333,0.28,0.0,300,277,0.9233333333333333,0,18,0.06,40.95
confirm_paper_tree_031,31,n9,truthfulqa,translation,wmt14_en_de,4,300,0.98,0.69,0.31000000000000005,0.02,0.06666666666666667,0.22333333333333333,0.0,300,283,0.9433333333333334,0,9,0.03,46.03666666666667
confirm_paper_tree_032,32,n1,hellaswag,summarization,samsum,2,300,1.0,0.97,0.030000000000000027,0.0,0.0,0.03,0.0,300,296,0.9866666666666667,[step],5,0.016666666666666666,112.93666666666667
confirm_paper_tree_032,32,n10,hellaswag,translation,opus_en_ru,4,300,0.99,0.27,0.73,0.01,0.51,0.21,0.0,300,120,0.4,A,80,0.26666666666666666,16.593333333333334
confirm_paper_tree_032,32,n11,hellaswag,translation,opus_en_es,4,300,0.9966666666666667,0.2866666666666667,0.7133333333333334,0.0033333333333333335,0.5766666666666667,0.13333333333333333,0.0,300,121,0.4033333333333333,A,106,0.35333333333333333,17.44333333333333
confirm_paper_tree_032,32,n12,hellaswag,qa,squad_v2,4,300,1.0,0.8466666666666667,0.15333333333333332,0.0,0.0,0.15333333333333332,0.0,300,262,0.8733333333333333,"'answer_start': [], 'text': []",39,0.13,47.54666666666667
confirm_paper_tree_032,32,n13,hellaswag,translation,opus_en_de,4,300,1.0,0.4533333333333333,0.5466666666666666,0.0,0.3,0.24666666666666667,0.0,300,172,0.5733333333333334,[step],49,0.16333333333333333,34.10666666666667
confirm_paper_tree_032,32,n6,hellaswag,qa,sciq,3,300,0.9833333333333333,0.8466666666666667,0.15333333333333332,0.016666666666666666,0.0,0.13333333333333333,0.0033333333333333335,300,294,0.98,<EMPTY>,5,0.016666666666666666,62.48
confirm_paper_tree_032,32,n7,hellaswag,classification,yelp_polarity,3,300,1.0,0.22333333333333333,0.7766666666666666,0.0,0.7733333333333333,0.0033333333333333335,0.0,300,71,0.23666666666666666,0,157,0.5233333333333333,13.28
confirm_paper_tree_032,32,n8,hellaswag,summarization,cnn_dailymail,3,300,1.0,0.61,0.39,0.0,0.02,0.37,0.0,300,202,0.6733333333333333,[header],71,0.23666666666666666,57.54
confirm_paper_tree_032,32,n9,hellaswag,qa,arc_challenge,4,300,1.0,0.08333333333333333,0.9166666666666666,0.0,0.8833333333333333,0.03333333333333333,0.0,300,45,0.15,A,137,0.45666666666666667,4.866666666666666
confirm_paper_tree_032,32,n1,arc_challenge,summarization,samsum,2,300,1.0,0.03,0.97,0.0,0.96,0.01,0.0,300,20,0.06666666666666667,B,76,0.25333333333333335,2.74
confirm_paper_tree_032,32,n10,arc_challenge,translation,opus_en_ru,4,300,1.0,0.0,1.0,0.0,1.0,0.0,0.0,300,6,0.02,B,89,0.2966666666666667,1.0133333333333334
confirm_paper_tree_032,32,n11,arc_challenge,translation,opus_en_es,4,300,1.0,0.0033333333333333335,0.9966666666666667,0.0,0.9966666666666667,0.0,0.0,300,8,0.02666666666666667,D,97,0.3233333333333333,1.1666666666666667
confirm_paper_tree_032,32,n12,arc_challenge,qa,squad_v2,4,300,1.0,0.30333333333333334,0.6966666666666667,0.0,0.29333333333333333,0.4033333333333333,0.0,300,82,0.2733333333333333,"'answer_start': [], 'text': []",120,0.4,23.826666666666668
confirm_paper_tree_032,32,n13,arc_challenge,translation,opus_en_de,4,300,1.0,0.006666666666666667,0.9933333333333333,0.0,0.9933333333333333,0.0,0.0,300,6,0.02,B,85,0.2833333333333333,1.3266666666666667
confirm_paper_tree_032,32,n6,arc_challenge,qa,sciq,3,300,1.0,0.07333333333333333,0.9266666666666666,0.0,0.7233333333333334,0.20333333333333334,0.0,300,84,0.28,B,59,0.19666666666666666,5.59
confirm_paper_tree_032,32,n7,arc_challenge,classification,yelp_polarity,3,300,1.0,0.0,1.0,0.0,0.9966666666666667,0.0033333333333333335,0.0,300,8,0.02666666666666667,0,212,0.7066666666666667,1.0066666666666666
confirm_paper_tree_032,32,n8,arc_challenge,summarization,cnn_dailymail,3,300,1.0,0.0,1.0,0.0,1.0,0.0,0.0,300,9,0.03,A,117,0.39,1.0
confirm_paper_tree_032,32,n9,arc_challenge,qa,arc_challenge,4,300,1.0,0.0,1.0,0.0,1.0,0.0,0.0,300,4,0.013333333333333334,A,99,0.33,1.0
confirm_paper_tree_032,32,n1,mmlu,summarization,samsum,2,300,1.0,0.013333333333333334,0.9866666666666667,0.0,0.9833333333333333,0.0033333333333333335,0.0,300,12,0.04,B,81,0.27,2.4766666666666666
confirm_paper_tree_032,32,n10,mmlu,translation,opus_en_ru,4,300,1.0,0.0,1.0,0.0,0.9966666666666667,0.0033333333333333335,0.0,300,5,0.016666666666666666,C,101,0.33666666666666667,1.0
confirm_paper_tree_032,32,n11,mmlu,translation,opus_en_es,4,300,1.0,0.0,1.0,0.0,1.0,0.0,0.0,300,4,0.013333333333333334,D,87,0.29,1.0
confirm_paper_tree_032,32,n12,mmlu,qa,squad_v2,4,300,1.0,0.42,0.5800000000000001,0.0,0.2733333333333333,0.30666666666666664,0.0,300,119,0.39666666666666667,"'answer_start': [], 'text': []",91,0.30333333333333334,25.30666666666667
confirm_paper_tree_032,32,n13,mmlu,translation,opus_en_de,4,300,1.0,0.0,1.0,0.0,1.0,0.0,0.0,300,4,0.013333333333333334,B,88,0.29333333333333333,1.0
confirm_paper_tree_032,32,n6,mmlu,qa,sciq,3,300,1.0,0.016666666666666666,0.9833333333333333,0.0,0.8,0.18333333333333332,0.0,300,62,0.20666666666666667,D,70,0.23333333333333334,3.87
confirm_paper_tree_032,32,n7,mmlu,classification,yelp_polarity,3,300,1.0,0.0,1.0,0.0,0.9933333333333333,0.006666666666666667,0.0,300,8,0.02666666666666667,0,232,0.7733333333333333,1.01
confirm_paper_tree_032,32,n8,mmlu,summarization,cnn_dailymail,3,300,1.0,0.0,1.0,0.0,0.9866666666666667,0.013333333333333334,0.0,300,11,0.03666666666666667,A,127,0.42333333333333334,1.05
confirm_paper_tree_032,32,n9,mmlu,qa,arc_challenge,4,300,1.0,0.0,1.0,0.0,1.0,0.0,0.0,300,4,0.013333333333333334,B,98,0.32666666666666666,1.0
confirm_paper_tree_032,32,n1,truthfulqa,summarization,samsum,2,300,1.0,0.5733333333333334,0.42666666666666664,0.0,0.016666666666666666,0.41,0.0,300,296,0.9866666666666667,Ulstermen,3,0.01,34.74
confirm_paper_tree_032,32,n10,truthfulqa,translation,opus_en_ru,4,300,0.9966666666666667,0.0,1.0,0.0033333333333333335,0.9866666666666667,0.01,0.0,300,16,0.05333333333333334,B,151,0.5033333333333333,1.0233333333333334
confirm_paper_tree_032,32,n11,truthfulqa,translation,opus_en_es,4,300,1.0,0.0,1.0,0.0,0.9766666666666667,0.023333333333333334,0.0,300,17,0.056666666666666664,B,134,0.44666666666666666,1.0766666666666667
confirm_paper_tree_032,32,n12,truthfulqa,qa,squad_v2,4,300,1.0,0.37333333333333335,0.6266666666666667,0.0,0.0,0.6266666666666667,0.0,300,117,0.39,"'answer_start': [], 'text': []",182,0.6066666666666667,34.83
confirm_paper_tree_032,32,n13,truthfulqa,translation,opus_en_de,4,300,0.9966666666666667,0.0,1.0,0.0033333333333333335,0.98,0.016666666666666666,0.0,300,17,0.056666666666666664,B,157,0.5233333333333333,1.0333333333333334
confirm_paper_tree_032,32,n6,truthfulqa,qa,sciq,3,300,1.0,0.20333333333333334,0.7966666666666666,0.0,0.15,0.6466666666666666,0.0,300,246,0.82,no,32,0.10666666666666667,12.386666666666667
confirm_paper_tree_032,32,n7,truthfulqa,classification,yelp_polarity,3,300,1.0,0.0,1.0,0.0,0.9833333333333333,0.016666666666666666,0.0,300,10,0.03333333333333333,0,186,0.62,1.12
confirm_paper_tree_032,32,n8,truthfulqa,summarization,cnn_dailymail,3,300,0.9866666666666667,0.25666666666666665,0.7433333333333334,0.013333333333333334,0.32,0.41,0.0,300,208,0.6933333333333334,0,59,0.19666666666666666,17.83
confirm_paper_tree_032,32,n9,truthfulqa,qa,arc_challenge,4,300,1.0,0.0,1.0,0.0,0.99,0.01,0.0,300,11,0.03666666666666667,B,127,0.42333333333333334,1.0033333333333334
confirm_paper_tree_033,33,n10,hellaswag,qa,trivia_qa,3,300,1.0,0.9666666666666667,0.033333333333333326,0.0,0.0033333333333333335,0.016666666666666666,0.013333333333333334,300,300,1.0,"'aliases': ['Is your child still struggling with your physical development?', 'My child still needs medical help', 'My baby needs medical help for life', 'My child needs physical therapy (pharmacology)', 'My child needs psychological therapy",1,0.0033333333333333335,115.57333333333334
confirm_paper_tree_033,33,n11,hellaswag,summarization,cnn_dailymail,4,300,1.0,0.8466666666666667,0.15333333333333332,0.0,0.12,0.03333333333333333,0.0,300,271,0.9033333333333333,0,15,0.05,87.74333333333334
confirm_paper_tree_033,33,n12,hellaswag,classification,ag_news,4,300,1.0,0.13,0.87,0.0,0.8666666666666667,0.0033333333333333335,0.0,300,47,0.15666666666666668,0,152,0.5066666666666667,7.663333333333333
confirm_paper_tree_033,33,n13,hellaswag,summarization,pubmed,4,300,1.0,0.9966666666666667,0.0033333333333332993,0.0,0.0,0.0033333333333333335,0.0,300,300,1.0,"Be aware that developmental delays can appear in any area such as a cranial cavity, a thoracic cavity, or abdominal cavity. The doctor can identify any of these conditions for you if your child is experiencing problems and is suffering from developmental delays.",1,0.0033333333333333335,170.71666666666667
confirm_paper_tree_033,33,n4,hellaswag,translation,opus_en_de,3,300,1.0,0.97,0.030000000000000027,0.0,0.0,0.03,0.0,300,298,0.9933333333333333,[step],3,0.01,118.23
confirm_paper_tree_033,33,n5,hellaswag,classification,trec,3,300,1.0,0.6133333333333333,0.3866666666666667,0.0,0.0,0.38666666666666666,0.0,300,181,0.6033333333333334,a group or organization of persons,58,0.19333333333333333,27.626666666666665
confirm_paper_tree_033,33,n7,hellaswag,translation,opus_en_ja,3,300,1.0,0.83,0.17000000000000004,0.0,0.006666666666666667,0.14666666666666667,0.016666666666666666,300,282,0.94,[step],18,0.06,81.08333333333333
confirm_paper_tree_033,33,n8,hellaswag,qa,squad_v2,3,300,1.0,0.8433333333333334,0.15666666666666662,0.0,0.013333333333333334,0.10666666666666667,0.03666666666666667,300,293,0.9766666666666667,"'answer_start': [], 'text': []",7,0.023333333333333334,52.68666666666667
confirm_paper_tree_033,33,n9,hellaswag,classification,dbpedia_14,3,300,0.9933333333333333,0.8466666666666667,0.15333333333333332,0.006666666666666667,0.09666666666666666,0.05,0.0,300,274,0.9133333333333333,0,26,0.08666666666666667,93.22666666666667
confirm_paper_tree_033,33,n10,arc_challenge,qa,trivia_qa,3,300,1.0,0.9566666666666667,0.043333333333333335,0.0,0.0,0.0033333333333333335,0.04,300,300,1.0,"'aliases': ['The temperature in November', 'Fruits', 'ISO 3166-1:P10', 'Total heat wave', 'Current heat wave', 'Delayed heat wave', 'High",1,0.0033333333333333335,131.59
confirm_paper_tree_033,33,n11,arc_challenge,summarization,cnn_dailymail,4,300,1.0,0.11,0.89,0.0,0.8766666666666667,0.013333333333333334,0.0,300,58,0.19333333333333333,0,59,0.19666666666666666,6.886666666666667
confirm_paper_tree_033,33,n12,arc_challenge,classification,ag_news,4,300,1.0,0.0,1.0,0.0,1.0,0.0,0.0,300,4,0.013333333333333334,0,165,0.55,1.0
confirm_paper_tree_033,33,n13,arc_challenge,summarization,pubmed,4,300,1.0,0.6066666666666667,0.3933333333333333,0.0,0.30333333333333334,0.09,0.0,300,229,0.7633333333333333,1,25,0.08333333333333333,91.77666666666667
confirm_paper_tree_033,33,n4,arc_challenge,translation,opus_en_de,3,300,1.0,0.07333333333333333,0.9266666666666666,0.0,0.9166666666666666,0.01,0.0,300,39,0.13,C,81,0.27,5.6
confirm_paper_tree_033,33,n5,arc_challenge,classification,trec,3,300,1.0,0.42,0.5800000000000001,0.0,0.08,0.5,0.0,300,109,0.36333333333333334,a group or organization of persons,72,0.24,19.343333333333334
confirm_paper_tree_033,33,n7,arc_challenge,translation,opus_en_ja,3,300,0.9933333333333333,0.013333333333333334,0.9866666666666667,0.006666666666666667,0.9733333333333334,0.0033333333333333335,0.0033333333333333335,300,15,0.05,A,86,0.2866666666666667,1.97
confirm_paper_tree_033,33,n8,arc_challenge,qa,squad_v2,3,300,1.0,0.6266666666666667,0.3733333333333333,0.0,0.02,0.35333333333333333,0.0,300,172,0.5733333333333334,"'answer_start': [], 'text': []",104,0.3466666666666667,34.4
confirm_paper_tree_033,33,n9,arc_challenge,classification,dbpedia_14,3,300,0.9966666666666667,0.0033333333333333335,0.9966666666666667,0.0033333333333333335,0.99,0.0033333333333333335,0.0,300,11,0.03666666666666667,0,121,0.4033333333333333,1.2866666666666666
confirm_paper_tree_033,33,n10,mmlu,qa,trivia_qa,3,300,1.0,0.95,0.050000000000000044,0.0,0.0,0.01,0.04,300,300,1.0,"'aliases': ['Life in a cohort', 'Life over 90', 'Life in a cohort', 'Life in a cohort', 'Life in a cohort', 'Life in a cohort', 'Life in",1,0.0033333333333333335,124.42666666666666
confirm_paper_tree_033,33,n11,mmlu,summarization,cnn_dailymail,4,300,1.0,0.20333333333333334,0.7966666666666666,0.0,0.7766666666666666,0.02,0.0,300,73,0.24333333333333335,0,61,0.20333333333333334,13.463333333333333
confirm_paper_tree_033,33,n12,mmlu,classification,ag_news,4,300,1.0,0.0,1.0,0.0,1.0,0.0,0.0,300,4,0.013333333333333334,0,162,0.54,1.0
confirm_paper_tree_033,33,n13,mmlu,summarization,pubmed,4,300,1.0,0.68,0.31999999999999995,0.0,0.21,0.1,0.01,300,251,0.8366666666666667,0,26,0.08666666666666667,107.19666666666667
confirm_paper_tree_033,33,n4,mmlu,translation,opus_en_de,3,300,1.0,0.09,0.91,0.0,0.9,0.01,0.0,300,44,0.14666666666666667,C,80,0.26666666666666666,4.823333333333333
confirm_paper_tree_033,33,n5,mmlu,classification,trec,3,300,1.0,0.6066666666666667,0.3933333333333333,0.0,0.07666666666666666,0.31666666666666665,0.0,300,122,0.4066666666666667,a group or organization of persons,96,0.32,23.996666666666666
confirm_paper_tree_033,33,n7,mmlu,translation,opus_en_ja,3,300,1.0,0.0,1.0,0.0,1.0,0.0,0.0,300,4,0.013333333333333334,C,87,0.29,1.0
confirm_paper_tree_033,33,n8,mmlu,qa,squad_v2,3,300,1.0,0.6766666666666666,0.32333333333333336,0.0,0.006666666666666667,0.31666666666666665,0.0,300,170,0.5666666666666667,"'answer_start': [], 'text': []",94,0.31333333333333335,34.42666666666667
confirm_paper_tree_033,33,n9,mmlu,classification,dbpedia_14,3,300,0.9966666666666667,0.0033333333333333335,0.9966666666666667,0.0033333333333333335,0.9866666666666667,0.006666666666666667,0.0,300,11,0.03666666666666667,0,189,0.63,1.2466666666666666
confirm_paper_tree_033,33,n10,truthfulqa,qa,trivia_qa,3,300,1.0,0.9866666666666667,0.013333333333333308,0.0,0.0,0.006666666666666667,0.006666666666666667,300,300,1.0,"'aliases': ['Food rations', 'Forest', 'Forest', 'Forest Farmers', 'Forest', 'Forest', 'Foresters (disambiguation)'], 'matched_wiki",1,0.0033333333333333335,123.97666666666667
confirm_paper_tree_033,33,n11,truthfulqa,summarization,cnn_dailymail,4,300,0.9966666666666667,0.25,0.75,0.0033333333333333335,0.7166666666666667,0.03,0.0,300,100,0.3333333333333333,0,131,0.43666666666666665,13.96
confirm_paper_tree_033,33,n12,truthfulqa,classification,ag_news,4,300,1.0,0.0,1.0,0.0,0.9966666666666667,0.0033333333333333335,0.0,300,6,0.02,0,157,0.5233333333333333,1.0033333333333334
confirm_paper_tree_033,33,n13,truthfulqa,summarization,pubmed,4,300,1.0,0.8433333333333334,0.15666666666666662,0.0,0.03333333333333333,0.12333333333333334,0.0,300,295,0.9833333333333333,1,6,0.02,120.29
confirm_paper_tree_033,33,n4,truthfulqa,translation,opus_en_de,3,300,1.0,0.8,0.19999999999999996,0.0,0.03,0.17,0.0,300,298,0.9933333333333333,'answer_start': [0],2,0.006666666666666667,44.333333333333336
confirm_paper_tree_033,33,n5,truthfulqa,classification,trec,3,300,1.0,0.2,0.8,0.0,0.03,0.77,0.0,300,94,0.31333333333333335,description of something,38,0.12666666666666668,16.11
confirm_paper_tree_033,33,n7,truthfulqa,translation,opus_en_ja,3,300,0.9266666666666666,0.37666666666666665,0.6233333333333333,0.07333333333333333,0.05333333333333334,0.49666666666666665,0.0,300,267,0.89,<EMPTY>,22,0.07333333333333333,23.18
confirm_paper_tree_033,33,n8,truthfulqa,qa,squad_v2,3,300,1.0,0.6966666666666667,0.30333333333333334,0.0,0.013333333333333334,0.29,0.0,300,226,0.7533333333333333,"'answer_start': [], 'text': []",64,0.21333333333333335,39.14666666666667
confirm_paper_tree_033,33,n9,truthfulqa,classification,dbpedia_14,3,300,0.9966666666666667,0.22666666666666666,0.7733333333333333,0.0033333333333333335,0.29,0.48,0.0,300,227,0.7566666666666667,0,42,0.14,15.446666666666667
confirm_paper_tree_034,34,n10,hellaswag,qa,boolq,3,300,1.0,0.08666666666666667,0.9133333333333333,0.0,0.8866666666666667,0.02666666666666667,0.0,300,48,0.16,True,187,0.6233333333333333,9.293333333333333
confirm_paper_tree_034,34,n11,hellaswag,classification,dbpedia_14,3,300,1.0,0.12666666666666668,0.8733333333333333,0.0,0.85,0.023333333333333334,0.0,300,52,0.17333333333333334,0,239,0.7966666666666666,5.993333333333333
confirm_paper_tree_034,34,n12,hellaswag,qa,arc_easy,3,300,0.99,0.19333333333333333,0.8066666666666666,0.01,0.7533333333333333,0.043333333333333335,0.0,300,88,0.29333333333333333,A,90,0.3,10.716666666666667
confirm_paper_tree_034,34,n13,hellaswag,classification,sst2,3,300,1.0,0.056666666666666664,0.9433333333333334,0.0,0.9433333333333334,0.0,0.0,300,22,0.07333333333333333,1,193,0.6433333333333333,3.92
confirm_paper_tree_034,34,n3,hellaswag,qa,arc_challenge,2,300,0.9766666666666667,0.41,0.5900000000000001,0.023333333333333334,0.26666666666666666,0.2966666666666667,0.0033333333333333335,300,213,0.71,D,20,0.06666666666666667,22.07
confirm_paper_tree_034,34,n5,hellaswag,summarization,arxiv_summ,2,300,1.0,0.9933333333333333,0.00666666666666671,0.0,0.0,0.006666666666666667,0.0,300,300,1.0,"Be aware that developmental delays start when children grow up with a brain or spinal cord injury, and can cause physical irregularities that may affect the growth and development of certain motor motor skills. If you have a physical disability, visit the doctor as soon as you can.",1,0.0033333333333333335,175.52
confirm_paper_tree_034,34,n6,hellaswag,translation,wmt14_en_fr,2,300,1.0,0.9633333333333334,0.036666666666666625,0.0,0.0033333333333333335,0.03333333333333333,0.0,300,295,0.9833333333333333,[step],6,0.02,115.29
confirm_paper_tree_034,34,n7,hellaswag,qa,sciq,2,300,0.9833333333333333,0.92,0.07999999999999996,0.016666666666666666,0.0,0.06333333333333334,0.0,300,295,0.9833333333333333,<EMPTY>,5,0.016666666666666666,82.86333333333333
confirm_paper_tree_034,34,n8,hellaswag,translation,opus_en_es,2,300,1.0,0.9833333333333333,0.01666666666666672,0.0,0.0,0.016666666666666666,0.0,300,297,0.99,[step],4,0.013333333333333334,103.78333333333333
confirm_paper_tree_034,34,n9,hellaswag,summarization,cnn_dailymail,3,300,0.9966666666666667,0.9866666666666667,0.013333333333333308,0.0033333333333333335,0.0033333333333333335,0.006666666666666667,0.0,300,300,1.0,"Treatment for some developmental issues may include medication, supplements, or a referral to a professional. If your baby’s developmental delay appears to be a natural ailment, consult a doctor right away.",1,0.0033333333333333335,128.33
confirm_paper_tree_034,34,n10,arc_challenge,qa,boolq,3,300,1.0,0.0,1.0,0.0,1.0,0.0,0.0,300,2,0.006666666666666667,True,210,0.7,4.3
confirm_paper_tree_034,34,n11,arc_challenge,classification,dbpedia_14,3,300,1.0,0.0,1.0,0.0,1.0,0.0,0.0,300,3,0.01,A,143,0.4766666666666667,1.0
confirm_paper_tree_034,34,n12,arc_challenge,qa,arc_easy,3,300,0.9966666666666667,0.0,1.0,0.0033333333333333335,0.9966666666666667,0.0,0.0,300,5,0.016666666666666666,B,102,0.34,0.9966666666666667
confirm_paper_tree_034,34,n13,arc_challenge,classification,sst2,3,300,1.0,0.0,1.0,0.0,1.0,0.0,0.0,300,4,0.013333333333333334,1,196,0.6533333333333333,1.0
confirm_paper_tree_034,34,n3,arc_challenge,qa,arc_challenge,2,300,1.0,0.0,1.0,0.0,0.9966666666666667,0.0033333333333333335,0.0,300,9,0.03,C,93,0.31,1.0266666666666666
confirm_paper_tree_034,34,n5,arc_challenge,summarization,arxiv_summ,2,300,1.0,0.4533333333333333,0.5466666666666666,0.0,0.5333333333333333,0.013333333333333334,0.0,300,150,0.5,C,51,0.17,79.29666666666667
confirm_paper_tree_034,34,n6,arc_challenge,translation,wmt14_en_fr,2,300,1.0,0.02,0.98,0.0,0.97,0.01,0.0,300,12,0.04,C,106,0.35333333333333333,1.9566666666666668
confirm_paper_tree_034,34,n7,arc_challenge,qa,sciq,2,300,1.0,0.09,0.91,0.0,0.74,0.17,0.0,300,76,0.25333333333333335,B,74,0.24666666666666667,6.013333333333334
confirm_paper_tree_034,34,n8,arc_challenge,translation,opus_en_es,2,300,1.0,0.013333333333333334,0.9866666666666667,0.0,0.97,0.016666666666666666,0.0,300,15,0.05,B,98,0.32666666666666666,2.216666666666667
confirm_paper_tree_034,34,n9,arc_challenge,summarization,cnn_dailymail,3,300,1.0,0.05333333333333334,0.9466666666666667,0.0,0.8933333333333333,0.05333333333333334,0.0,300,42,0.14,B,73,0.24333333333333335,5.37
confirm_paper_tree_034,34,n10,mmlu,qa,boolq,3,300,1.0,0.0,1.0,0.0,1.0,0.0,0.0,300,2,0.006666666666666667,True,196,0.6533333333333333,4.346666666666667
confirm_paper_tree_034,34,n11,mmlu,classification,dbpedia_14,3,300,1.0,0.0,1.0,0.0,1.0,0.0,0.0,300,3,0.01,A,138,0.46,1.0
confirm_paper_tree_034,34,n12,mmlu,qa,arc_easy,3,300,1.0,0.0,1.0,0.0,0.9966666666666667,0.0033333333333333335,0.0,300,5,0.016666666666666666,B,101,0.33666666666666667,1.0
confirm_paper_tree_034,34,n13,mmlu,classification,sst2,3,300,1.0,0.0,1.0,0.0,0.9966666666666667,0.0033333333333333335,0.0,300,6,0.02,1,179,0.5966666666666667,1.0
confirm_paper_tree_034,34,n3,mmlu,qa,arc_challenge,2,300,1.0,0.0,1.0,0.0,1.0,0.0,0.0,300,4,0.013333333333333334,C,94,0.31333333333333335,1.0
confirm_paper_tree_034,34,n5,mmlu,summarization,arxiv_summ,2,300,1.0,0.36666666666666664,0.6333333333333333,0.0,0.6266666666666667,0.006666666666666667,0.0,300,128,0.4266666666666667,D,63,0.21,66.84666666666666
confirm_paper_tree_034,34,n6,mmlu,translation,wmt14_en_fr,2,300,1.0,0.0,1.0,0.0,1.0,0.0,0.0,300,4,0.013333333333333334,C,104,0.3466666666666667,1.0
confirm_paper_tree_034,34,n7,mmlu,qa,sciq,2,300,0.9966666666666667,0.016666666666666666,0.9833333333333333,0.0033333333333333335,0.81,0.17,0.0,300,60,0.2,D,64,0.21333333333333335,3.65
confirm_paper_tree_034,34,n8,mmlu,translation,opus_en_es,2,300,1.0,0.0,1.0,0.0,0.9966666666666667,0.0033333333333333335,0.0,300,9,0.03,B,84,0.28,1.02
confirm_paper_tree_034,34,n9,mmlu,summarization,cnn_dailymail,3,300,1.0,0.04666666666666667,0.9533333333333334,0.0,0.8966666666666666,0.056666666666666664,0.0,300,51,0.17,C,71,0.23666666666666666,7.6
confirm_paper_tree_034,34,n10,truthfulqa,qa,boolq,3,300,1.0,0.0,1.0,0.0,1.0,0.0,0.0,300,2,0.006666666666666667,False,163,0.5433333333333333,4.543333333333333
confirm_paper_tree_034,34,n11,truthfulqa,classification,dbpedia_14,3,300,1.0,0.0,1.0,0.0,1.0,0.0,0.0,300,4,0.013333333333333334,0,138,0.46,1.0
confirm_paper_tree_034,34,n12,truthfulqa,qa,arc_easy,3,300,0.9966666666666667,0.0,1.0,0.0033333333333333335,0.99,0.006666666666666667,0.0,300,9,0.03,B,163,0.5433333333333333,1.0166666666666666
confirm_paper_tree_034,34,n13,truthfulqa,classification,sst2,3,300,1.0,0.0,1.0,0.0,1.0,0.0,0.0,300,2,0.006666666666666667,1,212,0.7066666666666667,1.0
confirm_paper_tree_034,34,n3,truthfulqa,qa,arc_challenge,2,300,1.0,0.19,0.81,0.0,0.20333333333333334,0.6066666666666667,0.0,300,173,0.5766666666666667,no,35,0.11666666666666667,11.803333333333333
confirm_paper_tree_034,34,n5,truthfulqa,summarization,arxiv_summ,2,300,1.0,0.77,0.22999999999999998,0.0,0.0033333333333333335,0.22666666666666666,0.0,300,295,0.9833333333333333,English,3,0.01,94.51
confirm_paper_tree_034,34,n6,truthfulqa,translation,wmt14_en_fr,2,300,1.0,0.39666666666666667,0.6033333333333333,0.0,0.06666666666666667,0.5366666666666666,0.0,300,279,0.93,no,8,0.02666666666666667,24.12
confirm_paper_tree_034,34,n7,truthfulqa,qa,sciq,2,300,1.0,0.17666666666666667,0.8233333333333334,0.0,0.15333333333333332,0.67,0.0,300,246,0.82,no,29,0.09666666666666666,12.34
confirm_paper_tree_034,34,n8,truthfulqa,translation,opus_en_es,2,300,0.9933333333333333,0.4166666666666667,0.5833333333333333,0.006666666666666667,0.04,0.5366666666666666,0.0,300,281,0.9366666666666666,no,7,0.023333333333333334,27.043333333333333
confirm_paper_tree_034,34,n9,truthfulqa,summarization,cnn_dailymail,3,300,0.9966666666666667,0.12333333333333334,0.8766666666666667,0.0033333333333333335,0.42333333333333334,0.45,0.0,300,166,0.5533333333333333,0,50,0.16666666666666666,8.686666666666667
confirm_paper_tree_035,35,n10,hellaswag,translation,wmt14_en_fr,3,300,1.0,0.7933333333333333,0.20666666666666667,0.0,0.0,0.19,0.016666666666666666,300,275,0.9166666666666666,[step],20,0.06666666666666667,81.8
confirm_paper_tree_035,35,n11,hellaswag,translation,opus_en_es,3,300,0.9866666666666667,0.3233333333333333,0.6766666666666667,0.013333333333333334,0.23,0.43333333333333335,0.0,300,159,0.53,[step],66,0.22,20.653333333333332
confirm_paper_tree_035,35,n12,hellaswag,translation,opus_en_zh,3,300,0.94,0.27666666666666667,0.7233333333333334,0.06,0.3566666666666667,0.30333333333333334,0.0033333333333333335,300,149,0.49666666666666665,[1],55,0.18333333333333332,17.416666666666668
confirm_paper_tree_035,35,n13,hellaswag,qa,arc_challenge,3,300,1.0,0.25333333333333335,0.7466666666666666,0.0,0.61,0.13333333333333333,0.0033333333333333335,300,116,0.38666666666666666,[1],72,0.24,14.73
confirm_paper_tree_035,35,n5,hellaswag,qa,quartz,2,300,1.0,0.18,0.8200000000000001,0.0,0.8166666666666667,0.0033333333333333335,0.0,300,57,0.19,A,179,0.5966666666666667,10.19
confirm_paper_tree_035,35,n6,hellaswag,classification,mnli,2,300,1.0,0.3433333333333333,0.6566666666666667,0.0,0.6333333333333333,0.023333333333333334,0.0,300,118,0.3933333333333333,1,78,0.26,25.406666666666666
confirm_paper_tree_035,35,n7,hellaswag,qa,arc_easy,3,300,1.0,0.98,0.020000000000000018,0.0,0.006666666666666667,0.013333333333333334,0.0,300,300,1.0,Be aware that developmental delays can appear in any area such as the brain or brain. You can check with your pediatrician if your child is a developmental retarded adult.,1,0.0033333333333333335,160.36
confirm_paper_tree_035,35,n8,hellaswag,summarization,arxiv_summ,3,300,0.9966666666666667,0.9933333333333333,0.00666666666666671,0.0033333333333333335,0.0,0.0033333333333333335,0.0,300,300,1.0,"If your baby is at risk, she may be on a developmental delay. Your doctor can check for other signs of delayed development as well, such as a heart condition or hearing loss. Your child's physical status is important to the family health.",1,0.0033333333333333335,185.27333333333334
confirm_paper_tree_035,35,n9,hellaswag,translation,opus_en_it,3,300,0.9966666666666667,0.94,0.06000000000000005,0.0033333333333333335,0.0,0.04666666666666667,0.01,300,299,0.9966666666666667,[step],2,0.006666666666666667,102.33333333333333
confirm_paper_tree_035,35,n10,arc_challenge,translation,wmt14_en_fr,3,300,1.0,0.08333333333333333,0.9166666666666666,0.0,0.91,0.0033333333333333335,0.0033333333333333335,300,47,0.15666666666666668,C.,87,0.29,11.37
confirm_paper_tree_035,35,n11,arc_challenge,translation,opus_en_es,3,300,1.0,0.0033333333333333335,0.9966666666666667,0.0,0.9933333333333333,0.0033333333333333335,0.0,300,8,0.02666666666666667,0,134,0.44666666666666666,1.11
confirm_paper_tree_035,35,n12,arc_challenge,translation,opus_en_zh,3,300,0.8233333333333334,0.0,1.0,0.17666666666666667,0.8166666666666667,0.006666666666666667,0.0,300,12,0.04,A,64,0.21333333333333335,0.8366666666666667
confirm_paper_tree_035,35,n13,arc_challenge,qa,arc_challenge,3,300,1.0,0.0033333333333333335,0.9966666666666667,0.0,0.9966666666666667,0.0,0.0,300,7,0.023333333333333334,D,97,0.3233333333333333,1.16
confirm_paper_tree_035,35,n5,arc_challenge,qa,quartz,2,300,1.0,0.0,1.0,0.0,0.9966666666666667,0.0033333333333333335,0.0,300,3,0.01,B,158,0.5266666666666666,1.0
confirm_paper_tree_035,35,n6,arc_challenge,classification,mnli,2,300,1.0,0.0,1.0,0.0,0.9933333333333333,0.006666666666666667,0.0,300,12,0.04,0,89,0.2966666666666667,1.0033333333333334
confirm_paper_tree_035,35,n7,arc_challenge,qa,arc_easy,3,300,1.0,0.013333333333333334,0.9866666666666667,0.0,0.9766666666666667,0.01,0.0,300,13,0.043333333333333335,D,107,0.3566666666666667,2.993333333333333
confirm_paper_tree_035,35,n8,arc_challenge,summarization,arxiv_summ,3,300,0.9966666666666667,0.69,0.31000000000000005,0.0033333333333333335,0.25333333333333335,0.03333333333333333,0.02,300,244,0.8133333333333334,D.,18,0.06,146.7
confirm_paper_tree_035,35,n9,arc_challenge,translation,opus_en_it,3,300,0.9966666666666667,0.11666666666666667,0.8833333333333333,0.0033333333333333335,0.8433333333333334,0.02666666666666667,0.01,300,79,0.2633333333333333,A.,50,0.16666666666666666,16.643333333333334
confirm_paper_tree_035,35,n10,mmlu,translation,wmt14_en_fr,3,300,1.0,0.016666666666666666,0.9833333333333333,0.0,0.97,0.01,0.0033333333333333335,300,20,0.06666666666666667,C.,65,0.21666666666666667,3.4566666666666666
confirm_paper_tree_035,35,n11,mmlu,translation,opus_en_es,3,300,1.0,0.0,1.0,0.0,0.99,0.01,0.0,300,12,0.04,0,98,0.32666666666666666,1.1166666666666667
confirm_paper_tree_035,35,n12,mmlu,translation,opus_en_zh,3,300,0.9033333333333333,0.0,1.0,0.09666666666666666,0.9,0.0033333333333333335,0.0,300,10,0.03333333333333333,A,70,0.23333333333333334,0.9133333333333333
confirm_paper_tree_035,35,n13,mmlu,qa,arc_challenge,3,300,1.0,0.0,1.0,0.0,0.9966666666666667,0.0033333333333333335,0.0,300,6,0.02,D,107,0.3566666666666667,1.0633333333333332
confirm_paper_tree_035,35,n5,mmlu,qa,quartz,2,300,1.0,0.0,1.0,0.0,1.0,0.0,0.0,300,4,0.013333333333333334,B,154,0.5133333333333333,1.0
confirm_paper_tree_035,35,n6,mmlu,classification,mnli,2,300,1.0,0.0,1.0,0.0,0.9933333333333333,0.006666666666666667,0.0,300,12,0.04,1,125,0.4166666666666667,1.0
confirm_paper_tree_035,35,n7,mmlu,qa,arc_easy,3,300,1.0,0.0,1.0,0.0,1.0,0.0,0.0,300,4,0.013333333333333334,D,96,0.32,1.0
confirm_paper_tree_035,35,n8,mmlu,summarization,arxiv_summ,3,300,1.0,0.57,0.43000000000000005,0.0,0.38333333333333336,0.03,0.016666666666666666,300,214,0.7133333333333334,D.,30,0.1,119.9
confirm_paper_tree_035,35,n9,mmlu,translation,opus_en_it,3,300,1.0,0.06,0.94,0.0,0.91,0.02,0.01,300,50,0.16666666666666666,D.,63,0.21,8.906666666666666
confirm_paper_tree_035,35,n10,truthfulqa,translation,wmt14_en_fr,3,300,1.0,0.97,0.030000000000000027,0.0,0.0033333333333333335,0.0033333333333333335,0.023333333333333334,300,300,1.0,"'aliases': ['Sugar', 'Sugar production', 'Sauce', 'Sauce was more expensive than alcohol for Americans', 'Sunsauce', 'Sauce', 'Sauce'",1,0.0033333333333333335,127.82666666666667
confirm_paper_tree_035,35,n11,truthfulqa,translation,opus_en_es,3,300,1.0,0.07,0.9299999999999999,0.0,0.9066666666666666,0.016666666666666666,0.006666666666666667,300,33,0.11,0,248,0.8266666666666667,8.8
confirm_paper_tree_035,35,n12,truthfulqa,translation,opus_en_zh,3,300,0.24333333333333335,0.0,1.0,0.7566666666666667,0.22333333333333333,0.02,0.0,300,10,0.03333333333333333,<EMPTY>,227,0.7566666666666667,0.25333333333333335
confirm_paper_tree_035,35,n13,truthfulqa,qa,arc_challenge,3,300,0.9966666666666667,0.0,1.0,0.0033333333333333335,0.9866666666666667,0.01,0.0,300,10,0.03333333333333333,0,251,0.8366666666666667,1.0366666666666666
confirm_paper_tree_035,35,n5,truthfulqa,qa,quartz,2,300,1.0,0.0,1.0,0.0,1.0,0.0,0.0,300,2,0.006666666666666667,B,166,0.5533333333333333,1.0
confirm_paper_tree_035,35,n6,truthfulqa,classification,mnli,2,300,0.9966666666666667,0.0033333333333333335,0.9966666666666667,0.0033333333333333335,0.8966666666666666,0.09666666666666666,0.0,300,45,0.15,2,106,0.35333333333333333,1.85
confirm_paper_tree_035,35,n7,truthfulqa,qa,arc_easy,3,300,1.0,0.89,0.10999999999999999,0.0,0.03333333333333333,0.06,0.016666666666666666,300,299,0.9966666666666667,4,2,0.006666666666666667,134.64666666666668
confirm_paper_tree_035,35,n8,truthfulqa,summarization,arxiv_summ,3,300,1.0,0.9233333333333333,0.07666666666666666,0.0,0.0033333333333333335,0.006666666666666667,0.06666666666666667,300,300,1.0,"'aliases': ['Food rations', 'Making food more costly', 'Making American food', 'Making foods less expensive', 'Making food from scratch', 'Making food from scratch',",1,0.0033333333333333335,123.78333333333333
confirm_paper_tree_035,35,n9,truthfulqa,translation,opus_en_it,3,300,1.0,0.9666666666666667,0.033333333333333326,0.0,0.0,0.006666666666666667,0.02666666666666667,300,300,1.0,"'aliases': ['In the first half of the 20th century, America', 'Tomorrow, i would say that no matter what was happening, no one would want their food or their family in it'.' , 'And the America', '",1,0.0033333333333333335,119.95666666666666
confirm_paper_tree_036,36,n10,hellaswag,translation,opus_en_zh,4,300,0.9533333333333334,0.67,0.32999999999999996,0.04666666666666667,0.016666666666666666,0.24666666666666667,0.02,300,257,0.8566666666666667,[step],18,0.06,79.72
confirm_paper_tree_036,36,n5,hellaswag,classification,sst2,3,300,1.0,0.25,0.75,0.0,0.74,0.01,0.0,300,83,0.27666666666666667,0,170,0.5666666666666667,15.336666666666666
confirm_paper_tree_036,36,n6,hellaswag,qa,trivia_qa,4,300,0.9966666666666667,0.98,0.020000000000000018,0.0033333333333333335,0.0,0.006666666666666667,0.01,300,300,1.0,"'aliases': ['Is your child still struggling with your child', 'Is not working well', 'Had you been seeing the Doctor for a time?', 'Releive a good child', 'Is your child still",1,0.0033333333333333335,117.00666666666666
confirm_paper_tree_036,36,n7,hellaswag,translation,opus_en_fr,4,300,1.0,0.65,0.35,0.0,0.17,0.18,0.0,300,228,0.76,0,47,0.15666666666666668,53.33
confirm_paper_tree_036,36,n8,hellaswag,classification,ag_news,4,300,0.9833333333333333,0.2733333333333333,0.7266666666666667,0.016666666666666666,0.6933333333333334,0.016666666666666666,0.0,300,101,0.33666666666666667,0,101,0.33666666666666667,14.506666666666666
confirm_paper_tree_036,36,n9,hellaswag,classification,qnli,4,300,0.9966666666666667,0.016666666666666666,0.9833333333333333,0.0033333333333333335,0.9766666666666667,0.0033333333333333335,0.0,300,12,0.04,0,238,0.7933333333333333,1.8633333333333333
confirm_paper_tree_036,36,n10,arc_challenge,translation,opus_en_zh,4,300,0.8133333333333334,0.0,1.0,0.18666666666666668,0.7866666666666666,0.02666666666666667,0.0,300,21,0.07,B,60,0.2,1.0966666666666667
confirm_paper_tree_036,36,n5,arc_challenge,classification,sst2,3,300,1.0,0.0,1.0,0.0,1.0,0.0,0.0,300,2,0.006666666666666667,0,255,0.85,1.0
confirm_paper_tree_036,36,n6,arc_challenge,qa,trivia_qa,4,300,1.0,0.9466666666666667,0.053333333333333344,0.0,0.0,0.0033333333333333335,0.05,300,300,1.0,"'aliases': ['The temperature in November', 'Fruits in November', 'Not the temps in November', 'Poor weather', 'The Temperature in November', 'The temperature in November', 'The temperature in",1,0.0033333333333333335,127.36666666666666
confirm_paper_tree_036,36,n7,arc_challenge,translation,opus_en_fr,4,300,1.0,0.0,1.0,0.0,1.0,0.0,0.0,300,5,0.016666666666666666,B,106,0.35333333333333333,1.0
confirm_paper_tree_036,36,n8,arc_challenge,classification,ag_news,4,300,1.0,0.0,1.0,0.0,1.0,0.0,0.0,300,8,0.02666666666666667,0,180,0.6,1.0066666666666666
confirm_paper_tree_036,36,n9,arc_challenge,classification,qnli,4,300,1.0,0.0,1.0,0.0,1.0,0.0,0.0,300,7,0.023333333333333334,0,134,0.44666666666666666,1.0
confirm_paper_tree_036,36,n10,mmlu,translation,opus_en_zh,4,300,0.75,0.016666666666666666,0.9833333333333333,0.25,0.62,0.11333333333333333,0.0,300,50,0.16666666666666666,<EMPTY>,75,0.25,3.6966666666666668
confirm_paper_tree_036,36,n5,mmlu,classification,sst2,3,300,1.0,0.0,1.0,0.0,1.0,0.0,0.0,300,4,0.013333333333333334,0,245,0.8166666666666667,1.0066666666666666
confirm_paper_tree_036,36,n6,mmlu,qa,trivia_qa,4,300,1.0,0.91,0.08999999999999997,0.0,0.0033333333333333335,0.0033333333333333335,0.08333333333333333,300,299,0.9966666666666667,"'aliases': ['Averaging the scores from the tests to increase the reliability and therefore the validity of the measures', 'Averaging the scores from the tests to increase the reliability and therefore the validity of the measures', 'Averaging the scores from the tests to increase the reliability",2,0.006666666666666667,121.1
confirm_paper_tree_036,36,n7,mmlu,translation,opus_en_fr,4,300,1.0,0.0,1.0,0.0,1.0,0.0,0.0,300,7,0.023333333333333334,B,91,0.30333333333333334,1.0
confirm_paper_tree_036,36,n8,mmlu,classification,ag_news,4,300,1.0,0.0,1.0,0.0,1.0,0.0,0.0,300,7,0.023333333333333334,0,215,0.7166666666666667,1.0
confirm_paper_tree_036,36,n9,mmlu,classification,qnli,4,300,1.0,0.0,1.0,0.0,1.0,0.0,0.0,300,6,0.02,0,167,0.5566666666666666,1.0
confirm_paper_tree_036,36,n10,truthfulqa,translation,opus_en_zh,4,300,0.13333333333333333,0.02,0.98,0.8666666666666667,0.03,0.08333333333333333,0.0,300,29,0.09666666666666666,<EMPTY>,260,0.8666666666666667,1.69
confirm_paper_tree_036,36,n5,truthfulqa,classification,sst2,3,300,1.0,0.0,1.0,0.0,0.9966666666666667,0.0033333333333333335,0.0,300,4,0.013333333333333334,0,240,0.8,1.0066666666666666
confirm_paper_tree_036,36,n6,truthfulqa,qa,trivia_qa,4,300,1.0,0.9933333333333333,0.00666666666666671,0.0,0.0,0.0,0.006666666666666667,300,300,1.0,"'aliases': ['Food rations', 'Making food more costly', 'Making food easier', 'Making foods', 'Making food', 'Making food', 'Making food",1,0.0033333333333333335,123.77
confirm_paper_tree_036,36,n7,truthfulqa,translation,opus_en_fr,4,300,0.9966666666666667,0.27666666666666667,0.7233333333333334,0.0033333333333333335,0.24333333333333335,0.4766666666666667,0.0,300,238,0.7933333333333333,0,40,0.13333333333333333,16.803333333333335
confirm_paper_tree_036,36,n8,truthfulqa,classification,ag_news,4,300,0.99,0.0,1.0,0.01,0.98,0.01,0.0,300,10,0.03333333333333333,0,174,0.58,1.01
confirm_paper_tree_036,36,n9,truthfulqa,classification,qnli,4,300,1.0,0.0,1.0,0.0,1.0,0.0,0.0,300,3,0.01,1,280,0.9333333333333333,1.0033333333333334
confirm_paper_tree_037,37,n4,hellaswag,classification,cola,4,300,1.0,0.03666666666666667,0.9633333333333334,0.0,0.9566666666666667,0.006666666666666667,0.0,300,17,0.056666666666666664,0,229,0.7633333333333333,3.4433333333333334
confirm_paper_tree_037,37,n5,hellaswag,qa,arc_easy,4,300,0.8733333333333333,0.6133333333333333,0.3866666666666667,0.12666666666666668,0.19666666666666666,0.06333333333333334,0.0,300,206,0.6866666666666666,A,41,0.13666666666666666,32.403333333333336
confirm_paper_tree_037,37,n6,hellaswag,classification,ag_news,4,300,1.0,0.0033333333333333335,0.9966666666666667,0.0,0.9933333333333333,0.0033333333333333335,0.0,300,10,0.03333333333333333,0,140,0.4666666666666667,1.1433333333333333
confirm_paper_tree_037,37,n7,hellaswag,translation,wmt14_en_de,4,300,0.9966666666666667,0.9466666666666667,0.053333333333333344,0.0033333333333333335,0.0,0.05,0.0,300,300,1.0,Be sure to consult an experienced doctor with regard to all delays such as delays.,1,0.0033333333333333335,65.02
confirm_paper_tree_037,37,n4,arc_challenge,classification,cola,4,300,1.0,0.0,1.0,0.0,0.9966666666666667,0.0033333333333333335,0.0,300,9,0.03,0,221,0.7366666666666667,1.0466666666666666
confirm_paper_tree_037,37,n5,arc_challenge,qa,arc_easy,4,300,1.0,0.01,0.99,0.0,0.9833333333333333,0.006666666666666667,0.0,300,14,0.04666666666666667,D,84,0.28,1.5633333333333332
confirm_paper_tree_037,37,n6,arc_challenge,classification,ag_news,4,300,1.0,0.0,1.0,0.0,1.0,0.0,0.0,300,8,0.02666666666666667,3,133,0.44333333333333336,1.0
confirm_paper_tree_037,37,n7,arc_challenge,translation,wmt14_en_de,4,300,1.0,0.2966666666666667,0.7033333333333334,0.0,0.68,0.02,0.0033333333333333335,300,110,0.36666666666666664,D,59,0.19666666666666666,17.47
confirm_paper_tree_037,37,n4,mmlu,classification,cola,4,300,1.0,0.0,1.0,0.0,1.0,0.0,0.0,300,7,0.023333333333333334,0,244,0.8133333333333334,1.0066666666666666
confirm_paper_tree_037,37,n5,mmlu,qa,arc_easy,4,300,1.0,0.0,1.0,0.0,0.9933333333333333,0.006666666666666667,0.0,300,7,0.023333333333333334,C,90,0.3,1.0
confirm_paper_tree_037,37,n6,mmlu,classification,ag_news,4,300,1.0,0.0,1.0,0.0,0.9966666666666667,0.0033333333333333335,0.0,300,8,0.02666666666666667,0,168,0.56,1.0033333333333334
confirm_paper_tree_037,37,n7,mmlu,translation,wmt14_en_de,4,300,1.0,0.34,0.6599999999999999,0.0,0.6466666666666666,0.013333333333333334,0.0,300,121,0.4033333333333333,D,58,0.19333333333333333,21.44333333333333
confirm_paper_tree_037,37,n4,truthfulqa,classification,cola,4,300,1.0,0.0,1.0,0.0,1.0,0.0,0.0,300,3,0.01,0,245,0.8166666666666667,1.0
confirm_paper_tree_037,37,n5,truthfulqa,qa,arc_easy,4,300,0.8066666666666666,0.3233333333333333,0.6766666666666667,0.19333333333333333,0.36,0.12333333333333334,0.0,300,150,0.5,<EMPTY>,58,0.19333333333333333,16.033333333333335
confirm_paper_tree_037,37,n6,truthfulqa,classification,ag_news,4,300,1.0,0.0,1.0,0.0,0.9933333333333333,0.006666666666666667,0.0,300,8,0.02666666666666667,0,137,0.45666666666666667,1.0066666666666666
confirm_paper_tree_037,37,n7,truthfulqa,translation,wmt14_en_de,4,300,1.0,0.9433333333333334,0.05666666666666664,0.0,0.02,0.03666666666666667,0.0,300,297,0.99,"'answer_start': [60], 'text': ['no']",2,0.006666666666666667,46.44
confirm_paper_tree_038,38,n10,hellaswag,classification,cola,3,300,1.0,0.42333333333333334,0.5766666666666667,0.0,0.5433333333333333,0.03333333333333333,0.0,300,146,0.4866666666666667,1,74,0.24666666666666667,32.9
confirm_paper_tree_038,38,n11,hellaswag,classification,yelp_polarity,4,300,1.0,0.2733333333333333,0.7266666666666667,0.0,0.72,0.006666666666666667,0.0,300,87,0.29,1,110,0.36666666666666664,16.473333333333333
confirm_paper_tree_038,38,n12,hellaswag,qa,squad,4,300,1.0,0.9833333333333333,0.01666666666666672,0.0,0.0,0.016666666666666666,0.0,300,300,1.0,"'answer_start': [425], 'text': ['diagnostic screening guidelines.']",1,0.0033333333333333335,49.95
confirm_paper_tree_038,38,n13,hellaswag,summarization,pubmed,4,300,1.0,0.9966666666666667,0.0033333333333332993,0.0,0.0,0.0033333333333333335,0.0,300,300,1.0,"Be aware that developmental delays can appear in any area such as a small baby’s head, arms, hands or feet. Your doctor can also refer children to other medical professionals including the dentist for treatment if conditions are becoming serious or the family has issues. If your child has a severe condition, your doctor",1,0.0033333333333333335,193.39333333333335
confirm_paper_tree_038,38,n2,hellaswag,translation,opus_en_es,1,300,1.0,0.98,0.020000000000000018,0.0,0.0,0.02,0.0,300,296,0.9866666666666667,[step],5,0.016666666666666666,114.06333333333333
confirm_paper_tree_038,38,n5,hellaswag,summarization,bigpatent,2,300,1.0,1.0,0.0,0.0,0.0,0.0,0.0,300,300,1.0,Be sure to consult an experienced doctor with a family member such as a pediatrician if your child is not showing any symptoms of a developmental delay. Your pediatrician may be able to provide information about your child and the health issues they may have with regard to a delay.,1,0.0033333333333333335,153.14
confirm_paper_tree_038,38,n6,hellaswag,qa,boolq,2,300,1.0,0.7433333333333333,0.2566666666666667,0.0,0.24,0.016666666666666666,0.0,300,239,0.7966666666666666,True,46,0.15333333333333332,63.843333333333334
confirm_paper_tree_038,38,n10,arc_challenge,classification,cola,3,300,1.0,0.0,1.0,0.0,0.9966666666666667,0.0033333333333333335,0.0,300,9,0.03,0,126,0.42,1.0033333333333334
confirm_paper_tree_038,38,n11,arc_challenge,classification,yelp_polarity,4,300,1.0,0.0,1.0,0.0,1.0,0.0,0.0,300,6,0.02,0,212,0.7066666666666667,1.0
confirm_paper_tree_038,38,n12,arc_challenge,qa,squad,4,300,1.0,0.9933333333333333,0.00666666666666671,0.0,0.0,0.006666666666666667,0.0,300,226,0.7533333333333333,"'answer_start': [45], 'text': ['D']",5,0.016666666666666666,37.62
confirm_paper_tree_038,38,n13,arc_challenge,summarization,pubmed,4,300,1.0,0.8466666666666667,0.15333333333333332,0.0,0.06333333333333334,0.09,0.0,300,280,0.9333333333333333,C,8,0.02666666666666667,202.64333333333335
confirm_paper_tree_038,38,n2,arc_challenge,translation,opus_en_es,1,300,1.0,0.02,0.98,0.0,0.9666666666666667,0.013333333333333334,0.0,300,15,0.05,B,98,0.32666666666666666,2.1933333333333334
confirm_paper_tree_038,38,n5,arc_challenge,summarization,bigpatent,2,300,1.0,0.29,0.71,0.0,0.6833333333333333,0.02666666666666667,0.0,300,109,0.36333333333333334,B,63,0.21,32.11333333333334
confirm_paper_tree_038,38,n6,arc_challenge,qa,boolq,2,300,1.0,0.0,1.0,0.0,1.0,0.0,0.0,300,3,0.01,True,154,0.5133333333333333,4.473333333333334
confirm_paper_tree_038,38,n10,mmlu,classification,cola,3,300,1.0,0.0,1.0,0.0,0.9966666666666667,0.0033333333333333335,0.0,300,10,0.03333333333333333,0,143,0.4766666666666667,1.0133333333333334
confirm_paper_tree_038,38,n11,mmlu,classification,yelp_polarity,4,300,1.0,0.0,1.0,0.0,0.9966666666666667,0.0033333333333333335,0.0,300,5,0.016666666666666666,0,211,0.7033333333333334,1.0033333333333334
confirm_paper_tree_038,38,n12,mmlu,qa,squad,4,300,1.0,0.9933333333333333,0.00666666666666671,0.0,0.0033333333333333335,0.0033333333333333335,0.0,300,243,0.81,"'answer_start': [0], 'text': ['B']",6,0.02,36.56666666666667
confirm_paper_tree_038,38,n13,mmlu,summarization,pubmed,4,300,1.0,0.8733333333333333,0.1266666666666667,0.0,0.09333333333333334,0.03333333333333333,0.0,300,276,0.92,D,11,0.03666666666666667,219.54333333333332
confirm_paper_tree_038,38,n2,mmlu,translation,opus_en_es,1,300,1.0,0.0,1.0,0.0,1.0,0.0,0.0,300,6,0.02,B,87,0.29,1.0066666666666666
confirm_paper_tree_038,38,n5,mmlu,summarization,bigpatent,2,300,1.0,0.18,0.8200000000000001,0.0,0.8,0.02,0.0,300,79,0.2633333333333333,A,55,0.18333333333333332,25.65
confirm_paper_tree_038,38,n6,mmlu,qa,boolq,2,300,1.0,0.0,1.0,0.0,1.0,0.0,0.0,300,3,0.01,True,158,0.5266666666666666,4.46
confirm_paper_tree_038,38,n10,truthfulqa,classification,cola,3,300,0.97,0.06,0.94,0.03,0.84,0.07,0.0,300,48,0.16,0,155,0.5166666666666667,4.336666666666667
confirm_paper_tree_038,38,n11,truthfulqa,classification,yelp_polarity,4,300,0.9966666666666667,0.0,1.0,0.0033333333333333335,0.9233333333333333,0.07333333333333333,0.0,300,31,0.10333333333333333,0,181,0.6033333333333334,1.7766666666666666
confirm_paper_tree_038,38,n12,truthfulqa,qa,squad,4,300,1.0,0.96,0.040000000000000036,0.0,0.006666666666666667,0.03333333333333333,0.0,300,298,0.9933333333333333,"'answer_start': [18], 'text': ['no']",2,0.006666666666666667,43.38
confirm_paper_tree_038,38,n13,truthfulqa,summarization,pubmed,4,300,1.0,0.7433333333333333,0.2566666666666667,0.0,0.006666666666666667,0.25,0.0,300,285,0.95,currency,5,0.016666666666666666,116.49
confirm_paper_tree_038,38,n2,truthfulqa,translation,opus_en_es,1,300,0.9966666666666667,0.4033333333333333,0.5966666666666667,0.0033333333333333335,0.05,0.54,0.0033333333333333335,300,281,0.9366666666666666,no,5,0.016666666666666666,24.916666666666668
confirm_paper_tree_038,38,n5,truthfulqa,summarization,bigpatent,2,300,1.0,0.6066666666666667,0.3933333333333333,0.0,0.02666666666666667,0.36666666666666664,0.0,300,295,0.9833333333333333,English,3,0.01,51.53
confirm_paper_tree_038,38,n6,truthfulqa,qa,boolq,2,300,1.0,0.0,1.0,0.0,0.9933333333333333,0.006666666666666667,0.0,300,5,0.016666666666666666,False,187,0.6233333333333333,4.663333333333333
confirm_paper_tree_039,39,n1,hellaswag,translation,opus_en_it,1,300,1.0,0.97,0.030000000000000027,0.0,0.0,0.03,0.0,300,295,0.9833333333333333,[step],6,0.02,109.33666666666667
confirm_paper_tree_039,39,n10,hellaswag,translation,opus_en_zh,4,300,1.0,0.98,0.020000000000000018,0.0,0.0033333333333333335,0.016666666666666666,0.0,300,300,1.0,"Be sure to consult with your doctor with regards to all delays such as delays occurring in the brain, heart, hands, or face. Have your doctor ask questions about your child's mood and a physical history. Be sure to speak to your doctor if you have questions about the physical history of your child.",1,0.0033333333333333335,145.12
confirm_paper_tree_039,39,n4,hellaswag,qa,quartz,3,300,1.0,0.0,1.0,0.0,1.0,0.0,0.0,300,3,0.01,A,202,0.6733333333333333,1.0
confirm_paper_tree_039,39,n8,hellaswag,classification,sst2,4,300,0.9866666666666667,0.7833333333333333,0.21666666666666667,0.013333333333333334,0.07,0.13333333333333333,0.0,300,281,0.9366666666666666,0,6,0.02,52.93666666666667
confirm_paper_tree_039,39,n9,hellaswag,translation,wmt14_en_de,4,300,1.0,0.9966666666666667,0.0033333333333332993,0.0,0.0,0.0033333333333333335,0.0,300,299,0.9966666666666667,[step] Don't use this time to gossip or spread false narratives about the situation. Only try to find the truth of what's happening and determine what the cause of the fight is.,2,0.006666666666666667,170.65666666666667
confirm_paper_tree_039,39,n1,arc_challenge,translation,opus_en_it,1,300,1.0,0.013333333333333334,0.9866666666666667,0.0,0.98,0.006666666666666667,0.0,300,14,0.04666666666666667,B,90,0.3,1.9033333333333333
confirm_paper_tree_039,39,n10,arc_challenge,translation,opus_en_zh,4,300,0.9833333333333333,0.14,0.86,0.016666666666666666,0.8233333333333334,0.02,0.0,300,64,0.21333333333333335,B,88,0.29333333333333333,17.61
confirm_paper_tree_039,39,n4,arc_challenge,qa,quartz,3,300,1.0,0.0,1.0,0.0,1.0,0.0,0.0,300,3,0.01,A,158,0.5266666666666666,1.0
confirm_paper_tree_039,39,n8,arc_challenge,classification,sst2,4,300,1.0,0.023333333333333334,0.9766666666666667,0.0,0.89,0.08666666666666667,0.0,300,45,0.15,0,77,0.25666666666666665,2.2666666666666666
confirm_paper_tree_039,39,n9,arc_challenge,translation,wmt14_en_de,4,300,0.9966666666666667,0.01,0.99,0.0033333333333333335,0.9833333333333333,0.0033333333333333335,0.0,300,23,0.07666666666666666,A,66,0.22,2.2733333333333334
confirm_paper_tree_039,39,n1,mmlu,translation,opus_en_it,1,300,1.0,0.0,1.0,0.0,1.0,0.0,0.0,300,7,0.023333333333333334,B,85,0.2833333333333333,1.0066666666666666
confirm_paper_tree_039,39,n10,mmlu,translation,opus_en_zh,4,300,0.93,0.18666666666666668,0.8133333333333334,0.07,0.7,0.043333333333333335,0.0,300,81,0.27,B,66,0.22,27.7
confirm_paper_tree_039,39,n4,mmlu,qa,quartz,3,300,1.0,0.0,1.0,0.0,1.0,0.0,0.0,300,3,0.01,A,164,0.5466666666666666,1.0
confirm_paper_tree_039,39,n8,mmlu,classification,sst2,4,300,1.0,0.0033333333333333335,0.9966666666666667,0.0,0.93,0.06666666666666667,0.0,300,33,0.11,0,133,0.44333333333333336,1.74
confirm_paper_tree_039,39,n9,mmlu,translation,wmt14_en_de,4,300,0.9966666666666667,0.02666666666666667,0.9733333333333334,0.0033333333333333335,0.92,0.05,0.0,300,38,0.12666666666666668,D,59,0.19666666666666666,6.126666666666667
confirm_paper_tree_039,39,n1,truthfulqa,translation,opus_en_it,1,300,1.0,0.36333333333333334,0.6366666666666667,0.0,0.09,0.5433333333333333,0.0033333333333333335,300,271,0.9033333333333333,no,15,0.05,21.833333333333332
confirm_paper_tree_039,39,n10,truthfulqa,translation,opus_en_zh,4,300,0.8966666666666666,0.43666666666666665,0.5633333333333334,0.10333333333333333,0.06666666666666667,0.3933333333333333,0.0,300,259,0.8633333333333333,<EMPTY>,31,0.10333333333333333,36.38666666666666
confirm_paper_tree_039,39,n4,truthfulqa,qa,quartz,3,300,1.0,0.0,1.0,0.0,1.0,0.0,0.0,300,2,0.006666666666666667,B,171,0.57,1.0
confirm_paper_tree_039,39,n8,truthfulqa,classification,sst2,4,300,1.0,0.16666666666666666,0.8333333333333334,0.0,0.12666666666666668,0.7066666666666667,0.0,300,260,0.8666666666666667,no,20,0.06666666666666667,11.756666666666666
confirm_paper_tree_039,39,n9,truthfulqa,translation,wmt14_en_de,4,300,0.9866666666666667,0.3433333333333333,0.6566666666666667,0.013333333333333334,0.39666666666666667,0.24666666666666667,0.0,300,218,0.7266666666666667,1,38,0.12666666666666668,30.856666666666666
confirm_paper_tree_040,40,n2,hellaswag,translation,wmt14_en_fr,3,300,0.9966666666666667,0.9766666666666667,0.023333333333333317,0.0033333333333333335,0.0033333333333333335,0.016666666666666666,0.0,300,300,1.0,"Be aware that developmental delays start when children grow up and begin developing brain or spinal cord abnormalities. If your baby is not ready for these developmental milestones, the baby can be more likely to have a behavioral delay, such as a mental delay or depressive delay.",1,0.0033333333333333335,126.73666666666666
confirm_paper_tree_040,40,n3,hellaswag,qa,sciq,3,300,0.9833333333333333,0.9633333333333334,0.036666666666666625,0.016666666666666666,0.0,0.02,0.0,300,296,0.9866666666666667,<EMPTY>,5,0.016666666666666666,118.04333333333334
confirm_paper_tree_040,40,n5,hellaswag,translation,opus_en_it,4,300,0.9966666666666667,0.9633333333333334,0.036666666666666625,0.0033333333333333335,0.01,0.023333333333333334,0.0,300,300,1.0,"Be sure to consult an experienced doctor with a recent tachycardiac test. If the delay is not severe, your child may be at risk of early brain damage.",1,0.0033333333333333335,111.67666666666666
confirm_paper_tree_040,40,n6,hellaswag,summarization,xsum,4,300,0.9966666666666667,0.9766666666666667,0.023333333333333317,0.0033333333333333335,0.0,0.016666666666666666,0.0033333333333333335,300,300,1.0,"Be aware that developmental delays may appear in the form of delays such as delays in your child's height or weight. While many parents worry about the physical pain of retarded development, these ailment conditions can lead to problems and mental health issues.",1,0.0033333333333333335,98.00666666666666
confirm_paper_tree_040,40,n2,arc_challenge,translation,wmt14_en_fr,3,300,1.0,0.03666666666666667,0.9633333333333334,0.0,0.9533333333333334,0.01,0.0,300,23,0.07666666666666666,A,97,0.3233333333333333,4.976666666666667
confirm_paper_tree_040,40,n3,arc_challenge,qa,sciq,3,300,1.0,0.19333333333333333,0.8066666666666666,0.0,0.41,0.39666666666666667,0.0,300,167,0.5566666666666666,D,19,0.06333333333333334,11.423333333333334
confirm_paper_tree_040,40,n5,arc_challenge,translation,opus_en_it,4,300,0.9966666666666667,0.02666666666666667,0.9733333333333334,0.0033333333333333335,0.9566666666666667,0.013333333333333334,0.0,300,20,0.06666666666666667,B,120,0.4,3.46
confirm_paper_tree_040,40,n6,arc_challenge,summarization,xsum,4,300,0.9833333333333333,0.056666666666666664,0.9433333333333334,0.016666666666666666,0.9166666666666666,0.01,0.0,300,27,0.09,A,93,0.31,5.033333333333333
confirm_paper_tree_040,40,n2,mmlu,translation,wmt14_en_fr,3,300,1.0,0.03666666666666667,0.9633333333333334,0.0,0.94,0.023333333333333334,0.0,300,27,0.09,C,100,0.3333333333333333,5.6
confirm_paper_tree_040,40,n3,mmlu,qa,sciq,3,300,1.0,0.08333333333333333,0.9166666666666666,0.0,0.5566666666666666,0.36,0.0,300,131,0.43666666666666665,a,50,0.16666666666666666,9.013333333333334
confirm_paper_tree_040,40,n5,mmlu,translation,opus_en_it,4,300,0.9966666666666667,0.01,0.99,0.0033333333333333335,0.9833333333333333,0.0033333333333333335,0.0,300,16,0.05333333333333334,B,115,0.38333333333333336,2.94
confirm_paper_tree_040,40,n6,mmlu,summarization,xsum,4,300,1.0,0.02666666666666667,0.9733333333333334,0.0,0.9566666666666667,0.016666666666666666,0.0,300,22,0.07333333333333333,A,91,0.30333333333333334,3.3633333333333333
confirm_paper_tree_040,40,n2,truthfulqa,translation,wmt14_en_fr,3,300,0.9966666666666667,0.6,0.4,0.0033333333333333335,0.04,0.3566666666666667,0.0,300,293,0.9766666666666667,francs,3,0.01,49.77
confirm_paper_tree_040,40,n3,truthfulqa,qa,sciq,3,300,1.0,0.15666666666666668,0.8433333333333333,0.0,0.12666666666666668,0.7166666666666667,0.0,300,256,0.8533333333333334,no,27,0.09,12.983333333333333
confirm_paper_tree_040,40,n5,truthfulqa,translation,opus_en_it,4,300,0.9933333333333333,0.54,0.45999999999999996,0.006666666666666667,0.04666666666666667,0.4066666666666667,0.0,300,281,0.9366666666666666,no,9,0.03,37.10666666666667
confirm_paper_tree_040,40,n6,truthfulqa,summarization,xsum,4,300,0.9666666666666667,0.5133333333333333,0.4866666666666667,0.03333333333333333,0.016666666666666666,0.43666666666666665,0.0,300,285,0.95,<EMPTY>,10,0.03333333333333333,38.223333333333336
confirm_paper_tree_041,41,n10,hellaswag,classification,qnli,3,300,1.0,0.13333333333333333,0.8666666666666667,0.0,0.8633333333333333,0.0033333333333333335,0.0,300,43,0.14333333333333334,0,172,0.5733333333333334,8.203333333333333
confirm_paper_tree_041,41,n11,hellaswag,translation,opus_en_es,3,300,1.0,0.9933333333333333,0.00666666666666671,0.0,0.0,0.006666666666666667,0.0,300,300,1.0,Be aware that developmental delays can appear in any area such as a crib or mattress but in any areas other than the crib. Your doctor can also refer children to a mental health provider for a physical history.,1,0.0033333333333333335,146.23666666666668
confirm_paper_tree_041,41,n12,hellaswag,translation,wmt14_en_de,3,300,1.0,0.9766666666666667,0.023333333333333317,0.0,0.0033333333333333335,0.02,0.0,300,300,1.0,Be aware that developmental delays can appear in any area such as a crib or mattress but in any areas other than the crib. Your doctor can also refer children to a mental health provider for a thorough screening.,1,0.0033333333333333335,114.65
confirm_paper_tree_041,41,n13,hellaswag,qa,quartz,3,300,1.0,0.0033333333333333335,0.9966666666666667,0.0,0.9966666666666667,0.0,0.0,300,3,0.01,A,198,0.66,1.1433333333333333
confirm_paper_tree_041,41,n5,hellaswag,summarization,pubmed,2,300,1.0,1.0,0.0,0.0,0.0,0.0,0.0,300,300,1.0,"Be aware that developmental delays may appear in the form of delays such as delays occurring in the brain, spinal cord, or spinal cord. Contact your pediatrician right away if you think your child may be experiencing developmental delays. If there is no physical abnormality, your child probably may be at risk of developmental delays",1,0.0033333333333333335,180.57
confirm_paper_tree_041,41,n6,hellaswag,classification,mnli,2,300,0.99,0.39666666666666667,0.6033333333333333,0.01,0.57,0.02,0.0033333333333333335,300,137,0.45666666666666667,0,92,0.30666666666666664,44.876666666666665
confirm_paper_tree_041,41,n7,hellaswag,classification,trec,3,300,1.0,0.38666666666666666,0.6133333333333333,0.0,0.0,0.6133333333333333,0.0,300,145,0.48333333333333334,a group or organization of persons,33,0.11,21.64
confirm_paper_tree_041,41,n8,hellaswag,classification,yelp_polarity,3,300,1.0,0.25666666666666665,0.7433333333333334,0.0,0.7266666666666667,0.016666666666666666,0.0,300,87,0.29,0,118,0.3933333333333333,15.606666666666667
confirm_paper_tree_041,41,n9,hellaswag,qa,squad,3,300,1.0,0.9866666666666667,0.013333333333333308,0.0,0.0033333333333333335,0.01,0.0,300,300,1.0,"'answer_start': [61], 'text': ['failure']",1,0.0033333333333333335,51.96666666666667
confirm_paper_tree_041,41,n10,arc_challenge,classification,qnli,3,300,1.0,0.0,1.0,0.0,1.0,0.0,0.0,300,3,0.01,0,220,0.7333333333333333,1.0
confirm_paper_tree_041,41,n11,arc_challenge,translation,opus_en_es,3,300,1.0,0.06,0.94,0.0,0.9333333333333333,0.006666666666666667,0.0,300,31,0.10333333333333333,B,94,0.31333333333333335,7.526666666666666
confirm_paper_tree_041,41,n12,arc_challenge,translation,wmt14_en_de,3,300,1.0,0.24,0.76,0.0,0.7433333333333333,0.016666666666666666,0.0,300,92,0.30666666666666664,D,56,0.18666666666666668,29.03
confirm_paper_tree_041,41,n13,arc_challenge,qa,quartz,3,300,1.0,0.0,1.0,0.0,1.0,0.0,0.0,300,3,0.01,A,170,0.5666666666666667,1.0
confirm_paper_tree_041,41,n5,arc_challenge,summarization,pubmed,2,300,1.0,0.67,0.32999999999999996,0.0,0.31333333333333335,0.016666666666666666,0.0,300,212,0.7066666666666667,B,41,0.13666666666666666,122.58333333333333
confirm_paper_tree_041,41,n6,arc_challenge,classification,mnli,2,300,1.0,0.0,1.0,0.0,1.0,0.0,0.0,300,9,0.03,0,77,0.25666666666666665,1.0
confirm_paper_tree_041,41,n7,arc_challenge,classification,trec,3,300,1.0,0.20666666666666667,0.7933333333333333,0.0,0.0033333333333333335,0.79,0.0,300,77,0.25666666666666665,a group or organization of persons,45,0.15,16.466666666666665
confirm_paper_tree_041,41,n8,arc_challenge,classification,yelp_polarity,3,300,1.0,0.0,1.0,0.0,1.0,0.0,0.0,300,4,0.013333333333333334,0,160,0.5333333333333333,1.0
confirm_paper_tree_041,41,n9,arc_challenge,qa,squad,3,300,1.0,0.8766666666666667,0.1233333333333333,0.0,0.12,0.0033333333333333335,0.0,300,199,0.6633333333333333,0,36,0.12,33.64666666666667
confirm_paper_tree_041,41,n10,mmlu,classification,qnli,3,300,1.0,0.0,1.0,0.0,1.0,0.0,0.0,300,2,0.006666666666666667,0,200,0.6666666666666666,1.0
confirm_paper_tree_041,41,n11,mmlu,translation,opus_en_es,3,300,1.0,0.05333333333333334,0.9466666666666667,0.0,0.9266666666666666,0.02,0.0,300,33,0.11,B,99,0.33,10.47
confirm_paper_tree_041,41,n12,mmlu,translation,wmt14_en_de,3,300,1.0,0.35,0.65,0.0,0.6433333333333333,0.006666666666666667,0.0,300,119,0.39666666666666667,D,49,0.16333333333333333,51.21
confirm_paper_tree_041,41,n13,mmlu,qa,quartz,3,300,1.0,0.0,1.0,0.0,1.0,0.0,0.0,300,3,0.01,A,155,0.5166666666666667,1.0
confirm_paper_tree_041,41,n5,mmlu,summarization,pubmed,2,300,1.0,0.5633333333333334,0.43666666666666665,0.0,0.4266666666666667,0.01,0.0,300,186,0.62,D,39,0.13,120.29666666666667
confirm_paper_tree_041,41,n6,mmlu,classification,mnli,2,300,1.0,0.0,1.0,0.0,1.0,0.0,0.0,300,10,0.03333333333333333,0,97,0.3233333333333333,1.0066666666666666
confirm_paper_tree_041,41,n7,mmlu,classification,trec,3,300,1.0,0.31333333333333335,0.6866666666666666,0.0,0.006666666666666667,0.68,0.0,300,69,0.23,a group or organization of persons,66,0.22,20.45
confirm_paper_tree_041,41,n8,mmlu,classification,yelp_polarity,3,300,1.0,0.0,1.0,0.0,1.0,0.0,0.0,300,3,0.01,0,158,0.5266666666666666,1.0
confirm_paper_tree_041,41,n9,mmlu,qa,squad,3,300,1.0,0.9366666666666666,0.06333333333333335,0.0,0.06333333333333334,0.0,0.0,300,235,0.7833333333333333,0,19,0.06333333333333334,35.2
confirm_paper_tree_041,41,n10,truthfulqa,classification,qnli,3,300,1.0,0.0,1.0,0.0,1.0,0.0,0.0,300,4,0.013333333333333334,1,250,0.8333333333333334,1.0066666666666666
confirm_paper_tree_041,41,n11,truthfulqa,translation,opus_en_es,3,300,1.0,0.6,0.4,0.0,0.023333333333333334,0.37666666666666665,0.0,300,294,0.98,yes,3,0.01,43.79666666666667
confirm_paper_tree_041,41,n12,truthfulqa,translation,wmt14_en_de,3,300,1.0,0.65,0.35,0.0,0.016666666666666666,0.3333333333333333,0.0,300,296,0.9866666666666667,Ulstermen,3,0.01,40.70333333333333
confirm_paper_tree_041,41,n13,truthfulqa,qa,quartz,3,300,1.0,0.0,1.0,0.0,1.0,0.0,0.0,300,2,0.006666666666666667,B,157,0.5233333333333333,1.0
confirm_paper_tree_041,41,n5,truthfulqa,summarization,pubmed,2,300,1.0,0.7033333333333334,0.29666666666666663,0.0,0.006666666666666667,0.29,0.0,300,296,0.9866666666666667,English,4,0.013333333333333334,104.47
confirm_paper_tree_041,41,n6,truthfulqa,classification,mnli,2,300,0.9966666666666667,0.10666666666666667,0.8933333333333333,0.0033333333333333335,0.58,0.31,0.0,300,134,0.44666666666666666,0,74,0.24666666666666667,10.043333333333333
confirm_paper_tree_041,41,n7,truthfulqa,classification,trec,3,300,1.0,0.14333333333333334,0.8566666666666667,0.0,0.07,0.7866666666666666,0.0,300,97,0.3233333333333333,description of something,40,0.13333333333333333,15.133333333333333
confirm_paper_tree_041,41,n8,truthfulqa,classification,yelp_polarity,3,300,1.0,0.01,0.99,0.0,0.97,0.02,0.0,300,17,0.056666666666666664,0,170,0.5666666666666667,1.4366666666666668
confirm_paper_tree_041,41,n9,truthfulqa,qa,squad,3,300,1.0,0.9866666666666667,0.013333333333333308,0.0,0.0033333333333333335,0.01,0.0,300,298,0.9933333333333333,"'answer_start': [0], 'text': ['Ulstermen']",2,0.006666666666666667,44.486666666666665
confirm_paper_tree_042,42,n1,hellaswag,summarization,arxiv_summ,1,300,1.0,0.9933333333333333,0.00666666666666671,0.0,0.0,0.006666666666666667,0.0,300,300,1.0,"Be aware that developmental delays start when children grow up with delays such as autism and ADHD. Once a child grows up with delays, they are likely to have trouble getting around.",1,0.0033333333333333335,172.38666666666666
confirm_paper_tree_042,42,n10,hellaswag,qa,arc_challenge,4,300,0.9966666666666667,0.9766666666666667,0.023333333333333317,0.0033333333333333335,0.0033333333333333335,0.016666666666666666,0.0,300,300,1.0,"If your baby is at risk, she may be undergoing a developmental delay. You can check with your pediatrician if your child is a healthy baby, or they may require a physical check up.",1,0.0033333333333333335,130.64
confirm_paper_tree_042,42,n4,hellaswag,classification,mnli,2,300,0.99,0.2633333333333333,0.7366666666666667,0.01,0.71,0.016666666666666666,0.0,300,98,0.32666666666666666,0,90,0.3,15.716666666666667
confirm_paper_tree_042,42,n6,hellaswag,translation,wmt14_en_fr,3,300,1.0,0.4666666666666667,0.5333333333333333,0.0,0.4066666666666667,0.12666666666666668,0.0,300,180,0.6,0,94,0.31333333333333335,38.38333333333333
confirm_paper_tree_042,42,n9,hellaswag,translation,opus_en_ru,4,300,0.9933333333333333,0.94,0.06000000000000005,0.006666666666666667,0.016666666666666666,0.03666666666666667,0.0,300,297,0.99,1,3,0.01,156.28666666666666
confirm_paper_tree_042,42,n1,arc_challenge,summarization,arxiv_summ,1,300,1.0,0.3933333333333333,0.6066666666666667,0.0,0.6,0.006666666666666667,0.0,300,130,0.43333333333333335,B,60,0.2,66.1
confirm_paper_tree_042,42,n10,arc_challenge,qa,arc_challenge,4,300,1.0,0.02666666666666667,0.9733333333333334,0.0,0.9733333333333334,0.0,0.0,300,12,0.04,C,91,0.30333333333333334,2.5766666666666667
confirm_paper_tree_042,42,n4,arc_challenge,classification,mnli,2,300,1.0,0.0,1.0,0.0,1.0,0.0,0.0,300,10,0.03333333333333333,B,104,0.3466666666666667,1.0
confirm_paper_tree_042,42,n6,arc_challenge,translation,wmt14_en_fr,3,300,1.0,0.0,1.0,0.0,1.0,0.0,0.0,300,8,0.02666666666666667,0,174,0.58,1.0
confirm_paper_tree_042,42,n9,arc_challenge,translation,opus_en_ru,4,300,0.95,0.06,0.94,0.05,0.86,0.03,0.0,300,48,0.16,B,105,0.35,10.126666666666667
confirm_paper_tree_042,42,n1,mmlu,summarization,arxiv_summ,1,300,1.0,0.30666666666666664,0.6933333333333334,0.0,0.6833333333333333,0.006666666666666667,0.0033333333333333335,300,111,0.37,D,65,0.21666666666666667,56.88666666666666
confirm_paper_tree_042,42,n10,mmlu,qa,arc_challenge,4,300,1.0,0.006666666666666667,0.9933333333333333,0.0,0.9933333333333333,0.0,0.0,300,9,0.03,D,87,0.29,1.7533333333333334
confirm_paper_tree_042,42,n4,mmlu,classification,mnli,2,300,1.0,0.0,1.0,0.0,1.0,0.0,0.0,300,8,0.02666666666666667,B,91,0.30333333333333334,1.0
confirm_paper_tree_042,42,n6,mmlu,translation,wmt14_en_fr,3,300,0.9966666666666667,0.0,1.0,0.0033333333333333335,0.9966666666666667,0.0,0.0,300,8,0.02666666666666667,0,186,0.62,1.0033333333333334
confirm_paper_tree_042,42,n9,mmlu,translation,opus_en_ru,4,300,0.9566666666666667,0.21666666666666667,0.7833333333333333,0.043333333333333335,0.6866666666666666,0.05333333333333334,0.0,300,100,0.3333333333333333,B,57,0.19,44.63333333333333
confirm_paper_tree_042,42,n1,truthfulqa,summarization,arxiv_summ,1,300,1.0,0.6866666666666666,0.31333333333333335,0.0,0.01,0.30333333333333334,0.0,300,295,0.9833333333333333,English,4,0.013333333333333334,75.46
confirm_paper_tree_042,42,n10,truthfulqa,qa,arc_challenge,4,300,0.9966666666666667,0.5266666666666666,0.4733333333333334,0.0033333333333333335,0.08,0.39,0.0,300,289,0.9633333333333334,no,6,0.02,35.00333333333333
confirm_paper_tree_042,42,n4,truthfulqa,classification,mnli,2,300,0.9933333333333333,0.016666666666666666,0.9833333333333333,0.006666666666666667,0.75,0.22666666666666666,0.0,300,88,0.29333333333333333,0,85,0.2833333333333333,3.08
confirm_paper_tree_042,42,n6,truthfulqa,translation,wmt14_en_fr,3,300,1.0,0.0033333333333333335,0.9966666666666667,0.0,0.9766666666666667,0.02,0.0,300,15,0.05,1,170,0.5666666666666667,1.2133333333333334
confirm_paper_tree_042,42,n9,truthfulqa,translation,opus_en_ru,4,300,0.9433333333333334,0.5866666666666667,0.41333333333333333,0.056666666666666664,0.06666666666666667,0.29,0.0,300,276,0.92,<EMPTY>,17,0.056666666666666664,60.91
confirm_paper_tree_043,43,n10,hellaswag,qa,quartz,3,300,1.0,0.0,1.0,0.0,0.9966666666666667,0.0033333333333333335,0.0,300,3,0.01,A,226,0.7533333333333333,1.03
confirm_paper_tree_043,43,n11,hellaswag,summarization,xsum,4,300,1.0,1.0,0.0,0.0,0.0,0.0,0.0,300,300,1.0,"Be aware that developmental delays can appear in any area such as the brain or brain. You can check with your pediatrician if your child is a healthy baby, or if your child has a physical condition. If your child is unattractive to you, or if your child is",1,0.0033333333333333335,130.23333333333332
confirm_paper_tree_043,43,n12,hellaswag,classification,rte,4,300,0.9966666666666667,0.25333333333333335,0.7466666666666666,0.0033333333333333335,0.7233333333333334,0.02,0.0,300,89,0.2966666666666667,0,187,0.6233333333333333,25.336666666666666
confirm_paper_tree_043,43,n13,hellaswag,classification,sst2,4,300,0.9933333333333333,0.91,0.08999999999999997,0.006666666666666667,0.056666666666666664,0.023333333333333334,0.0033333333333333335,300,285,0.95,1,14,0.04666666666666667,157.26666666666668
confirm_paper_tree_043,43,n4,hellaswag,classification,cola,2,300,0.9966666666666667,0.6966666666666667,0.30333333333333334,0.0033333333333333335,0.24,0.06,0.0,300,233,0.7766666666666666,1,34,0.11333333333333333,90.68333333333334
confirm_paper_tree_043,43,n7,hellaswag,translation,opus_en_it,3,300,0.9966666666666667,0.9533333333333334,0.046666666666666634,0.0033333333333333335,0.0,0.043333333333333335,0.0,300,296,0.9866666666666667,[step],4,0.013333333333333334,94.66666666666667
confirm_paper_tree_043,43,n8,hellaswag,classification,qnli,3,300,0.99,0.27,0.73,0.01,0.6933333333333334,0.02666666666666667,0.0,300,102,0.34,0,159,0.53,18.986666666666668
confirm_paper_tree_043,43,n9,hellaswag,translation,wmt14_en_fr,3,300,1.0,0.98,0.020000000000000018,0.0,0.0,0.02,0.0,300,300,1.0,"If your baby may be experiencing developmental delays in any area, take them to the doctor immediately.",1,0.0033333333333333335,111.79666666666667
confirm_paper_tree_043,43,n10,arc_challenge,qa,quartz,3,300,1.0,0.0,1.0,0.0,1.0,0.0,0.0,300,3,0.01,A,151,0.5033333333333333,1.0
confirm_paper_tree_043,43,n11,arc_challenge,summarization,xsum,4,300,1.0,0.05333333333333334,0.9466666666666667,0.0,0.9333333333333333,0.013333333333333334,0.0,300,27,0.09,A,110,0.36666666666666664,5.136666666666667
confirm_paper_tree_043,43,n12,arc_challenge,classification,rte,4,300,1.0,0.0,1.0,0.0,0.9966666666666667,0.0033333333333333335,0.0,300,6,0.02,0,194,0.6466666666666666,1.0033333333333334
confirm_paper_tree_043,43,n13,arc_challenge,classification,sst2,4,300,1.0,0.03666666666666667,0.9633333333333334,0.0,0.9566666666666667,0.006666666666666667,0.0,300,22,0.07333333333333333,0,179,0.5966666666666667,8.916666666666666
confirm_paper_tree_043,43,n4,arc_challenge,classification,cola,2,300,1.0,0.0033333333333333335,0.9966666666666667,0.0,0.9966666666666667,0.0,0.0,300,10,0.03333333333333333,0,157,0.5233333333333333,1.1733333333333333
confirm_paper_tree_043,43,n7,arc_challenge,translation,opus_en_it,3,300,1.0,0.20333333333333334,0.7966666666666666,0.0,0.7766666666666666,0.02,0.0,300,83,0.27666666666666667,D,61,0.20333333333333334,19.956666666666667
confirm_paper_tree_043,43,n8,arc_challenge,classification,qnli,3,300,1.0,0.0,1.0,0.0,1.0,0.0,0.0,300,5,0.016666666666666666,0,203,0.6766666666666666,1.0033333333333334
confirm_paper_tree_043,43,n9,arc_challenge,translation,wmt14_en_fr,3,300,1.0,0.3,0.7,0.0,0.6833333333333333,0.016666666666666666,0.0,300,103,0.3433333333333333,C,69,0.23,28.846666666666668
confirm_paper_tree_043,43,n10,mmlu,qa,quartz,3,300,1.0,0.0,1.0,0.0,1.0,0.0,0.0,300,3,0.01,B,172,0.5733333333333334,1.0
confirm_paper_tree_043,43,n11,mmlu,summarization,xsum,4,300,1.0,0.043333333333333335,0.9566666666666667,0.0,0.9366666666666666,0.02,0.0,300,26,0.08666666666666667,A,105,0.35,5.08
confirm_paper_tree_043,43,n12,mmlu,classification,rte,4,300,1.0,0.0,1.0,0.0,1.0,0.0,0.0,300,6,0.02,0,174,0.58,1.0033333333333334
confirm_paper_tree_043,43,n13,mmlu,classification,sst2,4,300,1.0,0.03666666666666667,0.9633333333333334,0.0,0.9566666666666667,0.006666666666666667,0.0,300,18,0.06,0,174,0.58,10.663333333333334
confirm_paper_tree_043,43,n4,mmlu,classification,cola,2,300,1.0,0.0,1.0,0.0,1.0,0.0,0.0,300,9,0.03,0,163,0.5433333333333333,1.0066666666666666
confirm_paper_tree_043,43,n7,mmlu,translation,opus_en_it,3,300,1.0,0.23666666666666666,0.7633333333333333,0.0,0.74,0.023333333333333334,0.0,300,98,0.32666666666666666,D,57,0.19,32.79333333333334
confirm_paper_tree_043,43,n8,mmlu,classification,qnli,3,300,1.0,0.0,1.0,0.0,1.0,0.0,0.0,300,3,0.01,0,208,0.6933333333333334,1.0
confirm_paper_tree_043,43,n9,mmlu,translation,wmt14_en_fr,3,300,1.0,0.31333333333333335,0.6866666666666666,0.0,0.68,0.006666666666666667,0.0,300,110,0.36666666666666664,C,67,0.22333333333333333,37.93666666666667
confirm_paper_tree_043,43,n10,truthfulqa,qa,quartz,3,300,1.0,0.0,1.0,0.0,1.0,0.0,0.0,300,2,0.006666666666666667,A,154,0.5133333333333333,1.0
confirm_paper_tree_043,43,n11,truthfulqa,summarization,xsum,4,300,1.0,0.2966666666666667,0.7033333333333334,0.0,0.16333333333333333,0.54,0.0,300,250,0.8333333333333334,False,17,0.056666666666666664,21.083333333333332
confirm_paper_tree_043,43,n12,truthfulqa,classification,rte,4,300,1.0,0.0033333333333333335,0.9966666666666667,0.0,0.9233333333333333,0.07333333333333333,0.0,300,29,0.09666666666666666,0,161,0.5366666666666666,1.7733333333333334
confirm_paper_tree_043,43,n13,truthfulqa,classification,sst2,4,300,0.9766666666666667,0.3233333333333333,0.6766666666666667,0.023333333333333334,0.5166666666666667,0.13666666666666666,0.0,300,151,0.5033333333333333,0,92,0.30666666666666664,34.74666666666667
confirm_paper_tree_043,43,n4,truthfulqa,classification,cola,2,300,0.96,0.06333333333333334,0.9366666666666666,0.04,0.6666666666666666,0.22333333333333333,0.006666666666666667,300,103,0.3433333333333333,0,127,0.42333333333333334,6.513333333333334
confirm_paper_tree_043,43,n7,truthfulqa,translation,opus_en_it,3,300,1.0,0.45666666666666667,0.5433333333333333,0.0,0.05,0.49333333333333335,0.0,300,281,0.9366666666666666,no,8,0.02666666666666667,30.733333333333334
confirm_paper_tree_043,43,n8,truthfulqa,classification,qnli,3,300,1.0,0.0,1.0,0.0,1.0,0.0,0.0,300,2,0.006666666666666667,1,225,0.75,1.0
confirm_paper_tree_043,43,n9,truthfulqa,translation,wmt14_en_fr,3,300,0.99,0.5366666666666666,0.4633333333333334,0.01,0.023333333333333334,0.4266666666666667,0.0033333333333333335,300,288,0.96,<EMPTY>,3,0.01,35.38333333333333
confirm_paper_tree_044,44,n0,hellaswag,qa,boolq,1,300,1.0,0.9533333333333334,0.046666666666666634,0.0,0.02666666666666667,0.016666666666666666,0.0033333333333333335,300,296,0.9866666666666667,True,3,0.01,109.84666666666666
confirm_paper_tree_044,44,n10,hellaswag,translation,opus_en_zh,3,300,0.95,0.2966666666666667,0.7033333333333334,0.05,0.4066666666666667,0.24333333333333335,0.0033333333333333335,300,165,0.55,[1],35,0.11666666666666667,23.513333333333332
confirm_paper_tree_044,44,n11,hellaswag,classification,ag_news,3,300,1.0,0.19,0.81,0.0,0.78,0.03,0.0,300,79,0.2633333333333333,3,86,0.2866666666666667,10.766666666666667
confirm_paper_tree_044,44,n12,hellaswag,qa,squad,4,300,1.0,0.9633333333333334,0.036666666666666625,0.0,0.0033333333333333335,0.03333333333333333,0.0,300,299,0.9966666666666667,"'answer_start': [13], 'text': ['attention seeking behaviors']",2,0.006666666666666667,53.53666666666667
confirm_paper_tree_044,44,n13,hellaswag,summarization,samsum,4,300,1.0,0.98,0.020000000000000018,0.0,0.0033333333333333335,0.016666666666666666,0.0,300,299,0.9966666666666667,[step],2,0.006666666666666667,101.86333333333333
confirm_paper_tree_044,44,n8,hellaswag,qa,squad_v2,3,300,1.0,0.8733333333333333,0.1266666666666667,0.0,0.0033333333333333335,0.12333333333333334,0.0,300,273,0.91,"'answer_start': [], 'text': []",26,0.08666666666666667,45.57666666666667
confirm_paper_tree_044,44,n0,arc_challenge,qa,boolq,1,300,1.0,0.0,1.0,0.0,0.9866666666666667,0.013333333333333334,0.0,300,14,0.04666666666666667,True,96,0.32,2.63
confirm_paper_tree_044,44,n10,arc_challenge,translation,opus_en_zh,3,300,0.97,0.0,1.0,0.03,0.97,0.0,0.0,300,12,0.04,0,147,0.49,0.9733333333333334
confirm_paper_tree_044,44,n11,arc_challenge,classification,ag_news,3,300,1.0,0.0,1.0,0.0,1.0,0.0,0.0,300,7,0.023333333333333334,3,174,0.58,1.0
confirm_paper_tree_044,44,n12,arc_challenge,qa,squad,4,300,1.0,0.95,0.050000000000000044,0.0,0.023333333333333334,0.023333333333333334,0.0033333333333333335,300,274,0.9133333333333333,"'answer_start': [0], 'text': ['B']",3,0.01,41.78
confirm_paper_tree_044,44,n13,arc_challenge,summarization,samsum,4,300,1.0,0.06333333333333334,0.9366666666666666,0.0,0.9266666666666666,0.01,0.0,300,31,0.10333333333333333,B,78,0.26,6.166666666666667
confirm_paper_tree_044,44,n8,arc_challenge,qa,squad_v2,3,300,1.0,0.4166666666666667,0.5833333333333333,0.0,0.0,0.5833333333333334,0.0,300,108,0.36,"'answer_start': [], 'text': []",172,0.5733333333333334,33.58
confirm_paper_tree_044,44,n0,mmlu,qa,boolq,1,300,0.9966666666666667,0.0,1.0,0.0033333333333333335,0.9933333333333333,0.0033333333333333335,0.0,300,11,0.03666666666666667,True,120,0.4,3.1666666666666665
confirm_paper_tree_044,44,n10,mmlu,translation,opus_en_zh,3,300,0.95,0.0,1.0,0.05,0.95,0.0,0.0,300,11,0.03666666666666667,0,146,0.4866666666666667,0.96
confirm_paper_tree_044,44,n11,mmlu,classification,ag_news,3,300,1.0,0.0,1.0,0.0,1.0,0.0,0.0,300,8,0.02666666666666667,3,131,0.43666666666666665,1.0
confirm_paper_tree_044,44,n12,mmlu,qa,squad,4,300,1.0,0.97,0.030000000000000027,0.0,0.006666666666666667,0.023333333333333334,0.0,300,270,0.9,"'answer_start': [39], 'text': ['B']",4,0.013333333333333334,40.2
confirm_paper_tree_044,44,n13,mmlu,summarization,samsum,4,300,1.0,0.07,0.9299999999999999,0.0,0.9233333333333333,0.006666666666666667,0.0,300,41,0.13666666666666666,B,69,0.23,10.063333333333333
confirm_paper_tree_044,44,n8,mmlu,qa,squad_v2,3,300,1.0,0.47,0.53,0.0,0.0,0.53,0.0,300,122,0.4066666666666667,"'answer_start': [], 'text': []",153,0.51,33.06
confirm_paper_tree_044,44,n0,truthfulqa,qa,boolq,1,300,1.0,0.013333333333333334,0.9866666666666667,0.0,0.91,0.07666666666666666,0.0,300,36,0.12,False,162,0.54,5.676666666666667
confirm_paper_tree_044,44,n10,truthfulqa,translation,opus_en_zh,3,300,0.8733333333333333,0.0,1.0,0.12666666666666668,0.8533333333333334,0.02,0.0,300,15,0.05,1,124,0.41333333333333333,0.96
confirm_paper_tree_044,44,n11,truthfulqa,classification,ag_news,3,300,1.0,0.0,1.0,0.0,0.9966666666666667,0.0033333333333333335,0.0,300,8,0.02666666666666667,0,118,0.3933333333333333,1.0066666666666666
confirm_paper_tree_044,44,n12,truthfulqa,qa,squad,4,300,1.0,0.9933333333333333,0.00666666666666671,0.0,0.0,0.006666666666666667,0.0,300,298,0.9933333333333333,"'answer_start': [67], 'text': ['no']",2,0.006666666666666667,45.57333333333333
confirm_paper_tree_044,44,n13,truthfulqa,summarization,samsum,4,300,1.0,0.51,0.49,0.0,0.023333333333333334,0.4666666666666667,0.0,300,293,0.9766666666666667,Ulstermen,3,0.01,32.81333333333333
confirm_paper_tree_044,44,n8,truthfulqa,qa,squad_v2,3,300,1.0,0.5066666666666667,0.4933333333333333,0.0,0.0,0.49333333333333335,0.0,300,155,0.5166666666666667,"'answer_start': [], 'text': []",139,0.4633333333333333,36.75333333333333
confirm_paper_tree_045,45,n10,hellaswag,summarization,cnn_dailymail,4,300,1.0,0.9866666666666667,0.013333333333333308,0.0,0.0,0.013333333333333334,0.0,300,299,0.9966666666666667,.,2,0.006666666666666667,141.29
confirm_paper_tree_045,45,n11,hellaswag,qa,arc_easy,4,300,1.0,0.9166666666666666,0.08333333333333337,0.0,0.02666666666666667,0.056666666666666664,0.0,300,295,0.9833333333333333,[step],4,0.013333333333333334,83.67
confirm_paper_tree_045,45,n3,hellaswag,classification,rte,3,300,0.9933333333333333,0.26,0.74,0.006666666666666667,0.7266666666666667,0.006666666666666667,0.0,300,88,0.29333333333333333,0,196,0.6533333333333333,15.776666666666667
confirm_paper_tree_045,45,n4,hellaswag,translation,opus_en_fr,3,300,1.0,0.98,0.020000000000000018,0.0,0.0,0.02,0.0,300,297,0.99,[step],4,0.013333333333333334,122.49333333333334
confirm_paper_tree_045,45,n7,hellaswag,qa,quartz,3,300,1.0,0.0033333333333333335,0.9966666666666667,0.0,0.9866666666666667,0.01,0.0,300,6,0.02,A,201,0.67,1.1433333333333333
confirm_paper_tree_045,45,n8,hellaswag,qa,arc_challenge,4,300,1.0,0.9133333333333333,0.08666666666666667,0.0,0.03333333333333333,0.05333333333333334,0.0,300,295,0.9833333333333333,B,4,0.013333333333333334,68.78
confirm_paper_tree_045,45,n9,hellaswag,translation,wmt14_en_fr,4,300,1.0,0.8733333333333333,0.1266666666666667,0.0,0.01,0.11666666666666667,0.0,300,293,0.9766666666666667,[text],6,0.02,84.87333333333333
confirm_paper_tree_045,45,n10,arc_challenge,summarization,cnn_dailymail,4,300,1.0,0.3333333333333333,0.6666666666666667,0.0,0.6333333333333333,0.03333333333333333,0.0,300,129,0.43,D.,41,0.13666666666666666,45.056666666666665
confirm_paper_tree_045,45,n11,arc_challenge,qa,arc_easy,4,300,1.0,0.013333333333333334,0.9866666666666667,0.0,0.9733333333333334,0.013333333333333334,0.0,300,11,0.03666666666666667,C,95,0.31666666666666665,1.8933333333333333
confirm_paper_tree_045,45,n3,arc_challenge,classification,rte,3,300,1.0,0.0,1.0,0.0,1.0,0.0,0.0,300,7,0.023333333333333334,0,77,0.25666666666666665,1.0
confirm_paper_tree_045,45,n4,arc_challenge,translation,opus_en_fr,3,300,1.0,0.02,0.98,0.0,0.9633333333333334,0.016666666666666666,0.0,300,13,0.043333333333333335,B,105,0.35,1.9333333333333333
confirm_paper_tree_045,45,n7,arc_challenge,qa,quartz,3,300,1.0,0.0,1.0,0.0,1.0,0.0,0.0,300,3,0.01,B,161,0.5366666666666666,1.0
confirm_paper_tree_045,45,n8,arc_challenge,qa,arc_challenge,4,300,0.9966666666666667,0.016666666666666666,0.9833333333333333,0.0033333333333333335,0.9766666666666667,0.0033333333333333335,0.0,300,13,0.043333333333333335,D,108,0.36,1.9566666666666668
confirm_paper_tree_045,45,n9,arc_challenge,translation,wmt14_en_fr,4,300,1.0,0.12666666666666668,0.8733333333333333,0.0,0.85,0.02,0.0033333333333333335,300,54,0.18,C,129,0.43,8.016666666666667
confirm_paper_tree_045,45,n10,mmlu,summarization,cnn_dailymail,4,300,1.0,0.43333333333333335,0.5666666666666667,0.0,0.55,0.016666666666666666,0.0,300,153,0.51,D.,47,0.15666666666666668,55.473333333333336
confirm_paper_tree_045,45,n11,mmlu,qa,arc_easy,4,300,1.0,0.0,1.0,0.0,1.0,0.0,0.0,300,5,0.016666666666666666,C,85,0.2833333333333333,1.0
confirm_paper_tree_045,45,n3,mmlu,classification,rte,3,300,1.0,0.0,1.0,0.0,1.0,0.0,0.0,300,6,0.02,B,60,0.2,1.0
confirm_paper_tree_045,45,n4,mmlu,translation,opus_en_fr,3,300,1.0,0.0033333333333333335,0.9966666666666667,0.0,0.9933333333333333,0.0033333333333333335,0.0,300,6,0.02,B,89,0.2966666666666667,1.0933333333333333
confirm_paper_tree_045,45,n7,mmlu,qa,quartz,3,300,1.0,0.0,1.0,0.0,1.0,0.0,0.0,300,3,0.01,B,164,0.5466666666666666,1.0
confirm_paper_tree_045,45,n8,mmlu,qa,arc_challenge,4,300,1.0,0.0033333333333333335,0.9966666666666667,0.0,0.9933333333333333,0.0033333333333333335,0.0,300,7,0.023333333333333334,D,113,0.37666666666666665,1.1333333333333333
confirm_paper_tree_045,45,n9,mmlu,translation,wmt14_en_fr,4,300,1.0,0.18666666666666668,0.8133333333333334,0.0,0.7933333333333333,0.02,0.0,300,73,0.24333333333333335,C,94,0.31333333333333335,12.733333333333333
confirm_paper_tree_045,45,n10,truthfulqa,summarization,cnn_dailymail,4,300,1.0,0.8666666666666667,0.1333333333333333,0.0,0.02,0.11333333333333333,0.0,300,298,0.9933333333333333,English,2,0.006666666666666667,47.973333333333336
confirm_paper_tree_045,45,n11,truthfulqa,qa,arc_easy,4,300,0.9933333333333333,0.38666666666666666,0.6133333333333333,0.006666666666666667,0.14,0.4666666666666667,0.0,300,277,0.9233333333333333,no,8,0.02666666666666667,21.54
confirm_paper_tree_045,45,n3,truthfulqa,classification,rte,3,300,1.0,0.0,1.0,0.0,0.9233333333333333,0.07666666666666666,0.0,300,27,0.09,0,218,0.7266666666666667,1.49
confirm_paper_tree_045,45,n4,truthfulqa,translation,opus_en_fr,3,300,1.0,0.39,0.61,0.0,0.08666666666666667,0.5166666666666667,0.006666666666666667,300,277,0.9233333333333333,no,11,0.03666666666666667,23.666666666666668
confirm_paper_tree_045,45,n7,truthfulqa,qa,quartz,3,300,1.0,0.0,1.0,0.0,1.0,0.0,0.0,300,4,0.013333333333333334,A,153,0.51,1.0066666666666666
confirm_paper_tree_045,45,n8,truthfulqa,qa,arc_challenge,4,300,0.99,0.49333333333333335,0.5066666666666666,0.01,0.34,0.15666666666666668,0.0,300,235,0.7833333333333333,D,11,0.03666666666666667,25.54
confirm_paper_tree_045,45,n9,truthfulqa,translation,wmt14_en_fr,4,300,1.0,0.7866666666666666,0.21333333333333337,0.0,0.05,0.16333333333333333,0.0,300,293,0.9766666666666667,No.,3,0.01,40.43
confirm_paper_tree_046,46,n10,hellaswag,classification,cola,4,300,0.9966666666666667,0.27,0.73,0.0033333333333333335,0.7133333333333334,0.013333333333333334,0.0,300,94,0.31333333333333335,1,168,0.56,25.796666666666667
confirm_paper_tree_046,46,n11,hellaswag,classification,mnli,4,300,0.9933333333333333,0.28,0.72,0.006666666666666667,0.6866666666666666,0.02666666666666667,0.0,300,105,0.35,1,101,0.33666666666666667,29.11
confirm_paper_tree_046,46,n12,hellaswag,summarization,arxiv_summ,4,300,1.0,0.9966666666666667,0.0033333333333332993,0.0,0.0033333333333333335,0.0,0.0,300,300,1.0,"Be aware that developmental delays start when children grow up and begin developing brain or spinal cord abnormalities. If your baby is not ready for these developmental milestones, the baby can be at risk for a fetus or bradycardia and may have a complication such as dissoci",1,0.0033333333333333335,191.71666666666667
confirm_paper_tree_046,46,n13,hellaswag,qa,quartz,4,300,1.0,0.0,1.0,0.0,0.9966666666666667,0.0033333333333333335,0.0,300,4,0.013333333333333334,A,201,0.67,1.0033333333333334
confirm_paper_tree_046,46,n7,hellaswag,summarization,pubmed,4,300,1.0,1.0,0.0,0.0,0.0,0.0,0.0,300,300,1.0,"Be aware that developmental delays can appear in any area such as the brain or brain. You can check with your pediatrician if your child is a newborn or can help establish the frequency for this process. Although these are relatively rare and may start early and end before you realize the baby is sick, many parents",1,0.0033333333333333335,203.04
confirm_paper_tree_046,46,n8,hellaswag,classification,sst2,4,300,0.9966666666666667,0.29333333333333333,0.7066666666666667,0.0033333333333333335,0.6966666666666667,0.006666666666666667,0.0,300,95,0.31666666666666665,0,109,0.36333333333333334,16.743333333333332
confirm_paper_tree_046,46,n9,hellaswag,summarization,xsum,4,300,0.9966666666666667,0.9933333333333333,0.00666666666666671,0.0033333333333333335,0.0,0.0033333333333333335,0.0,300,300,1.0,Be aware that developmental delays start when children grow up and begin developing brain or spinal cord injuries in the early stages. Most medical emergencies are caused by a child's early learning or behavior. Your doctor will perform physical testing to see if your child is deficient in a specific subject or condition.,1,0.0033333333333333335,134.35666666666665
confirm_paper_tree_046,46,n10,arc_challenge,classification,cola,4,300,1.0,0.0,1.0,0.0,1.0,0.0,0.0,300,2,0.006666666666666667,1,243,0.81,1.0
confirm_paper_tree_046,46,n11,arc_challenge,classification,mnli,4,300,1.0,0.0,1.0,0.0,1.0,0.0,0.0,300,4,0.013333333333333334,1,157,0.5233333333333333,1.0
confirm_paper_tree_046,46,n12,arc_challenge,summarization,arxiv_summ,4,300,1.0,0.27666666666666667,0.7233333333333334,0.0,0.7033333333333334,0.02,0.0,300,104,0.3466666666666667,A,43,0.14333333333333334,62.43666666666667
confirm_paper_tree_046,46,n13,arc_challenge,qa,quartz,4,300,1.0,0.0,1.0,0.0,1.0,0.0,0.0,300,3,0.01,A,165,0.55,1.0
confirm_paper_tree_046,46,n7,arc_challenge,summarization,pubmed,4,300,1.0,0.7233333333333334,0.2766666666666666,0.0,0.20666666666666667,0.07,0.0,300,265,0.8833333333333333,C,18,0.06,151.19
confirm_paper_tree_046,46,n8,arc_challenge,classification,sst2,4,300,1.0,0.0,1.0,0.0,1.0,0.0,0.0,300,7,0.023333333333333334,0,203,0.6766666666666666,1.0033333333333334
confirm_paper_tree_046,46,n9,arc_challenge,summarization,xsum,4,300,1.0,0.013333333333333334,0.9866666666666667,0.0,0.9733333333333334,0.013333333333333334,0.0,300,22,0.07333333333333333,A,95,0.31666666666666665,1.9233333333333333
confirm_paper_tree_046,46,n10,mmlu,classification,cola,4,300,1.0,0.0,1.0,0.0,1.0,0.0,0.0,300,4,0.013333333333333334,1,235,0.7833333333333333,1.0033333333333334
confirm_paper_tree_046,46,n11,mmlu,classification,mnli,4,300,1.0,0.0,1.0,0.0,1.0,0.0,0.0,300,3,0.01,1,150,0.5,1.0
confirm_paper_tree_046,46,n12,mmlu,summarization,arxiv_summ,4,300,0.9933333333333333,0.19,0.81,0.006666666666666667,0.7766666666666666,0.02666666666666667,0.0,300,83,0.27666666666666667,A,61,0.20333333333333334,45.376666666666665
confirm_paper_tree_046,46,n13,mmlu,qa,quartz,4,300,1.0,0.0,1.0,0.0,1.0,0.0,0.0,300,3,0.01,A,158,0.5266666666666666,1.0
confirm_paper_tree_046,46,n7,mmlu,summarization,pubmed,4,300,0.9966666666666667,0.6633333333333333,0.33666666666666667,0.0033333333333333335,0.3,0.03333333333333333,0.0,300,242,0.8066666666666666,C,25,0.08333333333333333,130.85666666666665
confirm_paper_tree_046,46,n8,mmlu,classification,sst2,4,300,1.0,0.0,1.0,0.0,0.9966666666666667,0.0033333333333333335,0.0,300,9,0.03,0,195,0.65,1.0033333333333334
confirm_paper_tree_046,46,n9,mmlu,summarization,xsum,4,300,1.0,0.0033333333333333335,0.9966666666666667,0.0,0.9866666666666667,0.01,0.0,300,15,0.05,A,107,0.3566666666666667,1.5266666666666666
confirm_paper_tree_046,46,n10,truthfulqa,classification,cola,4,300,0.9933333333333333,0.0,1.0,0.006666666666666667,0.99,0.0033333333333333335,0.0,300,4,0.013333333333333334,1,209,0.6966666666666667,0.9933333333333333
confirm_paper_tree_046,46,n11,truthfulqa,classification,mnli,4,300,1.0,0.0,1.0,0.0,0.99,0.01,0.0,300,12,0.04,1,153,0.51,1.02
confirm_paper_tree_046,46,n12,truthfulqa,summarization,arxiv_summ,4,300,1.0,0.5533333333333333,0.44666666666666666,0.0,0.06666666666666667,0.38,0.0,300,284,0.9466666666666667,no,9,0.03,63.02333333333333
confirm_paper_tree_046,46,n13,truthfulqa,qa,quartz,4,300,1.0,0.0,1.0,0.0,1.0,0.0,0.0,300,2,0.006666666666666667,B,153,0.51,1.0
confirm_paper_tree_046,46,n7,truthfulqa,summarization,pubmed,4,300,1.0,0.9633333333333334,0.036666666666666625,0.0,0.0,0.02666666666666667,0.01,300,300,1.0,"a single year study , a retrospective , consists of nine visits at home of the wealthy philanthropists or philanthropreneurs . a series of interviews between a retired physician and a student , including a discussion between the two phil",1,0.0033333333333333335,182.56
confirm_paper_tree_046,46,n8,truthfulqa,classification,sst2,4,300,1.0,0.0,1.0,0.0,1.0,0.0,0.0,300,2,0.006666666666666667,0,252,0.84,1.0
confirm_paper_tree_046,46,n9,truthfulqa,summarization,xsum,4,300,1.0,0.37666666666666665,0.6233333333333333,0.0,0.11,0.5133333333333333,0.0,300,277,0.9233333333333333,no,11,0.03666666666666667,26.723333333333333
confirm_paper_tree_047,47,n5,hellaswag,summarization,arxiv_summ,4,300,0.99,0.81,0.18999999999999995,0.01,0.09333333333333334,0.08,0.006666666666666667,300,285,0.95,0,11,0.03666666666666667,108.73333333333333
confirm_paper_tree_047,47,n6,hellaswag,classification,trec,4,300,1.0,0.48,0.52,0.0,0.0,0.5166666666666667,0.0033333333333333335,300,211,0.7033333333333334,techniques and methods,21,0.07,31.793333333333333
confirm_paper_tree_047,47,n7,hellaswag,translation,wmt14_en_de,4,300,1.0,0.7933333333333333,0.20666666666666667,0.0,0.05,0.15666666666666668,0.0,300,277,0.9233333333333333,[submission],8,0.02666666666666667,63.24
confirm_paper_tree_047,47,n8,hellaswag,classification,qnli,4,300,1.0,0.016666666666666666,0.9833333333333333,0.0,0.9766666666666667,0.006666666666666667,0.0,300,14,0.04666666666666667,0,236,0.7866666666666666,2.433333333333333
confirm_paper_tree_047,47,n5,arc_challenge,summarization,arxiv_summ,4,300,1.0,0.06666666666666667,0.9333333333333333,0.0,0.8833333333333333,0.04666666666666667,0.0033333333333333335,300,59,0.19666666666666666,0,188,0.6266666666666667,11.393333333333333
confirm_paper_tree_047,47,n6,arc_challenge,classification,trec,4,300,1.0,0.19666666666666666,0.8033333333333333,0.0,0.05,0.7533333333333333,0.0,300,70,0.23333333333333334,other entities,77,0.25666666666666665,17.233333333333334
confirm_paper_tree_047,47,n7,arc_challenge,translation,wmt14_en_de,4,300,1.0,0.0,1.0,0.0,0.99,0.01,0.0,300,13,0.043333333333333335,A,78,0.26,1.33
confirm_paper_tree_047,47,n8,arc_challenge,classification,qnli,4,300,1.0,0.0,1.0,0.0,1.0,0.0,0.0,300,4,0.013333333333333334,0,232,0.7733333333333333,1.0
confirm_paper_tree_047,47,n5,mmlu,summarization,arxiv_summ,4,300,1.0,0.09333333333333334,0.9066666666666666,0.0,0.85,0.056666666666666664,0.0,300,65,0.21666666666666667,0,186,0.62,16.006666666666668
confirm_paper_tree_047,47,n6,mmlu,classification,trec,4,300,1.0,0.25333333333333335,0.7466666666666666,0.0,0.1,0.6466666666666666,0.0,300,98,0.32666666666666666,other entities,38,0.12666666666666668,17.916666666666668
confirm_paper_tree_047,47,n7,mmlu,translation,wmt14_en_de,4,300,1.0,0.0,1.0,0.0,0.99,0.01,0.0,300,15,0.05,A,86,0.2866666666666667,1.3566666666666667
confirm_paper_tree_047,47,n8,mmlu,classification,qnli,4,300,1.0,0.0,1.0,0.0,1.0,0.0,0.0,300,5,0.016666666666666666,0,223,0.7433333333333333,1.0066666666666666
confirm_paper_tree_047,47,n5,truthfulqa,summarization,arxiv_summ,4,300,0.9966666666666667,0.36,0.64,0.0033333333333333335,0.3466666666666667,0.2733333333333333,0.016666666666666666,300,222,0.74,0,42,0.14,36.276666666666664
confirm_paper_tree_047,47,n6,truthfulqa,classification,trec,4,300,1.0,0.06666666666666667,0.9333333333333333,0.0,0.04666666666666667,0.8866666666666667,0.0,300,63,0.21,description of something,57,0.19,15.623333333333333
confirm_paper_tree_047,47,n7,truthfulqa,translation,wmt14_en_de,4,300,0.9933333333333333,0.09333333333333334,0.9066666666666666,0.006666666666666667,0.7733333333333333,0.12666666666666668,0.0,300,80,0.26666666666666666,False,103,0.3433333333333333,8.476666666666667
confirm_paper_tree_047,47,n8,truthfulqa,classification,qnli,4,300,1.0,0.0,1.0,0.0,1.0,0.0,0.0,300,2,0.006666666666666667,1,236,0.7866666666666666,1.0
confirm_paper_tree_048,48,n10,hellaswag,summarization,dialogsum,4,300,1.0,0.42,0.5800000000000001,0.0,0.03,0.55,0.0,300,175,0.5833333333333334,[step],66,0.22,32.63333333333333
confirm_paper_tree_048,48,n11,hellaswag,classification,cola,4,300,1.0,0.03666666666666667,0.9633333333333334,0.0,0.9633333333333334,0.0,0.0,300,13,0.043333333333333335,1,167,0.5566666666666666,3.223333333333333
confirm_paper_tree_048,48,n12,hellaswag,translation,opus_en_de,4,300,1.0,0.4633333333333333,0.5366666666666666,0.0,0.006666666666666667,0.5266666666666666,0.0033333333333333335,300,213,0.71,[step],48,0.16,41.23
confirm_paper_tree_048,48,n13,hellaswag,qa,arc_challenge,4,300,0.9833333333333333,0.14666666666666667,0.8533333333333333,0.016666666666666666,0.77,0.06666666666666667,0.0,300,72,0.24,A,119,0.39666666666666667,7.633333333333334
confirm_paper_tree_048,48,n6,hellaswag,translation,opus_en_es,3,300,1.0,0.36,0.64,0.0,0.08666666666666667,0.5533333333333333,0.0,300,160,0.5333333333333333,[step],81,0.27,29.866666666666667
confirm_paper_tree_048,48,n7,hellaswag,translation,wmt14_en_fr,3,300,1.0,0.2633333333333333,0.7366666666666667,0.0,0.14,0.5966666666666667,0.0,300,120,0.4,[header],113,0.37666666666666665,19.846666666666668
confirm_paper_tree_048,48,n8,hellaswag,qa,boolq,4,300,0.9966666666666667,0.25333333333333335,0.7466666666666666,0.0033333333333333335,0.66,0.08333333333333333,0.0,300,109,0.36333333333333334,True,98,0.32666666666666666,16.936666666666667
confirm_paper_tree_048,48,n9,hellaswag,qa,squad_v2,4,300,1.0,0.8533333333333334,0.1466666666666666,0.0,0.023333333333333334,0.12333333333333334,0.0,300,272,0.9066666666666666,"'answer_start': [], 'text': []",24,0.08,45.03666666666667
confirm_paper_tree_048,48,n10,arc_challenge,summarization,dialogsum,4,300,1.0,0.016666666666666666,0.9833333333333333,0.0,0.9733333333333334,0.01,0.0,300,14,0.04666666666666667,A,111,0.37,2.0366666666666666
confirm_paper_tree_048,48,n11,arc_challenge,classification,cola,4,300,1.0,0.0,1.0,0.0,0.9933333333333333,0.006666666666666667,0.0,300,6,0.02,1,171,0.57,1.0
confirm_paper_tree_048,48,n12,arc_challenge,translation,opus_en_de,4,300,1.0,0.63,0.37,0.0,0.30666666666666664,0.016666666666666666,0.04666666666666667,300,220,0.7333333333333333,A,24,0.08,87.97
confirm_paper_tree_048,48,n13,arc_challenge,qa,arc_challenge,4,300,0.99,0.0,1.0,0.01,0.99,0.0,0.0,300,5,0.016666666666666666,B,84,0.28,0.99
confirm_paper_tree_048,48,n6,arc_challenge,translation,opus_en_es,3,300,1.0,0.0,1.0,0.0,0.9966666666666667,0.0033333333333333335,0.0,300,9,0.03,B,88,0.29333333333333333,1.0166666666666666
confirm_paper_tree_048,48,n7,arc_challenge,translation,wmt14_en_fr,3,300,1.0,0.006666666666666667,0.9933333333333333,0.0,0.9933333333333333,0.0,0.0,300,10,0.03333333333333333,C,105,0.35,1.3166666666666667
confirm_paper_tree_048,48,n8,arc_challenge,qa,boolq,4,300,1.0,0.0,1.0,0.0,0.9833333333333333,0.016666666666666666,0.0,300,15,0.05,True,128,0.4266666666666667,3.54
confirm_paper_tree_048,48,n9,arc_challenge,qa,squad_v2,4,300,1.0,0.5233333333333333,0.4766666666666667,0.0,0.0,0.4766666666666667,0.0,300,129,0.43,"'answer_start': [], 'text': []",135,0.45,33.72
confirm_paper_tree_048,48,n10,mmlu,summarization,dialogsum,4,300,1.0,0.01,0.99,0.0,0.98,0.01,0.0,300,14,0.04666666666666667,A,122,0.4066666666666667,3.1466666666666665
confirm_paper_tree_048,48,n11,mmlu,classification,cola,4,300,1.0,0.0,1.0,0.0,0.9966666666666667,0.0033333333333333335,0.0,300,9,0.03,1,144,0.48,1.02
confirm_paper_tree_048,48,n12,mmlu,translation,opus_en_de,4,300,1.0,0.47333333333333333,0.5266666666666666,0.0,0.44,0.013333333333333334,0.07333333333333333,300,179,0.5966666666666667,A,45,0.15,61.55
confirm_paper_tree_048,48,n13,mmlu,qa,arc_challenge,4,300,1.0,0.0,1.0,0.0,1.0,0.0,0.0,300,4,0.013333333333333334,B,100,0.3333333333333333,1.0
confirm_paper_tree_048,48,n6,mmlu,translation,opus_en_es,3,300,1.0,0.0,1.0,0.0,0.9966666666666667,0.0033333333333333335,0.0,300,6,0.02,D,91,0.30333333333333334,1.0033333333333334
confirm_paper_tree_048,48,n7,mmlu,translation,wmt14_en_fr,3,300,1.0,0.0,1.0,0.0,1.0,0.0,0.0,300,6,0.02,C,93,0.31,1.0
confirm_paper_tree_048,48,n8,mmlu,qa,boolq,4,300,1.0,0.0,1.0,0.0,0.99,0.01,0.0,300,12,0.04,True,161,0.5366666666666666,3.8433333333333333
confirm_paper_tree_048,48,n9,mmlu,qa,squad_v2,4,300,1.0,0.6333333333333333,0.3666666666666667,0.0,0.0,0.36666666666666664,0.0,300,168,0.56,"'answer_start': [], 'text': []",106,0.35333333333333333,33.75333333333333
confirm_paper_tree_048,48,n10,truthfulqa,summarization,dialogsum,4,300,0.9933333333333333,0.26,0.74,0.006666666666666667,0.17333333333333334,0.56,0.0,300,248,0.8266666666666667,0,25,0.08333333333333333,17.536666666666665
confirm_paper_tree_048,48,n11,truthfulqa,classification,cola,4,300,1.0,0.0,1.0,0.0,0.9966666666666667,0.0033333333333333335,0.0,300,5,0.016666666666666666,1,175,0.5833333333333334,1.02
confirm_paper_tree_048,48,n12,truthfulqa,translation,opus_en_de,4,300,1.0,0.9766666666666667,0.023333333333333317,0.0,0.0,0.0033333333333333335,0.02,300,300,1.0,"'aliases': ['Family riots', 'Family riots', 'Family riots', 'Familiar riots', 'Family riot', 'Family riot",1,0.0033333333333333335,122.34666666666666
confirm_paper_tree_048,48,n13,truthfulqa,qa,arc_challenge,4,300,1.0,0.0,1.0,0.0,0.9866666666666667,0.013333333333333334,0.0,300,12,0.04,B,139,0.4633333333333333,1.0266666666666666
confirm_paper_tree_048,48,n6,truthfulqa,translation,opus_en_es,3,300,0.99,0.26666666666666666,0.7333333333333334,0.01,0.17333333333333334,0.55,0.0,300,259,0.8633333333333333,no,13,0.043333333333333335,15.94
confirm_paper_tree_048,48,n7,truthfulqa,translation,wmt14_en_fr,3,300,0.9866666666666667,0.23,0.77,0.013333333333333334,0.24333333333333335,0.5133333333333333,0.0,300,240,0.8,no,17,0.056666666666666664,15.246666666666666
confirm_paper_tree_048,48,n8,truthfulqa,qa,boolq,4,300,1.0,0.0,1.0,0.0,0.9966666666666667,0.0033333333333333335,0.0,300,3,0.01,False,185,0.6166666666666667,4.63
confirm_paper_tree_048,48,n9,truthfulqa,qa,squad_v2,4,300,1.0,0.78,0.21999999999999997,0.0,0.0,0.22,0.0,300,238,0.7933333333333333,"'answer_start': [], 'text': []",58,0.19333333333333333,42.06333333333333
confirm_paper_tree_049,49,n10,hellaswag,classification,mnli,3,300,0.99,0.28,0.72,0.01,0.6866666666666666,0.023333333333333334,0.0,300,101,0.33666666666666667,0,83,0.27666666666666667,17.333333333333332
confirm_paper_tree_049,49,n11,hellaswag,qa,trivia_qa,3,300,1.0,0.94,0.06000000000000005,0.0,0.006666666666666667,0.04,0.013333333333333334,300,298,0.9933333333333333,(A),2,0.006666666666666667,108.02666666666667
confirm_paper_tree_049,49,n12,hellaswag,classification,qnli,3,300,1.0,0.21,0.79,0.0,0.7833333333333333,0.006666666666666667,0.0,300,70,0.23333333333333334,0,186,0.62,11.083333333333334
confirm_paper_tree_049,49,n13,hellaswag,translation,opus_en_zh,4,300,0.92,0.8233333333333334,0.17666666666666664,0.08,0.023333333333333334,0.07333333333333333,0.0,300,271,0.9033333333333333,<EMPTY>,24,0.08,109.16666666666667
confirm_paper_tree_049,49,n5,hellaswag,classification,sst2,3,300,0.9833333333333333,0.6833333333333333,0.31666666666666665,0.016666666666666666,0.26666666666666666,0.03333333333333333,0.0,300,219,0.73,0,43,0.14333333333333334,57.33
confirm_paper_tree_049,49,n6,hellaswag,translation,opus_en_ja,3,300,0.9933333333333333,0.9533333333333334,0.046666666666666634,0.006666666666666667,0.0,0.04,0.0,300,298,0.9933333333333333,<EMPTY>,2,0.006666666666666667,93.99
confirm_paper_tree_049,49,n7,hellaswag,translation,wmt14_en_fr,3,300,0.9933333333333333,0.9666666666666667,0.033333333333333326,0.006666666666666667,0.0033333333333333335,0.023333333333333334,0.0,300,298,0.9933333333333333,[step],2,0.006666666666666667,105.50666666666666
confirm_paper_tree_049,49,n8,hellaswag,translation,wmt14_en_de,3,300,0.9933333333333333,0.9766666666666667,0.023333333333333317,0.006666666666666667,0.0033333333333333335,0.013333333333333334,0.0,300,298,0.9933333333333333,<EMPTY>,2,0.006666666666666667,109.55333333333333
confirm_paper_tree_049,49,n9,hellaswag,classification,cola,3,300,0.9966666666666667,0.25333333333333335,0.7466666666666666,0.0033333333333333335,0.7266666666666667,0.016666666666666666,0.0,300,91,0.30333333333333334,0,106,0.35333333333333333,14.18
confirm_paper_tree_049,49,n10,arc_challenge,classification,mnli,3,300,1.0,0.0,1.0,0.0,0.9933333333333333,0.006666666666666667,0.0,300,11,0.03666666666666667,0,110,0.36666666666666664,1.0
confirm_paper_tree_049,49,n11,arc_challenge,qa,trivia_qa,3,300,1.0,0.9466666666666667,0.053333333333333344,0.0,0.016666666666666666,0.0,0.03666666666666667,300,298,0.9933333333333333,(d).,2,0.006666666666666667,127.49
confirm_paper_tree_049,49,n12,arc_challenge,classification,qnli,3,300,1.0,0.0,1.0,0.0,1.0,0.0,0.0,300,2,0.006666666666666667,0,207,0.69,1.0
confirm_paper_tree_049,49,n13,arc_challenge,translation,opus_en_zh,4,300,0.87,0.02,0.98,0.13,0.8133333333333334,0.03666666666666667,0.0,300,29,0.09666666666666666,A,74,0.24666666666666667,4.333333333333333
confirm_paper_tree_049,49,n5,arc_challenge,classification,sst2,3,300,1.0,0.0,1.0,0.0,1.0,0.0,0.0,300,8,0.02666666666666667,1,148,0.49333333333333335,1.01
confirm_paper_tree_049,49,n6,arc_challenge,translation,opus_en_ja,3,300,1.0,0.023333333333333334,0.9766666666666667,0.0,0.9766666666666667,0.0,0.0,300,11,0.03666666666666667,A,93,0.31,2.183333333333333
confirm_paper_tree_049,49,n7,arc_challenge,translation,wmt14_en_fr,3,300,1.0,0.013333333333333334,0.9866666666666667,0.0,0.98,0.006666666666666667,0.0,300,12,0.04,C,82,0.2733333333333333,1.9033333333333333
confirm_paper_tree_049,49,n8,arc_challenge,translation,wmt14_en_de,3,300,1.0,0.02666666666666667,0.9733333333333334,0.0,0.9733333333333334,0.0,0.0,300,12,0.04,B,76,0.25333333333333335,2.3466666666666667
confirm_paper_tree_049,49,n9,arc_challenge,classification,cola,3,300,1.0,0.0,1.0,0.0,0.9933333333333333,0.006666666666666667,0.0,300,6,0.02,1,178,0.5933333333333334,1.0
confirm_paper_tree_049,49,n10,mmlu,classification,mnli,3,300,1.0,0.0,1.0,0.0,0.9966666666666667,0.0033333333333333335,0.0,300,12,0.04,0,93,0.31,1.0066666666666666
confirm_paper_tree_049,49,n11,mmlu,qa,trivia_qa,3,300,1.0,0.85,0.15000000000000002,0.0,0.09,0.02666666666666667,0.03333333333333333,300,280,0.9333333333333333,D,11,0.03666666666666667,114.70666666666666
confirm_paper_tree_049,49,n12,mmlu,classification,qnli,3,300,1.0,0.0,1.0,0.0,1.0,0.0,0.0,300,2,0.006666666666666667,0,221,0.7366666666666667,1.0
confirm_paper_tree_049,49,n13,mmlu,translation,opus_en_zh,4,300,0.9066666666666666,0.03,0.97,0.09333333333333334,0.8433333333333334,0.03333333333333333,0.0,300,29,0.09666666666666666,0,72,0.24,5.916666666666667
confirm_paper_tree_049,49,n5,mmlu,classification,sst2,3,300,1.0,0.0,1.0,0.0,0.9933333333333333,0.006666666666666667,0.0,300,10,0.03333333333333333,1,149,0.49666666666666665,1.0266666666666666
confirm_paper_tree_049,49,n6,mmlu,translation,opus_en_ja,3,300,1.0,0.0,1.0,0.0,1.0,0.0,0.0,300,4,0.013333333333333334,D,85,0.2833333333333333,1.0
confirm_paper_tree_049,49,n7,mmlu,translation,wmt14_en_fr,3,300,1.0,0.0033333333333333335,0.9966666666666667,0.0,0.9933333333333333,0.0033333333333333335,0.0,300,6,0.02,C,96,0.32,1.0866666666666667
confirm_paper_tree_049,49,n8,mmlu,translation,wmt14_en_de,3,300,1.0,0.0,1.0,0.0,1.0,0.0,0.0,300,4,0.013333333333333334,A,93,0.31,1.0
confirm_paper_tree_049,49,n9,mmlu,classification,cola,3,300,1.0,0.0,1.0,0.0,0.99,0.01,0.0,300,9,0.03,1,163,0.5433333333333333,1.01
confirm_paper_tree_049,49,n10,truthfulqa,classification,mnli,3,300,0.9933333333333333,0.03666666666666667,0.9633333333333334,0.006666666666666667,0.6833333333333333,0.2733333333333333,0.0,300,105,0.35,0,123,0.41,4.11
confirm_paper_tree_049,49,n11,truthfulqa,qa,trivia_qa,3,300,1.0,0.9933333333333333,0.00666666666666671,0.0,0.0,0.0033333333333333335,0.0033333333333333335,300,300,1.0,"'aliases': ['Food rations', 'Forest', 'Forest', 'Forest Farmers', 'Forest', '', 'Forest', 'The Food Market', 'Forests'",1,0.0033333333333333335,125.61666666666666
confirm_paper_tree_049,49,n12,truthfulqa,classification,qnli,3,300,1.0,0.0,1.0,0.0,1.0,0.0,0.0,300,3,0.01,1,234,0.78,1.0
confirm_paper_tree_049,49,n13,truthfulqa,translation,opus_en_zh,4,300,0.84,0.41333333333333333,0.5866666666666667,0.16,0.11666666666666667,0.31,0.0,300,231,0.77,<EMPTY>,48,0.16,37.99333333333333
confirm_paper_tree_049,49,n5,truthfulqa,classification,sst2,3,300,0.98,0.19666666666666666,0.8033333333333333,0.02,0.6533333333333333,0.12666666666666668,0.0033333333333333335,300,114,0.38,0,121,0.4033333333333333,14.79
confirm_paper_tree_049,49,n6,truthfulqa,translation,opus_en_ja,3,300,0.9433333333333334,0.38333333333333336,0.6166666666666667,0.056666666666666664,0.04666666666666667,0.5133333333333333,0.0,300,272,0.9066666666666666,<EMPTY>,17,0.056666666666666664,26.053333333333335
confirm_paper_tree_049,49,n7,truthfulqa,translation,wmt14_en_fr,3,300,1.0,0.4666666666666667,0.5333333333333333,0.0,0.06,0.47333333333333333,0.0,300,280,0.9333333333333333,no,7,0.023333333333333334,29.593333333333334
confirm_paper_tree_049,49,n8,truthfulqa,translation,wmt14_en_de,3,300,1.0,0.5033333333333333,0.4966666666666667,0.0,0.056666666666666664,0.44,0.0,300,289,0.9633333333333334,English,3,0.01,32.23
confirm_paper_tree_049,49,n9,truthfulqa,classification,cola,3,300,0.98,0.01,0.99,0.02,0.92,0.05,0.0,300,27,0.09,0,199,0.6633333333333333,1.69
confirm_paper_tree_050,50,n10,hellaswag,translation,wmt14_en_de,3,300,1.0,0.92,0.07999999999999996,0.0,0.016666666666666666,0.06333333333333334,0.0,300,295,0.9833333333333333,[step],5,0.016666666666666666,94.61666666666666
confirm_paper_tree_050,50,n11,hellaswag,qa,squad,3,300,1.0,0.97,0.030000000000000027,0.0,0.0,0.03,0.0,300,299,0.9966666666666667,[135],2,0.006666666666666667,53.906666666666666
confirm_paper_tree_050,50,n12,hellaswag,translation,opus_en_ja,4,300,0.8933333333333333,0.7466666666666667,0.2533333333333333,0.10666666666666667,0.02,0.12333333333333334,0.0033333333333333335,300,265,0.8833333333333333,<EMPTY>,32,0.10666666666666667,59.27333333333333
confirm_paper_tree_050,50,n13,hellaswag,classification,trec,4,300,1.0,0.33,0.6699999999999999,0.0,0.0,0.67,0.0,300,169,0.5633333333333334,other locations,26,0.08666666666666667,20.29
confirm_paper_tree_050,50,n5,hellaswag,summarization,billsum,3,300,1.0,1.0,0.0,0.0,0.0,0.0,0.0,300,300,1.0,Be aware that developmental delays can appear in any area such as the brain or brain. You can visit your pediatrician with any kind of developmental delay. Your infant can have difficulties hearing or hearing for several weeks before the baby is ready to go to start school and may have a developmental delay.,1,0.0033333333333333335,168.64
confirm_paper_tree_050,50,n7,hellaswag,qa,trivia_qa,3,300,1.0,0.9566666666666667,0.043333333333333335,0.0,0.0033333333333333335,0.016666666666666666,0.023333333333333334,300,300,1.0,"'aliases': ['Is your child still struggling with your child', 'Is not working well', 'Had you been seeing the dentist for a time?', 'Releive a good child', 'Is your child still",1,0.0033333333333333335,115.2
confirm_paper_tree_050,50,n8,hellaswag,translation,opus_en_zh,3,300,0.9866666666666667,0.3933333333333333,0.6066666666666667,0.013333333333333334,0.27,0.31,0.013333333333333334,300,174,0.58,[1],44,0.14666666666666667,36.03666666666667
confirm_paper_tree_050,50,n9,hellaswag,summarization,bigpatent,3,300,1.0,1.0,0.0,0.0,0.0,0.0,0.0,300,300,1.0,"Be aware that developmental delays can appear in any area such as the brain or heart. You can check with your pediatrician if your child is a healthy baby, or if your child has a physical condition. If there is no physical condition and your child is experiencing a severe developmental delay, you",1,0.0033333333333333335,160.63666666666666
confirm_paper_tree_050,50,n10,arc_challenge,translation,wmt14_en_de,3,300,0.9966666666666667,0.01,0.99,0.0033333333333333335,0.97,0.016666666666666666,0.0,300,17,0.056666666666666664,D,81,0.27,1.7466666666666666
confirm_paper_tree_050,50,n11,arc_challenge,qa,squad,3,300,1.0,0.5733333333333334,0.42666666666666664,0.0,0.4033333333333333,0.023333333333333334,0.0,300,148,0.49333333333333335,D,39,0.13,23.223333333333333
confirm_paper_tree_050,50,n12,arc_challenge,translation,opus_en_ja,4,300,0.9833333333333333,0.12333333333333334,0.8766666666666667,0.016666666666666666,0.5833333333333334,0.27666666666666667,0.0,300,130,0.43333333333333335,a,39,0.13,8.05
confirm_paper_tree_050,50,n13,arc_challenge,classification,trec,4,300,1.0,0.16,0.84,0.0,0.01,0.83,0.0,300,106,0.35333333333333333,description of something,39,0.13,16.426666666666666
confirm_paper_tree_050,50,n5,arc_challenge,summarization,billsum,3,300,1.0,0.25666666666666665,0.7433333333333334,0.0,0.7233333333333334,0.02,0.0,300,89,0.2966666666666667,B,70,0.23333333333333334,45.03666666666667
confirm_paper_tree_050,50,n7,arc_challenge,qa,trivia_qa,3,300,1.0,0.9233333333333333,0.07666666666666666,0.0,0.0,0.006666666666666667,0.07,300,299,0.9966666666666667,"'aliases': ['D', 'D', 'D'], 'matched_wiki_entity_name': '', 'normalized_aliases': ['d', 'd'], 'normalized_matched_",2,0.006666666666666667,124.61666666666666
confirm_paper_tree_050,50,n8,arc_challenge,translation,opus_en_zh,3,300,0.9733333333333334,0.0,1.0,0.02666666666666667,0.9633333333333334,0.01,0.0,300,13,0.043333333333333335,0,108,0.36,0.9766666666666667
confirm_paper_tree_050,50,n9,arc_challenge,summarization,bigpatent,3,300,1.0,0.03666666666666667,0.9633333333333334,0.0,0.9633333333333334,0.0,0.0,300,17,0.056666666666666664,A,93,0.31,4.233333333333333
confirm_paper_tree_050,50,n10,mmlu,translation,wmt14_en_de,3,300,1.0,0.0,1.0,0.0,0.99,0.01,0.0,300,9,0.03,D,88,0.29333333333333333,1.0033333333333334
confirm_paper_tree_050,50,n11,mmlu,qa,squad,3,300,1.0,0.6766666666666666,0.32333333333333336,0.0,0.30333333333333334,0.02,0.0,300,183,0.61,D,30,0.1,25.68
confirm_paper_tree_050,50,n12,mmlu,translation,opus_en_ja,4,300,0.9566666666666667,0.04,0.96,0.043333333333333335,0.6766666666666666,0.24,0.0,300,104,0.3466666666666667,a,49,0.16333333333333333,5.463333333333333
confirm_paper_tree_050,50,n13,mmlu,classification,trec,4,300,1.0,0.3233333333333333,0.6766666666666667,0.0,0.03333333333333333,0.6433333333333333,0.0,300,117,0.39,description of something,32,0.10666666666666667,19.22
confirm_paper_tree_050,50,n5,mmlu,summarization,billsum,3,300,1.0,0.26666666666666666,0.7333333333333334,0.0,0.73,0.0033333333333333335,0.0,300,91,0.30333333333333334,D,81,0.27,55.086666666666666
confirm_paper_tree_050,50,n7,mmlu,qa,trivia_qa,3,300,1.0,0.91,0.08999999999999997,0.0,0.013333333333333334,0.0,0.07666666666666666,300,297,0.99,0,4,0.013333333333333334,113.97333333333333
confirm_paper_tree_050,50,n8,mmlu,translation,opus_en_zh,3,300,0.9766666666666667,0.0,1.0,0.023333333333333334,0.97,0.006666666666666667,0.0,300,14,0.04666666666666667,0,143,0.4766666666666667,0.9833333333333333
confirm_paper_tree_050,50,n9,mmlu,summarization,bigpatent,3,300,1.0,0.013333333333333334,0.9866666666666667,0.0,0.9833333333333333,0.0033333333333333335,0.0,300,11,0.03666666666666667,A,90,0.3,2.9633333333333334
confirm_paper_tree_050,50,n10,truthfulqa,translation,wmt14_en_de,3,300,0.9966666666666667,0.41,0.5900000000000001,0.0033333333333333335,0.07333333333333333,0.5133333333333333,0.0,300,276,0.92,no,13,0.043333333333333335,25.236666666666668
confirm_paper_tree_050,50,n11,truthfulqa,qa,squad,3,300,1.0,0.9333333333333333,0.06666666666666665,0.0,0.016666666666666666,0.05,0.0,300,299,0.9966666666666667,"'answer_start': [19], 'text': ['yes']",2,0.006666666666666667,42.95666666666666
confirm_paper_tree_050,50,n12,truthfulqa,translation,opus_en_ja,4,300,0.9733333333333334,0.23,0.77,0.02666666666666667,0.09666666666666666,0.6433333333333333,0.0033333333333333335,300,263,0.8766666666666667,no,14,0.04666666666666667,14.083333333333334
confirm_paper_tree_050,50,n13,truthfulqa,classification,trec,4,300,1.0,0.17666666666666667,0.8233333333333334,0.0,0.10666666666666667,0.7166666666666667,0.0,300,99,0.33,no,29,0.09666666666666666,13.926666666666666
confirm_paper_tree_050,50,n5,truthfulqa,summarization,billsum,3,300,0.9966666666666667,0.5933333333333334,0.4066666666666666,0.0033333333333333335,0.016666666666666666,0.38333333333333336,0.0033333333333333335,300,291,0.97,English,4,0.013333333333333334,75.15
confirm_paper_tree_050,50,n7,truthfulqa,qa,trivia_qa,3,300,1.0,0.9866666666666667,0.013333333333333308,0.0,0.0,0.006666666666666667,0.006666666666666667,300,300,1.0,"'aliases': ['Food rations', 'Making food more costly', 'Making food easier', 'Making foods less expensive', 'Making food from scratch', 'Making food from scratch',",1,0.0033333333333333335,122.53
confirm_paper_tree_050,50,n8,truthfulqa,translation,opus_en_zh,3,300,0.9366666666666666,0.0,1.0,0.06333333333333334,0.8966666666666666,0.04,0.0,300,25,0.08333333333333333,0,133,0.44333333333333336,1.1966666666666668
confirm_paper_tree_050,50,n9,truthfulqa,summarization,bigpatent,3,300,0.9933333333333333,0.5766666666666667,0.42333333333333334,0.006666666666666667,0.02666666666666667,0.39,0.0,300,291,0.97,English,3,0.01,49.53333333333333
confirm_paper_tree_001,1,n10,dolly_open_ended,qa,squad_v2,4,90,1.0,0.6777777777777778,0.3222222222222222,0.0,0.0,0.32222222222222224,0.0,90,64,0.7111111111111111,"'answer_start': [], 'text': []",27,0.3,40.733333333333334
confirm_paper_tree_001,1,n11,dolly_open_ended,classification,cola,4,90,1.0,0.0,1.0,0.0,1.0,0.0,0.0,90,2,0.022222222222222223,1,81,0.9,1.0
confirm_paper_tree_001,1,n12,dolly_open_ended,qa,arc_easy,4,90,1.0,0.011111111111111112,0.9888888888888889,0.0,0.9888888888888889,0.0,0.0,90,11,0.12222222222222222,1,24,0.26666666666666666,1.5555555555555556
confirm_paper_tree_001,1,n13,dolly_open_ended,translation,opus_en_de,4,90,0.9666666666666667,0.8333333333333334,0.16666666666666663,0.03333333333333333,0.044444444444444446,0.08888888888888889,0.0,90,86,0.9555555555555556,<EMPTY>,3,0.03333333333333333,77.61111111111111
confirm_paper_tree_001,1,n3,dolly_open_ended,classification,sst2,3,90,1.0,0.0,1.0,0.0,1.0,0.0,0.0,90,2,0.022222222222222223,1,75,0.8333333333333334,1.0
confirm_paper_tree_001,1,n7,dolly_open_ended,qa,trivia_qa,3,90,1.0,0.9888888888888889,0.011111111111111072,0.0,0.0,0.0,0.011111111111111112,90,90,1.0,"'aliases': ['Piston papila', 'Coca (spicing)', 'Hauma', 'Piston papila', 'Piston papila'], 'matched_wiki",1,0.011111111111111112,127.03333333333333
confirm_paper_tree_001,1,n8,dolly_open_ended,qa,squad,3,90,1.0,0.9666666666666667,0.033333333333333326,0.0,0.011111111111111112,0.022222222222222223,0.0,90,90,1.0,"'answer_start': [14], 'text': ['french mothers sauces']",1,0.011111111111111112,46.15555555555556
confirm_paper_tree_001,1,n9,dolly_open_ended,summarization,govreport,4,90,0.9777777777777777,0.8555555555555555,0.1444444444444445,0.022222222222222223,0.06666666666666667,0.05555555555555555,0.0,90,86,0.9555555555555556,0,4,0.044444444444444446,159.67777777777778
confirm_paper_tree_002,2,n10,dolly_open_ended,summarization,pubmed,4,90,1.0,0.9111111111111111,0.0888888888888889,0.0,0.0,0.07777777777777778,0.011111111111111112,90,90,1.0,three names,1,0.011111111111111112,162.32222222222222
confirm_paper_tree_002,2,n11,dolly_open_ended,qa,arc_challenge,4,90,0.9888888888888889,0.3333333333333333,0.6666666666666667,0.011111111111111112,0.2222222222222222,0.43333333333333335,0.0,90,83,0.9222222222222223,no,4,0.044444444444444446,25.955555555555556
confirm_paper_tree_002,2,n12,dolly_open_ended,qa,squad,4,90,1.0,0.9888888888888889,0.011111111111111072,0.0,0.0,0.011111111111111112,0.0,90,90,1.0,"'answer_start': [171], 'text': ['5 French mothers sauces']",1,0.011111111111111112,48.05555555555556
confirm_paper_tree_002,2,n13,dolly_open_ended,summarization,govreport,4,90,0.9777777777777777,0.6666666666666666,0.33333333333333337,0.022222222222222223,0.18888888888888888,0.1111111111111111,0.011111111111111112,90,76,0.8444444444444444,0,13,0.14444444444444443,88.38888888888889
confirm_paper_tree_002,2,n7,dolly_open_ended,summarization,xsum,3,90,1.0,0.5222222222222223,0.47777777777777775,0.0,0.06666666666666667,0.4111111111111111,0.0,90,83,0.9222222222222223,seven,2,0.022222222222222223,40.75555555555555
confirm_paper_tree_002,2,n8,dolly_open_ended,translation,opus_en_de,3,90,0.9777777777777777,0.4,0.6,0.022222222222222223,0.36666666666666664,0.2111111111111111,0.0,90,60,0.6666666666666666,0,24,0.26666666666666666,21.144444444444446
confirm_paper_tree_002,2,n9,dolly_open_ended,qa,boolq,4,90,1.0,0.044444444444444446,0.9555555555555556,0.0,0.9222222222222223,0.03333333333333333,0.0,90,12,0.13333333333333333,True,39,0.43333333333333335,6.388888888888889
confirm_paper_tree_003,3,n10,dolly_open_ended,classification,mnli,3,90,1.0,0.0,1.0,0.0,1.0,0.0,0.0,90,3,0.03333333333333333,0,45,0.5,1.0
confirm_paper_tree_003,3,n11,dolly_open_ended,summarization,billsum,3,90,1.0,0.8666666666666667,0.1333333333333333,0.0,0.011111111111111112,0.08888888888888889,0.03333333333333333,90,90,1.0,French mother sauce.,1,0.011111111111111112,105.68888888888888
confirm_paper_tree_003,3,n12,dolly_open_ended,classification,ag_news,3,90,1.0,0.0,1.0,0.0,1.0,0.0,0.0,90,4,0.044444444444444446,0,41,0.45555555555555555,1.0
confirm_paper_tree_003,3,n13,dolly_open_ended,summarization,govreport,3,90,0.9888888888888889,0.9777777777777777,0.022222222222222254,0.011111111111111112,0.0,0.011111111111111112,0.0,90,90,1.0,French mother sauce is used in classic French cuisine.,1,0.011111111111111112,186.44444444444446
confirm_paper_tree_003,3,n5,dolly_open_ended,summarization,pubmed,2,90,0.9888888888888889,0.9444444444444444,0.05555555555555558,0.011111111111111112,0.0,0.03333333333333333,0.011111111111111112,90,90,1.0,"a large number of culinary restaurants in france use a mix of sauces like sofa and rascal sauces, amongst them a lot of the main asian foods. these sauces include the st and rascal sauces, sautee",1,0.011111111111111112,171.1
confirm_paper_tree_003,3,n6,dolly_open_ended,classification,imdb,2,90,1.0,0.0,1.0,0.0,1.0,0.0,0.0,90,1,0.011111111111111112,0,90,1.0,1.0
confirm_paper_tree_003,3,n7,dolly_open_ended,summarization,cnn_dailymail,3,90,1.0,0.6888888888888889,0.3111111111111111,0.0,0.1111111111111111,0.2,0.0,90,83,0.9222222222222223,False,4,0.044444444444444446,50.611111111111114
confirm_paper_tree_003,3,n8,dolly_open_ended,qa,arc_easy,3,90,1.0,0.4777777777777778,0.5222222222222221,0.0,0.3,0.2222222222222222,0.0,90,73,0.8111111111111111,False,10,0.1111111111111111,30.1
confirm_paper_tree_003,3,n9,dolly_open_ended,translation,wmt14_en_de,3,90,1.0,0.5777777777777777,0.4222222222222223,0.0,0.24444444444444444,0.17777777777777778,0.0,90,71,0.7888888888888889,True,9,0.1,36.233333333333334
confirm_paper_tree_004,4,n0,dolly_open_ended,qa,arc_challenge,1,90,0.9777777777777777,0.5222222222222223,0.47777777777777775,0.022222222222222223,0.13333333333333333,0.32222222222222224,0.0,90,88,0.9777777777777777,Yes.,2,0.022222222222222223,36.31111111111111
confirm_paper_tree_004,4,n10,dolly_open_ended,classification,sst2,3,90,1.0,0.0,1.0,0.0,1.0,0.0,0.0,90,3,0.03333333333333333,1,52,0.5777777777777777,1.0222222222222221
confirm_paper_tree_004,4,n11,dolly_open_ended,translation,opus_en_es,3,90,0.9888888888888889,0.5333333333333333,0.4666666666666667,0.011111111111111112,0.25555555555555554,0.2,0.0,90,74,0.8222222222222222,0,17,0.18888888888888888,35.98888888888889
confirm_paper_tree_004,4,n12,dolly_open_ended,summarization,cnn_dailymail,3,90,1.0,0.6777777777777778,0.3222222222222222,0.0,0.23333333333333334,0.08888888888888889,0.0,90,73,0.8111111111111111,0,17,0.18888888888888888,50.87777777777778
confirm_paper_tree_004,4,n13,dolly_open_ended,summarization,govreport,3,90,1.0,1.0,0.0,0.0,0.0,0.0,0.0,90,90,1.0,"French cuisine is characterized by a mixture of all kinds of sauces and sauces, including cream cheese, garlic, rosemary, sauerkraut, cheese, aioli, bread crumbs, and sauces. French mothers sauce is often a rich and flavored sauce with a bitter, lemon",1,0.011111111111111112,181.96666666666667
confirm_paper_tree_004,4,n8,dolly_open_ended,qa,quartz,3,90,1.0,0.0,1.0,0.0,1.0,0.0,0.0,90,2,0.022222222222222223,A,58,0.6444444444444445,1.0
confirm_paper_tree_004,4,n9,dolly_open_ended,qa,arc_easy,3,90,1.0,0.43333333333333335,0.5666666666666667,0.0,0.4777777777777778,0.08888888888888889,0.0,90,61,0.6777777777777778,0,23,0.25555555555555554,22.133333333333333
confirm_paper_tree_005,5,n1,dolly_open_ended,classification,yelp_polarity,2,90,1.0,0.0,1.0,0.0,1.0,0.0,0.0,90,2,0.022222222222222223,0,85,0.9444444444444444,1.0
confirm_paper_tree_005,5,n10,dolly_open_ended,translation,wmt14_en_de,3,90,0.14444444444444443,0.06666666666666667,0.9333333333333333,0.8555555555555555,0.022222222222222223,0.05555555555555555,0.0,90,14,0.15555555555555556,<EMPTY>,77,0.8555555555555555,3.577777777777778
confirm_paper_tree_005,5,n11,dolly_open_ended,translation,opus_en_ja,4,90,0.43333333333333335,0.044444444444444446,0.9555555555555556,0.5666666666666667,0.1,0.28888888888888886,0.0,90,22,0.24444444444444444,<EMPTY>,51,0.5666666666666667,5.355555555555555
confirm_paper_tree_005,5,n12,dolly_open_ended,qa,arc_easy,4,90,1.0,0.32222222222222224,0.6777777777777778,0.0,0.4666666666666667,0.2,0.011111111111111112,90,59,0.6555555555555556,0,24,0.26666666666666666,18.81111111111111
confirm_paper_tree_005,5,n13,dolly_open_ended,summarization,dialogsum,4,90,1.0,0.5,0.5,0.0,0.3333333333333333,0.16666666666666666,0.0,90,65,0.7222222222222222,0,26,0.28888888888888886,35.15555555555556
confirm_paper_tree_005,5,n6,dolly_open_ended,qa,boolq,3,90,1.0,0.0,1.0,0.0,1.0,0.0,0.0,90,2,0.022222222222222223,True,50,0.5555555555555556,4.444444444444445
confirm_paper_tree_005,5,n7,dolly_open_ended,summarization,xsum,3,90,1.0,0.4222222222222222,0.5777777777777777,0.0,0.5555555555555556,0.022222222222222223,0.0,90,42,0.4666666666666667,0,49,0.5444444444444444,43.46666666666667
confirm_paper_tree_005,5,n8,dolly_open_ended,classification,sst2,3,90,1.0,0.0,1.0,0.0,1.0,0.0,0.0,90,2,0.022222222222222223,1,63,0.7,1.0
confirm_paper_tree_005,5,n9,dolly_open_ended,summarization,bigpatent,3,90,1.0,0.044444444444444446,0.9555555555555556,0.0,0.9444444444444444,0.011111111111111112,0.0,90,7,0.07777777777777778,0,54,0.6,6.788888888888889
confirm_paper_tree_006,6,n0,dolly_open_ended,classification,rte,1,90,1.0,0.044444444444444446,0.9555555555555556,0.0,0.9222222222222223,0.03333333333333333,0.0,90,9,0.1,0,64,0.7111111111111111,3.2111111111111112
confirm_paper_tree_006,6,n1,dolly_open_ended,qa,arc_easy,1,90,1.0,0.5888888888888889,0.4111111111111111,0.0,0.1111111111111111,0.3,0.0,90,87,0.9666666666666667,I don't know.,2,0.022222222222222223,40.48888888888889
confirm_paper_tree_006,6,n7,dolly_open_ended,translation,opus_en_de,4,90,0.9777777777777777,0.7333333333333333,0.2666666666666667,0.022222222222222223,0.07777777777777778,0.16666666666666666,0.0,90,86,0.9555555555555556,0,2,0.022222222222222223,69.2
confirm_paper_tree_006,6,n8,dolly_open_ended,summarization,samsum,4,90,0.9777777777777777,0.7777777777777778,0.2222222222222222,0.022222222222222223,0.14444444444444443,0.044444444444444446,0.011111111111111112,90,79,0.8777777777777778,0,10,0.1111111111111111,62.91111111111111
confirm_paper_tree_006,6,n9,dolly_open_ended,translation,opus_en_es,4,90,1.0,0.6555555555555556,0.34444444444444444,0.0,0.13333333333333333,0.2111111111111111,0.0,90,82,0.9111111111111111,0,8,0.08888888888888889,40.94444444444444
confirm_paper_tree_007,7,n0,dolly_open_ended,classification,ag_news,1,90,1.0,0.011111111111111112,0.9888888888888889,0.0,0.9888888888888889,0.0,0.0,90,6,0.06666666666666667,3,34,0.37777777777777777,1.3666666666666667
confirm_paper_tree_007,7,n10,dolly_open_ended,summarization,dialogsum,3,90,0.9777777777777777,0.18888888888888888,0.8111111111111111,0.022222222222222223,0.6888888888888889,0.1,0.0,90,32,0.35555555555555557,0,52,0.5777777777777777,11.966666666666667
confirm_paper_tree_007,7,n11,dolly_open_ended,qa,sciq,3,90,1.0,0.17777777777777778,0.8222222222222222,0.0,0.13333333333333333,0.6777777777777778,0.011111111111111112,90,84,0.9333333333333333,no,2,0.022222222222222223,14.911111111111111
confirm_paper_tree_007,7,n12,dolly_open_ended,classification,imdb,3,90,1.0,0.7444444444444445,0.25555555555555554,0.0,0.15555555555555556,0.1,0.0,90,78,0.8666666666666667,0,11,0.12222222222222222,82.1
confirm_paper_tree_007,7,n13,dolly_open_ended,translation,wmt14_en_de,3,90,1.0,1.0,0.0,0.0,0.0,0.0,0.0,90,88,0.9777777777777777,How many professional basketball teams are based in California?,2,0.022222222222222223,96.03333333333333
confirm_paper_tree_007,7,n5,dolly_open_ended,translation,opus_en_fr,2,90,1.0,0.7888888888888889,0.21111111111111114,0.0,0.0,0.2111111111111111,0.0,90,89,0.9888888888888889,BCG,2,0.022222222222222223,54.63333333333333
confirm_paper_tree_007,7,n6,dolly_open_ended,qa,arc_challenge,3,90,0.9555555555555556,0.3,0.7,0.044444444444444446,0.5222222222222223,0.13333333333333333,0.0,90,55,0.6111111111111112,0,19,0.2111111111111111,20.522222222222222
confirm_paper_tree_007,7,n7,dolly_open_ended,summarization,pubmed,3,90,1.0,0.9555555555555556,0.0444444444444444,0.0,0.0,0.044444444444444446,0.0,90,90,1.0,"French cuisine is characterized by a mixture of spices called paprika and red wine sauce. The sauces usually consist of sauerkraut and cheese, onions, bread and peppers for cooking, and sauces such as abouillé or château and ham.",1,0.011111111111111112,212.9
confirm_paper_tree_007,7,n8,dolly_open_ended,qa,boolq,3,90,1.0,0.022222222222222223,0.9777777777777777,0.0,0.9555555555555556,0.022222222222222223,0.0,90,6,0.06666666666666667,True,43,0.4777777777777778,5.444444444444445
confirm_paper_tree_007,7,n9,dolly_open_ended,summarization,bigpatent,3,90,0.9666666666666667,0.4777777777777778,0.5222222222222221,0.03333333333333333,0.37777777777777777,0.1111111111111111,0.0,90,61,0.6777777777777778,0,22,0.24444444444444444,45.977777777777774
confirm_paper_tree_008,8,n10,dolly_open_ended,classification,trec,4,90,1.0,0.1,0.9,0.0,0.0,0.9,0.0,90,24,0.26666666666666666,description of something,15,0.16666666666666666,15.744444444444444
confirm_paper_tree_008,8,n11,dolly_open_ended,qa,squad,4,90,1.0,0.9888888888888889,0.011111111111111072,0.0,0.0,0.011111111111111112,0.0,90,90,1.0,"'answer_start': [171], 'text': ['five French mothers sauces']",1,0.011111111111111112,49.13333333333333
confirm_paper_tree_008,8,n12,dolly_open_ended,qa,arc_challenge,4,90,0.9888888888888889,0.9555555555555556,0.0444444444444444,0.011111111111111112,0.011111111111111112,0.022222222222222223,0.0,90,89,0.9888888888888889,Can you put metal in a microwave?,2,0.022222222222222223,163.76666666666668
confirm_paper_tree_008,8,n13,dolly_open_ended,summarization,pubmed,4,90,1.0,0.9888888888888889,0.011111111111111072,0.0,0.0,0.011111111111111112,0.0,90,90,1.0,"French cuisine is characterized by a mixture of spices called papilaines and sofa. The four main sauces used include crème brulee, macaroni and a félix. If the sauce is untamed and you don't have the ingredients, you",1,0.011111111111111112,195.3
confirm_paper_tree_008,8,n7,dolly_open_ended,summarization,bigpatent,3,90,1.0,0.5888888888888889,0.4111111111111111,0.0,0.08888888888888889,0.32222222222222224,0.0,90,87,0.9666666666666667,no,3,0.03333333333333333,59.855555555555554
confirm_paper_tree_008,8,n9,dolly_open_ended,translation,opus_en_de,4,90,1.0,0.0,1.0,0.0,0.9888888888888889,0.011111111111111112,0.0,90,3,0.03333333333333333,A,79,0.8777777777777778,1.011111111111111
confirm_paper_tree_009,9,n10,dolly_open_ended,classification,rte,3,90,1.0,0.0,1.0,0.0,1.0,0.0,0.0,90,2,0.022222222222222223,0,64,0.7111111111111111,1.0
confirm_paper_tree_009,9,n11,dolly_open_ended,classification,yelp_polarity,3,90,1.0,0.011111111111111112,0.9888888888888889,0.0,0.9888888888888889,0.0,0.0,90,3,0.03333333333333333,0,84,0.9333333333333333,2.1444444444444444
confirm_paper_tree_009,9,n12,dolly_open_ended,summarization,bigpatent,4,90,1.0,0.2,0.8,0.0,0.7444444444444445,0.05555555555555555,0.0,90,25,0.2777777777777778,A,59,0.6555555555555556,28.877777777777776
confirm_paper_tree_009,9,n13,dolly_open_ended,translation,opus_en_de,4,90,1.0,0.011111111111111112,0.9888888888888889,0.0,0.9777777777777777,0.011111111111111112,0.0,90,4,0.044444444444444446,A,61,0.6777777777777778,1.3666666666666667
confirm_paper_tree_009,9,n7,dolly_open_ended,summarization,cnn_dailymail,3,90,1.0,0.9888888888888889,0.011111111111111072,0.0,0.0,0.0,0.011111111111111112,90,90,1.0,"'aliases': ['Piston papeau', 'Piston (spicing)', 'Piston (pasque)', 'Piston (pasque)', 'Piston (pasque)', '",1,0.011111111111111112,127.81111111111112
confirm_paper_tree_009,9,n8,dolly_open_ended,classification,sst2,3,90,1.0,0.0,1.0,0.0,1.0,0.0,0.0,90,2,0.022222222222222223,1,45,0.5,1.0
confirm_paper_tree_009,9,n9,dolly_open_ended,translation,opus_en_ja,3,90,0.36666666666666664,0.044444444444444446,0.9555555555555556,0.6333333333333333,0.12222222222222222,0.2,0.0,90,21,0.23333333333333334,<EMPTY>,57,0.6333333333333333,4.855555555555555
confirm_paper_tree_010,10,n10,dolly_open_ended,translation,opus_en_es,3,90,1.0,0.7444444444444445,0.25555555555555554,0.0,0.022222222222222223,0.23333333333333334,0.0,90,87,0.9666666666666667,How many octaves does a harpsichord have?,2,0.022222222222222223,44.82222222222222
confirm_paper_tree_010,10,n11,dolly_open_ended,summarization,samsum,4,90,1.0,0.26666666666666666,0.7333333333333334,0.0,0.7111111111111111,0.022222222222222223,0.0,90,30,0.3333333333333333,A,52,0.5777777777777777,21.766666666666666
confirm_paper_tree_010,10,n12,dolly_open_ended,classification,rte,4,90,1.0,0.0,1.0,0.0,1.0,0.0,0.0,90,1,0.011111111111111112,1,90,1.0,1.0
confirm_paper_tree_010,10,n13,dolly_open_ended,summarization,arxiv_summ,4,90,1.0,0.044444444444444446,0.9555555555555556,0.0,0.9444444444444444,0.011111111111111112,0.0,90,10,0.1111111111111111,1,40,0.4444444444444444,10.188888888888888
confirm_paper_tree_010,10,n7,dolly_open_ended,translation,wmt14_en_de,3,90,1.0,0.07777777777777778,0.9222222222222223,0.0,0.9,0.022222222222222223,0.0,90,13,0.14444444444444443,0,51,0.5666666666666667,5.766666666666667
confirm_paper_tree_010,10,n8,dolly_open_ended,qa,squad,3,90,1.0,1.0,0.0,0.0,0.0,0.0,0.0,90,90,1.0,"'answer_start': [171], 'text': ['five']",1,0.011111111111111112,46.56666666666667
confirm_paper_tree_010,10,n9,dolly_open_ended,classification,yelp_polarity,3,90,1.0,0.24444444444444444,0.7555555555555555,0.0,0.6666666666666666,0.08888888888888889,0.0,90,33,0.36666666666666664,0,55,0.6111111111111112,16.72222222222222
confirm_paper_tree_011,11,n0,dolly_open_ended,classification,cola,1,90,1.0,0.011111111111111112,0.9888888888888889,0.0,0.9888888888888889,0.0,0.0,90,3,0.03333333333333333,1,58,0.6444444444444445,2.066666666666667
confirm_paper_tree_011,11,n10,dolly_open_ended,classification,ag_news,3,90,1.0,0.0,1.0,0.0,1.0,0.0,0.0,90,4,0.044444444444444446,3,30,0.3333333333333333,1.0
confirm_paper_tree_011,11,n11,dolly_open_ended,classification,sst2,3,90,1.0,0.0,1.0,0.0,1.0,0.0,0.0,90,2,0.022222222222222223,0,56,0.6222222222222222,1.0
confirm_paper_tree_011,11,n12,dolly_open_ended,translation,wmt14_en_fr,3,90,0.9888888888888889,0.36666666666666664,0.6333333333333333,0.011111111111111112,0.5888888888888889,0.03333333333333333,0.0,90,48,0.5333333333333333,0,27,0.3,25.944444444444443
confirm_paper_tree_011,11,n13,dolly_open_ended,classification,yelp_polarity,4,90,1.0,0.044444444444444446,0.9555555555555556,0.0,0.9555555555555556,0.0,0.0,90,6,0.06666666666666667,0,60,0.6666666666666666,5.722222222222222
confirm_paper_tree_011,11,n3,dolly_open_ended,summarization,pubmed,2,90,0.9888888888888889,0.9333333333333333,0.06666666666666665,0.011111111111111112,0.022222222222222223,0.03333333333333333,0.0,90,90,1.0,"French cuisine is characterized by a mixture of cheese, paprika and red wine sauce. Mother sauces usually combine flour, butter and eggs, but can also include other ingredients for a savory sauce, such as vegetable oil, vinegar or lemon juice.",1,0.011111111111111112,188.51111111111112
confirm_paper_tree_011,11,n4,dolly_open_ended,classification,mnli,2,90,1.0,0.0,1.0,0.0,1.0,0.0,0.0,90,4,0.044444444444444446,1,58,0.6444444444444445,1.0
confirm_paper_tree_011,11,n7,dolly_open_ended,translation,opus_en_de,2,90,1.0,0.2777777777777778,0.7222222222222222,0.0,0.6555555555555556,0.06666666666666667,0.0,90,37,0.4111111111111111,0,34,0.37777777777777777,17.022222222222222
confirm_paper_tree_012,12,n10,dolly_open_ended,qa,quartz,4,90,1.0,0.0,1.0,0.0,1.0,0.0,0.0,90,2,0.022222222222222223,A,63,0.7,1.0
confirm_paper_tree_012,12,n11,dolly_open_ended,summarization,samsum,4,90,1.0,0.7888888888888889,0.21111111111111114,0.0,0.011111111111111112,0.2,0.0,90,90,1.0,French mother sauce.,1,0.011111111111111112,50.17777777777778
confirm_paper_tree_012,12,n12,dolly_open_ended,classification,yelp_polarity,4,90,1.0,0.3111111111111111,0.6888888888888889,0.0,0.18888888888888888,0.5,0.0,90,81,0.9,0,5,0.05555555555555555,25.477777777777778
confirm_paper_tree_012,12,n13,dolly_open_ended,summarization,dialogsum,4,90,1.0,0.35555555555555557,0.6444444444444444,0.0,0.07777777777777778,0.5666666666666667,0.0,90,82,0.9111111111111111,five,4,0.044444444444444446,22.444444444444443
confirm_paper_tree_012,12,n5,dolly_open_ended,classification,qnli,3,90,1.0,0.011111111111111112,0.9888888888888889,0.0,0.9888888888888889,0.0,0.0,90,3,0.03333333333333333,1,64,0.7111111111111111,2.0
confirm_paper_tree_012,12,n6,dolly_open_ended,translation,wmt14_en_fr,3,90,0.9888888888888889,0.6888888888888889,0.3111111111111111,0.011111111111111112,0.08888888888888889,0.2111111111111111,0.0,90,85,0.9444444444444444,0,5,0.05555555555555555,47.13333333333333
confirm_paper_tree_012,12,n7,dolly_open_ended,classification,cola,3,90,1.0,0.011111111111111112,0.9888888888888889,0.0,0.9888888888888889,0.0,0.0,90,4,0.044444444444444446,1,58,0.6444444444444445,2.2777777777777777
confirm_paper_tree_012,12,n8,dolly_open_ended,qa,arc_easy,4,90,1.0,0.6777777777777778,0.3222222222222222,0.0,0.07777777777777778,0.24444444444444444,0.0,90,88,0.9777777777777777,D,2,0.022222222222222223,42.28888888888889
confirm_paper_tree_012,12,n9,dolly_open_ended,translation,opus_en_zh,4,90,0.7888888888888889,0.5888888888888889,0.4111111111111111,0.2111111111111111,0.03333333333333333,0.16666666666666666,0.0,90,71,0.7888888888888889,<EMPTY>,19,0.2111111111111111,39.666666666666664
confirm_paper_tree_013,13,n10,dolly_open_ended,qa,trivia_qa,3,90,1.0,0.9888888888888889,0.011111111111111072,0.0,0.0,0.0,0.011111111111111112,90,90,1.0,"'aliases': ['Piston papila', 'Coca (spicing)', 'Hauma (sauce)', 'Hauma (cucumber)', 'Julian (sauce)'",1,0.011111111111111112,129.27777777777777
confirm_paper_tree_013,13,n11,dolly_open_ended,qa,arc_challenge,3,90,0.9444444444444444,0.35555555555555557,0.6444444444444444,0.05555555555555555,0.4111111111111111,0.17777777777777778,0.0,90,64,0.7111111111111111,A,9,0.1,17.88888888888889
confirm_paper_tree_013,13,n12,dolly_open_ended,qa,sciq,3,90,1.0,0.2111111111111111,0.7888888888888889,0.0,0.13333333333333333,0.6444444444444445,0.011111111111111112,90,78,0.8666666666666667,five,4,0.044444444444444446,16.211111111111112
confirm_paper_tree_013,13,n13,dolly_open_ended,translation,opus_en_es,3,90,0.9777777777777777,0.16666666666666666,0.8333333333333334,0.022222222222222223,0.6444444444444445,0.16666666666666666,0.0,90,33,0.36666666666666664,0,55,0.6111111111111112,9.722222222222221
confirm_paper_tree_013,13,n2,dolly_open_ended,summarization,billsum,1,90,1.0,0.7333333333333333,0.2666666666666667,0.0,0.011111111111111112,0.25555555555555554,0.0,90,90,1.0,French mother sauce.,1,0.011111111111111112,83.87777777777778
confirm_paper_tree_013,13,n5,dolly_open_ended,qa,boolq,2,90,1.0,0.1,0.9,0.0,0.8444444444444444,0.05555555555555555,0.0,90,20,0.2222222222222222,False,33,0.36666666666666664,8.933333333333334
confirm_paper_tree_013,13,n6,dolly_open_ended,classification,ag_news,2,90,1.0,0.0,1.0,0.0,1.0,0.0,0.0,90,5,0.05555555555555555,3,43,0.4777777777777778,1.0
confirm_paper_tree_013,13,n8,dolly_open_ended,translation,opus_en_it,2,90,1.0,0.16666666666666666,0.8333333333333334,0.0,0.7777777777777778,0.05555555555555555,0.0,90,25,0.2777777777777778,0,61,0.6777777777777778,9.322222222222223
confirm_paper_tree_013,13,n9,dolly_open_ended,qa,quartz,2,90,1.0,0.0,1.0,0.0,1.0,0.0,0.0,90,2,0.022222222222222223,A,66,0.7333333333333333,1.0
confirm_paper_tree_014,14,n10,dolly_open_ended,summarization,pubmed,4,90,0.9888888888888889,0.9777777777777777,0.022222222222222254,0.011111111111111112,0.0,0.011111111111111112,0.0,90,90,1.0,"French cooking is characterized by a mixture of spices called papilas and sofa. The four main sauces used are tomatoes, grapes, peppers and onions. a small portion of tomatoes is sometimes added to the sauce.",1,0.011111111111111112,206.16666666666666
confirm_paper_tree_014,14,n11,dolly_open_ended,translation,opus_en_de,4,90,1.0,0.7777777777777778,0.2222222222222222,0.0,0.011111111111111112,0.2111111111111111,0.0,90,84,0.9333333333333333,What is a capital gain in finance?,3,0.03333333333333333,45.12222222222222
confirm_paper_tree_014,14,n12,dolly_open_ended,classification,mnli,4,90,1.0,0.0,1.0,0.0,1.0,0.0,0.0,90,3,0.03333333333333333,0,69,0.7666666666666667,1.0
confirm_paper_tree_014,14,n13,dolly_open_ended,qa,quartz,4,90,1.0,0.0,1.0,0.0,1.0,0.0,0.0,90,2,0.022222222222222223,A,54,0.6,1.0
confirm_paper_tree_014,14,n4,dolly_open_ended,summarization,billsum,3,90,0.9888888888888889,0.7333333333333333,0.2666666666666667,0.011111111111111112,0.011111111111111112,0.24444444444444444,0.0,90,89,0.9888888888888889,BCG,2,0.022222222222222223,63.644444444444446
confirm_paper_tree_014,14,n6,dolly_open_ended,classification,yelp_polarity,3,90,1.0,0.2,0.8,0.0,0.7888888888888889,0.011111111111111112,0.0,90,22,0.24444444444444444,0,58,0.6444444444444445,13.71111111111111
confirm_paper_tree_014,14,n8,dolly_open_ended,summarization,arxiv_summ,3,90,1.0,0.9777777777777777,0.022222222222222254,0.0,0.0,0.022222222222222223,0.0,90,90,1.0,French mother sauce is used as a sauce for all kinds of dishes. French Mother Sauce is a common sauce invented in France for simple dishes.,1,0.011111111111111112,142.07777777777778
confirm_paper_tree_014,14,n9,dolly_open_ended,classification,sst2,4,90,1.0,0.12222222222222222,0.8777777777777778,0.0,0.8666666666666667,0.011111111111111112,0.0,90,15,0.16666666666666666,0,43,0.4777777777777778,7.533333333333333
confirm_paper_tree_015,15,n2,dolly_open_ended,qa,squad,2,90,1.0,0.9888888888888889,0.011111111111111072,0.0,0.0,0.011111111111111112,0.0,90,90,1.0,"'answer_start': [171], 'text': ['5 French mothers sauces']",1,0.011111111111111112,49.388888888888886
confirm_paper_tree_015,15,n3,dolly_open_ended,summarization,arxiv_summ,3,90,1.0,0.9444444444444444,0.05555555555555558,0.0,0.022222222222222223,0.03333333333333333,0.0,90,90,1.0,French mother sauce is used as a sauce for all kinds of dishes. It is the most popular sauce for french cuisine.,1,0.011111111111111112,134.54444444444445
confirm_paper_tree_015,15,n6,dolly_open_ended,translation,wmt14_en_de,4,90,1.0,0.36666666666666664,0.6333333333333333,0.0,0.5111111111111111,0.12222222222222222,0.0,90,51,0.5666666666666667,0,33,0.36666666666666664,21.57777777777778
confirm_paper_tree_015,15,n7,dolly_open_ended,summarization,govreport,4,90,0.9777777777777777,0.5222222222222223,0.47777777777777775,0.022222222222222223,0.43333333333333335,0.022222222222222223,0.0,90,54,0.6,0,33,0.36666666666666664,99.5111111111111
confirm_paper_tree_016,16,n10,dolly_open_ended,summarization,billsum,2,90,1.0,0.9333333333333333,0.06666666666666665,0.0,0.011111111111111112,0.05555555555555555,0.0,90,90,1.0,French mother sauce.,1,0.011111111111111112,106.53333333333333
confirm_paper_tree_016,16,n11,dolly_open_ended,summarization,samsum,2,90,1.0,0.9,0.09999999999999998,0.0,0.011111111111111112,0.08888888888888889,0.0,90,90,1.0,French mother sauce.,1,0.011111111111111112,60.62222222222222
confirm_paper_tree_016,16,n12,dolly_open_ended,translation,opus_en_it,3,90,0.9777777777777777,0.6111111111111112,0.38888888888888884,0.022222222222222223,0.07777777777777778,0.28888888888888886,0.0,90,84,0.9333333333333333,0,5,0.05555555555555555,35.611111111111114
confirm_paper_tree_016,16,n13,dolly_open_ended,translation,opus_en_fr,3,90,0.9888888888888889,0.6888888888888889,0.3111111111111111,0.011111111111111112,0.022222222222222223,0.2777777777777778,0.0,90,89,0.9888888888888889,.,2,0.022222222222222223,39.27777777777778
confirm_paper_tree_016,16,n4,dolly_open_ended,classification,trec,2,90,1.0,0.13333333333333333,0.8666666666666667,0.0,0.0,0.8666666666666667,0.0,90,37,0.4111111111111111,definition of something,9,0.1,15.61111111111111
confirm_paper_tree_016,16,n5,dolly_open_ended,translation,opus_en_ru,2,90,0.8666666666666667,0.17777777777777778,0.8222222222222222,0.13333333333333333,0.4222222222222222,0.26666666666666666,0.0,90,48,0.5333333333333333,0,30,0.3333333333333333,12.077777777777778
confirm_paper_tree_016,16,n6,dolly_open_ended,qa,squad_v2,2,90,1.0,0.6666666666666666,0.33333333333333337,0.0,0.0,0.3333333333333333,0.0,90,61,0.6777777777777778,"'answer_start': [], 'text': []",30,0.3333333333333333,41.15555555555556
confirm_paper_tree_016,16,n7,dolly_open_ended,qa,arc_easy,2,90,1.0,0.2222222222222222,0.7777777777777778,0.0,0.6,0.17777777777777778,0.0,90,47,0.5222222222222223,1,13,0.14444444444444443,14.477777777777778
confirm_paper_tree_016,16,n8,dolly_open_ended,classification,rte,2,90,1.0,0.011111111111111112,0.9888888888888889,0.0,0.9888888888888889,0.0,0.0,90,3,0.03333333333333333,1,70,0.7777777777777778,1.511111111111111
confirm_paper_tree_016,16,n9,dolly_open_ended,classification,sst2,2,90,1.0,0.0,1.0,0.0,1.0,0.0,0.0,90,2,0.022222222222222223,0,65,0.7222222222222222,1.0
confirm_paper_tree_017,17,n10,dolly_open_ended,qa,boolq,2,90,1.0,0.07777777777777778,0.9222222222222223,0.0,0.8444444444444444,0.07777777777777778,0.0,90,16,0.17777777777777778,True,42,0.4666666666666667,11.522222222222222
confirm_paper_tree_017,17,n11,dolly_open_ended,summarization,billsum,3,90,0.9888888888888889,0.2111111111111111,0.7888888888888889,0.011111111111111112,0.6444444444444445,0.13333333333333333,0.0,90,33,0.36666666666666664,0,45,0.5,21.61111111111111
confirm_paper_tree_017,17,n12,dolly_open_ended,classification,mnli,3,90,1.0,0.0,1.0,0.0,0.9444444444444444,0.05555555555555555,0.0,90,10,0.1111111111111111,0,42,0.4666666666666667,1.2222222222222223
confirm_paper_tree_017,17,n13,dolly_open_ended,translation,opus_en_es,3,90,1.0,0.7888888888888889,0.21111111111111114,0.0,0.011111111111111112,0.2,0.0,90,85,0.9444444444444444,How many professional basketball teams are based in California?,2,0.022222222222222223,55.71111111111111
confirm_paper_tree_017,17,n4,dolly_open_ended,translation,wmt14_en_de,2,90,1.0,0.7555555555555555,0.24444444444444446,0.0,0.022222222222222223,0.2222222222222222,0.0,90,89,0.9888888888888889,0,2,0.022222222222222223,48.955555555555556
confirm_paper_tree_017,17,n8,dolly_open_ended,classification,qnli,2,90,1.0,0.011111111111111112,0.9888888888888889,0.0,0.9888888888888889,0.0,0.0,90,3,0.03333333333333333,1,63,0.7,4.4
confirm_paper_tree_017,17,n9,dolly_open_ended,translation,opus_en_zh,2,90,0.9777777777777777,0.7666666666666667,0.23333333333333328,0.022222222222222223,0.022222222222222223,0.18888888888888888,0.0,90,87,0.9666666666666667,How many professional basketball teams are based in California?,2,0.022222222222222223,66.06666666666666
confirm_paper_tree_018,18,n10,dolly_open_ended,translation,wmt14_en_fr,3,90,1.0,0.8444444444444444,0.15555555555555556,0.0,0.011111111111111112,0.14444444444444443,0.0,90,90,1.0,Mention some mothers sauces.,1,0.011111111111111112,51.4
confirm_paper_tree_018,18,n11,dolly_open_ended,classification,dbpedia_14,4,90,0.8777777777777778,0.4111111111111111,0.5888888888888889,0.12222222222222222,0.3111111111111111,0.15555555555555556,0.0,90,55,0.6111111111111112,0,23,0.25555555555555554,23.933333333333334
confirm_paper_tree_018,18,n12,dolly_open_ended,classification,imdb,4,90,0.8777777777777778,0.4444444444444444,0.5555555555555556,0.12222222222222222,0.2777777777777778,0.15555555555555556,0.0,90,62,0.6888888888888889,0,19,0.2111111111111111,29.944444444444443
confirm_paper_tree_018,18,n13,dolly_open_ended,translation,opus_en_es,4,90,0.9888888888888889,0.7444444444444445,0.25555555555555554,0.011111111111111112,0.06666666666666667,0.17777777777777778,0.0,90,87,0.9666666666666667,False.,2,0.022222222222222223,46.266666666666666
confirm_paper_tree_018,18,n5,dolly_open_ended,classification,trec,3,90,1.0,0.14444444444444443,0.8555555555555556,0.0,0.0,0.8555555555555555,0.0,90,31,0.34444444444444444,description of something,12,0.13333333333333333,16.455555555555556
confirm_paper_tree_018,18,n6,dolly_open_ended,classification,ag_news,3,90,1.0,0.0,1.0,0.0,1.0,0.0,0.0,90,4,0.044444444444444446,1,37,0.4111111111111111,1.0
confirm_paper_tree_018,18,n7,dolly_open_ended,summarization,xsum,3,90,0.9777777777777777,0.17777777777777778,0.8222222222222222,0.022222222222222223,0.7555555555555555,0.044444444444444446,0.0,90,27,0.3,0,38,0.4222222222222222,15.911111111111111
confirm_paper_tree_018,18,n8,dolly_open_ended,summarization,samsum,3,90,1.0,0.24444444444444444,0.7555555555555555,0.0,0.6777777777777778,0.07777777777777778,0.0,90,32,0.35555555555555557,0,34,0.37777777777777777,22.855555555555554
confirm_paper_tree_018,18,n9,dolly_open_ended,translation,opus_en_fr,3,90,1.0,0.8,0.19999999999999996,0.0,0.022222222222222223,0.17777777777777778,0.0,90,89,0.9888888888888889,.,2,0.022222222222222223,53.03333333333333
confirm_paper_tree_019,19,n10,dolly_open_ended,summarization,dialogsum,3,90,0.9888888888888889,0.3333333333333333,0.6666666666666667,0.011111111111111112,0.6,0.05555555555555555,0.0,90,43,0.4777777777777778,False,18,0.2,21.733333333333334
confirm_paper_tree_019,19,n11,dolly_open_ended,qa,quartz,4,90,1.0,0.0,1.0,0.0,1.0,0.0,0.0,90,2,0.022222222222222223,A,50,0.5555555555555556,1.0
confirm_paper_tree_019,19,n12,dolly_open_ended,translation,opus_en_ja,4,90,0.5444444444444444,0.2222222222222222,0.7777777777777778,0.45555555555555555,0.1,0.2222222222222222,0.0,90,38,0.4222222222222222,<EMPTY>,41,0.45555555555555555,14.533333333333333
confirm_paper_tree_019,19,n13,dolly_open_ended,translation,wmt14_en_de,4,90,1.0,0.2111111111111111,0.7888888888888889,0.0,0.7555555555555555,0.03333333333333333,0.0,90,30,0.3333333333333333,0,52,0.5777777777777777,13.644444444444444
confirm_paper_tree_019,19,n2,dolly_open_ended,classification,mnli,1,90,1.0,0.022222222222222223,0.9777777777777777,0.0,0.9666666666666667,0.011111111111111112,0.0,90,8,0.08888888888888889,1,40,0.4444444444444444,3.011111111111111
confirm_paper_tree_019,19,n8,dolly_open_ended,translation,opus_en_it,3,90,1.0,0.3333333333333333,0.6666666666666667,0.0,0.5888888888888889,0.07777777777777778,0.0,90,46,0.5111111111111111,0,28,0.3111111111111111,21.07777777777778
confirm_paper_tree_019,19,n9,dolly_open_ended,summarization,pubmed,3,90,1.0,0.7,0.30000000000000004,0.0,0.23333333333333334,0.06666666666666667,0.0,90,79,0.8777777777777778,1,7,0.07777777777777778,149.5222222222222
confirm_paper_tree_020,20,n3,dolly_open_ended,qa,sciq,3,90,1.0,0.36666666666666664,0.6333333333333333,0.0,0.1,0.5333333333333333,0.0,90,82,0.9111111111111111,no,3,0.03333333333333333,25.266666666666666
confirm_paper_tree_020,20,n4,dolly_open_ended,classification,dbpedia_14,4,90,1.0,0.2,0.8,0.0,0.7666666666666667,0.03333333333333333,0.0,90,25,0.2777777777777778,0,66,0.7333333333333333,16.477777777777778
confirm_paper_tree_020,20,n5,dolly_open_ended,qa,squad_v2,4,90,1.0,0.8,0.19999999999999996,0.0,0.0,0.2,0.0,90,76,0.8444444444444444,"'answer_start': [], 'text': []",15,0.16666666666666666,50.28888888888889
confirm_paper_tree_020,20,n6,dolly_open_ended,classification,qnli,4,90,1.0,0.0,1.0,0.0,1.0,0.0,0.0,90,2,0.022222222222222223,1,83,0.9222222222222223,1.0
confirm_paper_tree_021,21,n1,dolly_open_ended,summarization,bigpatent,1,90,0.9888888888888889,0.8444444444444444,0.15555555555555556,0.011111111111111112,0.011111111111111112,0.13333333333333333,0.0,90,89,0.9888888888888889,BCG,2,0.022222222222222223,89.96666666666667
confirm_paper_tree_021,21,n10,dolly_open_ended,classification,mnli,4,90,1.0,0.0,1.0,0.0,1.0,0.0,0.0,90,3,0.03333333333333333,1,56,0.6222222222222222,1.0
confirm_paper_tree_021,21,n11,dolly_open_ended,classification,yelp_polarity,4,90,1.0,0.0,1.0,0.0,1.0,0.0,0.0,90,2,0.022222222222222223,1,63,0.7,1.0
confirm_paper_tree_021,21,n6,dolly_open_ended,qa,trivia_qa,4,90,1.0,0.9888888888888889,0.011111111111111072,0.0,0.0,0.0,0.011111111111111112,90,90,1.0,"'aliases': ['Piston papila', 'Coca (spicing)', 'Hamon papila', 'Ultina', 'Piston (deluxe)', 'P",1,0.011111111111111112,124.44444444444444
confirm_paper_tree_021,21,n7,dolly_open_ended,qa,arc_challenge,4,90,0.9888888888888889,0.011111111111111112,0.9888888888888889,0.011111111111111112,0.9666666666666667,0.011111111111111112,0.0,90,11,0.12222222222222222,0,34,0.37777777777777777,1.4666666666666666
confirm_paper_tree_021,21,n8,dolly_open_ended,summarization,arxiv_summ,4,90,1.0,0.1,0.9,0.0,0.8444444444444444,0.044444444444444446,0.011111111111111112,90,21,0.23333333333333334,0,61,0.6777777777777778,15.133333333333333
confirm_paper_tree_021,21,n9,dolly_open_ended,classification,sst2,4,90,1.0,0.0,1.0,0.0,1.0,0.0,0.0,90,2,0.022222222222222223,1,59,0.6555555555555556,1.0
confirm_paper_tree_022,22,n3,dolly_open_ended,summarization,govreport,3,90,0.9888888888888889,0.9333333333333333,0.06666666666666665,0.011111111111111112,0.0,0.05555555555555555,0.0,90,88,0.9777777777777777,Can you put metal in a microwave?,2,0.022222222222222223,145.9
confirm_paper_tree_022,22,n6,dolly_open_ended,qa,squad,4,90,1.0,0.9888888888888889,0.011111111111111072,0.0,0.0,0.011111111111111112,0.0,90,90,1.0,"'answer_start': [171], 'text': ['five French mothers sauces']",1,0.011111111111111112,49.77777777777778
confirm_paper_tree_022,22,n7,dolly_open_ended,classification,qnli,4,90,1.0,0.0,1.0,0.0,1.0,0.0,0.0,90,2,0.022222222222222223,1,62,0.6888888888888889,1.0
confirm_paper_tree_022,22,n8,dolly_open_ended,summarization,dialogsum,4,90,0.9666666666666667,0.8111111111111111,0.18888888888888888,0.03333333333333333,0.0,0.15555555555555556,0.0,90,87,0.9666666666666667,<EMPTY>,3,0.03333333333333333,44.44444444444444
confirm_paper_tree_023,23,n10,dolly_open_ended,classification,imdb,3,90,1.0,0.0,1.0,0.0,1.0,0.0,0.0,90,3,0.03333333333333333,0,56,0.6222222222222222,1.0
confirm_paper_tree_023,23,n11,dolly_open_ended,classification,trec,3,90,1.0,0.08888888888888889,0.9111111111111111,0.0,0.0,0.9111111111111111,0.0,90,28,0.3111111111111111,description of something,14,0.15555555555555556,16.42222222222222
confirm_paper_tree_023,23,n12,dolly_open_ended,qa,boolq,4,90,1.0,0.06666666666666667,0.9333333333333333,0.0,0.8666666666666667,0.06666666666666667,0.0,90,14,0.15555555555555556,False,42,0.4666666666666667,8.177777777777777
confirm_paper_tree_023,23,n13,dolly_open_ended,classification,rte,4,90,1.0,0.0,1.0,0.0,1.0,0.0,0.0,90,2,0.022222222222222223,0,57,0.6333333333333333,1.0
confirm_paper_tree_023,23,n5,dolly_open_ended,qa,squad,2,90,1.0,0.9777777777777777,0.022222222222222254,0.0,0.0,0.022222222222222223,0.0,90,90,1.0,"'answer_start': [78], 'text': ['favorites']",1,0.011111111111111112,48.17777777777778
confirm_paper_tree_023,23,n8,dolly_open_ended,translation,opus_en_fr,3,90,1.0,0.34444444444444444,0.6555555555555556,0.0,0.5666666666666667,0.08888888888888889,0.0,90,46,0.5111111111111111,0,40,0.4444444444444444,22.944444444444443
confirm_paper_tree_023,23,n9,dolly_open_ended,summarization,arxiv_summ,3,90,1.0,1.0,0.0,0.0,0.0,0.0,0.0,90,90,1.0,French mother sauce is used as a sauce for all kinds of dishes. French Mother Sauce is a common sauce invented for many dishes. The following sauces are used as an important ingredient for classic French dinners. Other sauces include the stout sauce and chardonnay sauce.,1,0.011111111111111112,182.73333333333332
confirm_paper_tree_024,24,n10,dolly_open_ended,summarization,pubmed,3,90,1.0,0.8222222222222222,0.1777777777777778,0.0,0.12222222222222222,0.05555555555555555,0.0,90,84,0.9333333333333333,0,7,0.07777777777777778,174.0
confirm_paper_tree_024,24,n11,dolly_open_ended,classification,dbpedia_14,3,90,1.0,0.0,1.0,0.0,1.0,0.0,0.0,90,1,0.011111111111111112,0,90,1.0,1.0
confirm_paper_tree_024,24,n12,dolly_open_ended,classification,mnli,3,90,1.0,0.0,1.0,0.0,1.0,0.0,0.0,90,3,0.03333333333333333,0,54,0.6,1.0
confirm_paper_tree_024,24,n13,dolly_open_ended,qa,arc_challenge,4,90,1.0,0.011111111111111112,0.9888888888888889,0.0,0.9777777777777777,0.011111111111111112,0.0,90,8,0.08888888888888889,A,48,0.5333333333333333,1.3888888888888888
confirm_paper_tree_024,24,n6,dolly_open_ended,translation,wmt14_en_de,3,90,1.0,0.0,1.0,0.0,1.0,0.0,0.0,90,2,0.022222222222222223,A,63,0.7,1.0
confirm_paper_tree_024,24,n7,dolly_open_ended,summarization,cnn_dailymail,3,90,1.0,0.0,1.0,0.0,1.0,0.0,0.0,90,2,0.022222222222222223,A,64,0.7111111111111111,1.0
confirm_paper_tree_024,24,n8,dolly_open_ended,translation,opus_en_zh,3,90,1.0,0.0,1.0,0.0,1.0,0.0,0.0,90,3,0.03333333333333333,A,50,0.5555555555555556,1.0
confirm_paper_tree_024,24,n9,dolly_open_ended,classification,cola,3,90,1.0,0.0,1.0,0.0,1.0,0.0,0.0,90,3,0.03333333333333333,1,58,0.6444444444444445,1.0
confirm_paper_tree_025,25,n10,dolly_open_ended,classification,ag_news,3,90,1.0,0.0,1.0,0.0,1.0,0.0,0.0,90,4,0.044444444444444446,3,39,0.43333333333333335,1.0
confirm_paper_tree_025,25,n11,dolly_open_ended,qa,squad,3,90,1.0,0.9777777777777777,0.022222222222222254,0.0,0.0,0.022222222222222223,0.0,90,90,1.0,"'answer_start': [78], 'text': ['failure']",1,0.011111111111111112,47.25555555555555
confirm_paper_tree_025,25,n12,dolly_open_ended,classification,yelp_polarity,4,90,0.9888888888888889,0.28888888888888886,0.7111111111111111,0.011111111111111112,0.24444444444444444,0.45555555555555555,0.0,90,76,0.8444444444444444,0,8,0.08888888888888889,22.766666666666666
confirm_paper_tree_025,25,n13,dolly_open_ended,summarization,cnn_dailymail,4,90,1.0,0.6333333333333333,0.3666666666666667,0.0,0.03333333333333333,0.32222222222222224,0.011111111111111112,90,89,0.9888888888888889,five,2,0.022222222222222223,46.51111111111111
confirm_paper_tree_025,25,n3,dolly_open_ended,summarization,bigpatent,2,90,0.9666666666666667,0.4888888888888889,0.5111111111111111,0.03333333333333333,0.3,0.17777777777777778,0.0,90,66,0.7333333333333333,0,15,0.16666666666666666,47.166666666666664
confirm_paper_tree_025,25,n5,dolly_open_ended,translation,opus_en_ja,2,90,0.4444444444444444,0.1111111111111111,0.8888888888888888,0.5555555555555556,0.16666666666666666,0.16666666666666666,0.0,90,27,0.3,<EMPTY>,50,0.5555555555555556,5.133333333333334
confirm_paper_tree_025,25,n6,dolly_open_ended,classification,qnli,2,90,1.0,0.0,1.0,0.0,1.0,0.0,0.0,90,2,0.022222222222222223,1,80,0.8888888888888888,1.0
confirm_paper_tree_025,25,n8,dolly_open_ended,translation,opus_en_ru,3,90,0.9888888888888889,0.5,0.5,0.011111111111111112,0.06666666666666667,0.4222222222222222,0.0,90,88,0.9777777777777777,c++,2,0.022222222222222223,39.37777777777778
confirm_paper_tree_025,25,n9,dolly_open_ended,translation,opus_en_fr,3,90,0.9111111111111111,0.43333333333333335,0.5666666666666667,0.08888888888888889,0.23333333333333334,0.24444444444444444,0.0,90,62,0.6888888888888889,0,20,0.2222222222222222,25.511111111111113
confirm_paper_tree_026,26,n10,dolly_open_ended,translation,opus_en_ru,3,90,0.9888888888888889,0.9444444444444444,0.05555555555555558,0.011111111111111112,0.0,0.044444444444444446,0.0,90,90,1.0,French mother sauce is used in classic french cuisine as a base sauce.,1,0.011111111111111112,80.9888888888889
confirm_paper_tree_026,26,n11,dolly_open_ended,summarization,billsum,3,90,0.9888888888888889,0.8222222222222222,0.1777777777777778,0.011111111111111112,0.011111111111111112,0.15555555555555556,0.0,90,90,1.0,"French mother sauce. Its name could be as a base for all sauces mentioned in the paragraph. The sauce contains many different amounts of tomatoes and grapes that can help impart color to a dinner. Although these sauces are the best for a simple lunch, they may be used as special sauces",1,0.011111111111111112,127.64444444444445
confirm_paper_tree_026,26,n12,dolly_open_ended,classification,yelp_polarity,3,90,1.0,0.05555555555555555,0.9444444444444444,0.0,0.9222222222222223,0.022222222222222223,0.0,90,10,0.1111111111111111,0,46,0.5111111111111111,12.177777777777777
confirm_paper_tree_026,26,n13,dolly_open_ended,classification,sst2,3,90,1.0,0.0,1.0,0.0,1.0,0.0,0.0,90,2,0.022222222222222223,1,79,0.8777777777777778,1.0
confirm_paper_tree_026,26,n5,dolly_open_ended,summarization,cnn_dailymail,2,90,1.0,0.26666666666666666,0.7333333333333334,0.0,0.6888888888888889,0.044444444444444446,0.0,90,31,0.34444444444444444,0,42,0.4666666666666667,27.1
confirm_paper_tree_026,26,n6,dolly_open_ended,classification,rte,2,90,1.0,0.0,1.0,0.0,1.0,0.0,0.0,90,2,0.022222222222222223,1,87,0.9666666666666667,1.0
confirm_paper_tree_026,26,n7,dolly_open_ended,translation,opus_en_ja,3,90,0.9333333333333333,0.4,0.6,0.06666666666666667,0.08888888888888889,0.4444444444444444,0.0,90,77,0.8555555555555555,<EMPTY>,6,0.06666666666666667,26.555555555555557
confirm_paper_tree_026,26,n8,dolly_open_ended,summarization,dialogsum,3,90,1.0,0.4777777777777778,0.5222222222222221,0.0,0.05555555555555555,0.45555555555555555,0.011111111111111112,90,85,0.9444444444444444,seven,2,0.022222222222222223,30.433333333333334
confirm_paper_tree_026,26,n9,dolly_open_ended,translation,opus_en_zh,3,90,0.9333333333333333,0.8777777777777778,0.12222222222222223,0.06666666666666667,0.0,0.05555555555555555,0.0,90,83,0.9222222222222223,<EMPTY>,6,0.06666666666666667,73.07777777777778
confirm_paper_tree_027,27,n10,dolly_open_ended,qa,squad_v2,4,90,1.0,0.9333333333333333,0.06666666666666665,0.0,0.0,0.06666666666666667,0.0,90,86,0.9555555555555556,"'answer_start': [], 'text': []",5,0.05555555555555555,49.58888888888889
confirm_paper_tree_027,27,n11,dolly_open_ended,classification,sst2,4,90,1.0,0.07777777777777778,0.9222222222222223,0.0,0.9111111111111111,0.011111111111111112,0.0,90,10,0.1111111111111111,0,56,0.6222222222222222,4.8
confirm_paper_tree_027,27,n12,dolly_open_ended,summarization,arxiv_summ,4,90,1.0,0.9555555555555556,0.0444444444444444,0.0,0.011111111111111112,0.03333333333333333,0.0,90,90,1.0,French mother sauce is used as a sauce for all kinds of dishes. It is the most popular sauce for french cuisine.,1,0.011111111111111112,118.0111111111111
confirm_paper_tree_027,27,n13,dolly_open_ended,summarization,bigpatent,4,90,1.0,0.35555555555555557,0.6444444444444444,0.0,0.6,0.044444444444444446,0.0,90,40,0.4444444444444444,0,28,0.3111111111111111,37.144444444444446
confirm_paper_tree_027,27,n2,dolly_open_ended,translation,wmt14_en_de,1,90,1.0,0.7888888888888889,0.21111111111111114,0.0,0.0,0.2,0.011111111111111112,90,89,0.9888888888888889,BCG,2,0.022222222222222223,55.522222222222226
confirm_paper_tree_027,27,n4,dolly_open_ended,translation,opus_en_it,2,90,1.0,0.8333333333333334,0.16666666666666663,0.0,0.0,0.16666666666666666,0.0,90,90,1.0,French cuisine,1,0.011111111111111112,51.93333333333333
confirm_paper_tree_027,27,n8,dolly_open_ended,qa,sciq,3,90,1.0,0.28888888888888886,0.7111111111111111,0.0,0.1,0.6,0.011111111111111112,90,76,0.8444444444444444,no,4,0.044444444444444446,18.788888888888888
confirm_paper_tree_027,27,n9,dolly_open_ended,classification,ag_news,3,90,1.0,0.0,1.0,0.0,1.0,0.0,0.0,90,4,0.044444444444444446,0,30,0.3333333333333333,1.0
confirm_paper_tree_028,28,n10,dolly_open_ended,translation,wmt14_en_fr,4,90,0.9777777777777777,0.7666666666666667,0.23333333333333328,0.022222222222222223,0.044444444444444446,0.16666666666666666,0.0,90,88,0.9777777777777777,Yes.,2,0.022222222222222223,50.46666666666667
confirm_paper_tree_028,28,n11,dolly_open_ended,qa,boolq,4,90,1.0,0.022222222222222223,0.9777777777777777,0.0,0.9444444444444444,0.03333333333333333,0.0,90,7,0.07777777777777778,True,50,0.5555555555555556,5.611111111111111
confirm_paper_tree_028,28,n12,dolly_open_ended,classification,sst2,4,90,1.0,0.07777777777777778,0.9222222222222223,0.0,0.8222222222222222,0.1,0.0,90,21,0.23333333333333334,0,53,0.5888888888888889,5.144444444444445
confirm_paper_tree_028,28,n13,dolly_open_ended,translation,opus_en_es,4,90,0.9888888888888889,0.5888888888888889,0.4111111111111111,0.011111111111111112,0.03333333333333333,0.36666666666666664,0.0,90,89,0.9888888888888889,c++,2,0.022222222222222223,34.71111111111111
confirm_paper_tree_028,28,n5,dolly_open_ended,classification,trec,3,90,1.0,0.17777777777777778,0.8222222222222222,0.0,0.0,0.8222222222222222,0.0,90,34,0.37777777777777777,description of something,13,0.14444444444444443,18.366666666666667
confirm_paper_tree_028,28,n8,dolly_open_ended,translation,opus_en_ja,3,90,0.8222222222222222,0.5555555555555556,0.4444444444444444,0.17777777777777778,0.022222222222222223,0.24444444444444444,0.0,90,65,0.7222222222222222,<EMPTY>,16,0.17777777777777778,36.666666666666664
confirm_paper_tree_028,28,n9,dolly_open_ended,classification,mnli,3,90,1.0,0.0,1.0,0.0,1.0,0.0,0.0,90,3,0.03333333333333333,0,61,0.6777777777777778,1.0
confirm_paper_tree_029,29,n5,dolly_open_ended,translation,wmt14_en_fr,4,90,0.9777777777777777,0.2,0.8,0.022222222222222223,0.0,0.7777777777777778,0.0,90,55,0.6111111111111112,description of something,8,0.08888888888888889,18.88888888888889
confirm_paper_tree_029,29,n6,dolly_open_ended,classification,rte,4,90,1.0,0.0,1.0,0.0,0.9888888888888889,0.011111111111111112,0.0,90,3,0.03333333333333333,0,48,0.5333333333333333,1.0555555555555556
confirm_paper_tree_029,29,n7,dolly_open_ended,translation,opus_en_it,4,90,1.0,0.0,1.0,0.0,0.9888888888888889,0.011111111111111112,0.0,90,3,0.03333333333333333,A,74,0.8222222222222222,1.0444444444444445
confirm_paper_tree_029,29,n8,dolly_open_ended,classification,ag_news,4,90,1.0,0.0,1.0,0.0,1.0,0.0,0.0,90,7,0.07777777777777778,3,43,0.4777777777777778,1.0
confirm_paper_tree_029,29,n9,dolly_open_ended,summarization,arxiv_summ,4,90,1.0,0.8222222222222222,0.1777777777777778,0.0,0.17777777777777778,0.0,0.0,90,80,0.8888888888888888,A.,8,0.08888888888888889,133.07777777777778
confirm_paper_tree_030,30,n10,dolly_open_ended,translation,opus_en_it,3,90,0.9888888888888889,0.43333333333333335,0.5666666666666667,0.011111111111111112,0.2777777777777778,0.2777777777777778,0.0,90,74,0.8222222222222222,0,14,0.15555555555555556,30.533333333333335
confirm_paper_tree_030,30,n11,dolly_open_ended,summarization,govreport,3,90,0.9888888888888889,0.9555555555555556,0.0444444444444444,0.011111111111111112,0.0,0.03333333333333333,0.0,90,90,1.0,"French cuisine is characterized by a mixture of all kinds of sauces and sauces in a recipe. Most traditional sauces are made with a single layer of bread or soaked for cooking in a saucepan. If there is no bread or soaked for cooking, the sauce can be divided into two",1,0.011111111111111112,148.92222222222222
confirm_paper_tree_030,30,n12,dolly_open_ended,classification,rte,4,90,1.0,0.0,1.0,0.0,0.9888888888888889,0.011111111111111112,0.0,90,3,0.03333333333333333,0,45,0.5,1.0555555555555556
confirm_paper_tree_030,30,n13,dolly_open_ended,summarization,dialogsum,4,90,0.6555555555555556,0.4222222222222222,0.5777777777777777,0.34444444444444444,0.07777777777777778,0.15555555555555556,0.0,90,57,0.6333333333333333,<EMPTY>,31,0.34444444444444444,23.855555555555554
confirm_paper_tree_030,30,n5,dolly_open_ended,translation,wmt14_en_fr,3,90,1.0,0.25555555555555554,0.7444444444444445,0.0,0.5222222222222223,0.2222222222222222,0.0,90,51,0.5666666666666667,False,17,0.18888888888888888,19.544444444444444
confirm_paper_tree_030,30,n6,dolly_open_ended,summarization,samsum,3,90,1.0,0.5,0.5,0.0,0.23333333333333334,0.26666666666666666,0.0,90,80,0.8888888888888888,False,4,0.044444444444444446,33.5
confirm_paper_tree_030,30,n7,dolly_open_ended,qa,squad,3,90,1.0,0.9666666666666667,0.033333333333333326,0.0,0.011111111111111112,0.022222222222222223,0.0,90,90,1.0,"'answer_start': [171], 'text': ['Juliet']",1,0.011111111111111112,45.544444444444444
confirm_paper_tree_030,30,n8,dolly_open_ended,summarization,arxiv_summ,3,90,0.9888888888888889,0.9333333333333333,0.06666666666666665,0.011111111111111112,0.011111111111111112,0.044444444444444446,0.0,90,90,1.0,"French cuisine is characterized by a mixture of all kinds of sauces except for the sofrel sauces. French sauces include tomatoes, cheese, onions, and garlic.",1,0.011111111111111112,119.4888888888889
confirm_paper_tree_030,30,n9,dolly_open_ended,classification,trec,3,90,1.0,0.12222222222222222,0.8777777777777778,0.0,0.0,0.8777777777777778,0.0,90,31,0.34444444444444444,description of something,17,0.18888888888888888,16.955555555555556
confirm_paper_tree_031,31,n1,dolly_open_ended,classification,qnli,2,90,1.0,0.0,1.0,0.0,1.0,0.0,0.0,90,2,0.022222222222222223,1,56,0.6222222222222222,1.0
confirm_paper_tree_031,31,n10,dolly_open_ended,translation,wmt14_en_fr,4,90,1.0,0.26666666666666666,0.7333333333333334,0.0,0.6666666666666666,0.06666666666666667,0.0,90,31,0.34444444444444444,0,60,0.6666666666666666,22.07777777777778
confirm_paper_tree_031,31,n11,dolly_open_ended,summarization,dialogsum,4,90,1.0,0.13333333333333333,0.8666666666666667,0.0,0.8666666666666667,0.0,0.0,90,14,0.15555555555555556,0,75,0.8333333333333334,10.21111111111111
confirm_paper_tree_031,31,n5,dolly_open_ended,translation,opus_en_fr,3,90,0.9888888888888889,0.32222222222222224,0.6777777777777778,0.011111111111111112,0.5,0.16666666666666666,0.0,90,48,0.5333333333333333,0,40,0.4444444444444444,21.622222222222224
confirm_paper_tree_031,31,n6,dolly_open_ended,summarization,govreport,3,90,0.9777777777777777,0.8555555555555555,0.1444444444444445,0.022222222222222223,0.06666666666666667,0.044444444444444446,0.011111111111111112,90,85,0.9444444444444444,0,5,0.05555555555555555,155.62222222222223
confirm_paper_tree_031,31,n7,dolly_open_ended,qa,arc_easy,3,90,1.0,0.6444444444444445,0.3555555555555555,0.0,0.2111111111111111,0.14444444444444443,0.0,90,83,0.9222222222222223,A,4,0.044444444444444446,32.77777777777778
confirm_paper_tree_031,31,n8,dolly_open_ended,summarization,samsum,4,90,0.9888888888888889,0.5444444444444444,0.4555555555555556,0.011111111111111112,0.36666666666666664,0.07777777777777778,0.0,90,60,0.6666666666666666,0,31,0.34444444444444444,34.8
confirm_paper_tree_031,31,n9,dolly_open_ended,translation,wmt14_en_de,4,90,0.9888888888888889,0.43333333333333335,0.5666666666666667,0.011111111111111112,0.5,0.05555555555555555,0.0,90,46,0.5111111111111111,0,45,0.5,28.833333333333332
confirm_paper_tree_032,32,n1,dolly_open_ended,summarization,samsum,2,90,1.0,0.8333333333333334,0.16666666666666663,0.0,0.0,0.16666666666666666,0.0,90,89,0.9888888888888889,BCG,2,0.022222222222222223,57.48888888888889
confirm_paper_tree_032,32,n10,dolly_open_ended,translation,opus_en_ru,4,90,1.0,0.17777777777777778,0.8222222222222222,0.0,0.7,0.12222222222222222,0.0,90,34,0.37777777777777777,A,42,0.4666666666666667,10.555555555555555
confirm_paper_tree_032,32,n11,dolly_open_ended,translation,opus_en_es,4,90,1.0,0.12222222222222222,0.8777777777777778,0.0,0.7111111111111111,0.16666666666666666,0.0,90,33,0.36666666666666664,A,48,0.5333333333333333,8.61111111111111
confirm_paper_tree_032,32,n12,dolly_open_ended,qa,squad_v2,4,90,1.0,0.43333333333333335,0.5666666666666667,0.0,0.0,0.5666666666666667,0.0,90,42,0.4666666666666667,"'answer_start': [], 'text': []",49,0.5444444444444444,37.855555555555554
confirm_paper_tree_032,32,n13,dolly_open_ended,translation,opus_en_de,4,90,1.0,0.17777777777777778,0.8222222222222222,0.0,0.6666666666666666,0.15555555555555556,0.0,90,36,0.4,A,39,0.43333333333333335,11.944444444444445
confirm_paper_tree_032,32,n6,dolly_open_ended,qa,sciq,3,90,1.0,0.28888888888888886,0.7111111111111111,0.0,0.08888888888888889,0.6222222222222222,0.0,90,78,0.8666666666666667,five,4,0.044444444444444446,20.31111111111111
confirm_paper_tree_032,32,n7,dolly_open_ended,classification,yelp_polarity,3,90,1.0,0.0,1.0,0.0,1.0,0.0,0.0,90,2,0.022222222222222223,1,54,0.6,1.0
confirm_paper_tree_032,32,n8,dolly_open_ended,summarization,cnn_dailymail,3,90,1.0,0.4111111111111111,0.5888888888888889,0.0,0.43333333333333335,0.15555555555555556,0.0,90,55,0.6111111111111112,0,28,0.3111111111111111,24.233333333333334
confirm_paper_tree_032,32,n9,dolly_open_ended,qa,arc_challenge,4,90,1.0,0.011111111111111112,0.9888888888888889,0.0,0.9444444444444444,0.044444444444444446,0.0,90,10,0.1111111111111111,A,37,0.4111111111111111,1.6555555555555554
confirm_paper_tree_033,33,n10,dolly_open_ended,qa,trivia_qa,3,90,1.0,0.9888888888888889,0.011111111111111072,0.0,0.0,0.0,0.011111111111111112,90,90,1.0,"'aliases': ['Piston papila', 'Coca (spicing)', 'Hauma (sauce)', 'Hauma (cucumber)', 'Piston (sauce)'",1,0.011111111111111112,125.52222222222223
confirm_paper_tree_033,33,n11,dolly_open_ended,summarization,cnn_dailymail,4,90,1.0,0.14444444444444443,0.8555555555555556,0.0,0.8222222222222222,0.03333333333333333,0.0,90,20,0.2222222222222222,0,48,0.5333333333333333,9.177777777777777
confirm_paper_tree_033,33,n12,dolly_open_ended,classification,ag_news,4,90,1.0,0.0,1.0,0.0,1.0,0.0,0.0,90,4,0.044444444444444446,1,33,0.36666666666666664,1.0
confirm_paper_tree_033,33,n13,dolly_open_ended,summarization,pubmed,4,90,1.0,0.9666666666666667,0.033333333333333326,0.0,0.011111111111111112,0.022222222222222223,0.0,90,90,1.0,"French cuisine is characterized by a mixture of all kinds of sauces including clotted cream, crème fraîche, and crème fraîche. The 'honoreux' (our aristocracy) is the first family of aristocracy , the mother of all",1,0.011111111111111112,204.85555555555555
confirm_paper_tree_033,33,n4,dolly_open_ended,translation,opus_en_de,3,90,1.0,0.8888888888888888,0.11111111111111116,0.0,0.0,0.1111111111111111,0.0,90,89,0.9888888888888889,Can you put metal in a microwave?,2,0.022222222222222223,58.1
confirm_paper_tree_033,33,n5,dolly_open_ended,classification,trec,3,90,1.0,0.16666666666666666,0.8333333333333334,0.0,0.0,0.8333333333333334,0.0,90,34,0.37777777777777777,description of something,12,0.13333333333333333,16.566666666666666
confirm_paper_tree_033,33,n7,dolly_open_ended,translation,opus_en_ja,3,90,0.9,0.6333333333333333,0.3666666666666667,0.1,0.044444444444444446,0.2222222222222222,0.0,90,77,0.8555555555555555,<EMPTY>,9,0.1,32.977777777777774
confirm_paper_tree_033,33,n8,dolly_open_ended,qa,squad_v2,3,90,1.0,0.8555555555555555,0.1444444444444445,0.0,0.0,0.14444444444444443,0.0,90,80,0.8888888888888888,"'answer_start': [], 'text': []",11,0.12222222222222222,48.388888888888886
confirm_paper_tree_033,33,n9,dolly_open_ended,classification,dbpedia_14,3,90,1.0,0.28888888888888886,0.7111111111111111,0.0,0.6111111111111112,0.1,0.0,90,38,0.4222222222222222,0,53,0.5888888888888889,16.011111111111113
confirm_paper_tree_034,34,n10,dolly_open_ended,qa,boolq,3,90,1.0,0.0,1.0,0.0,1.0,0.0,0.0,90,2,0.022222222222222223,True,63,0.7,4.3
confirm_paper_tree_034,34,n11,dolly_open_ended,classification,dbpedia_14,3,90,1.0,0.0,1.0,0.0,1.0,0.0,0.0,90,3,0.03333333333333333,0,77,0.8555555555555555,1.0
confirm_paper_tree_034,34,n12,dolly_open_ended,qa,arc_easy,3,90,1.0,0.044444444444444446,0.9555555555555556,0.0,0.9111111111111111,0.044444444444444446,0.0,90,13,0.14444444444444443,A,31,0.34444444444444444,3.3
confirm_paper_tree_034,34,n13,dolly_open_ended,classification,sst2,3,90,1.0,0.0,1.0,0.0,1.0,0.0,0.0,90,2,0.022222222222222223,1,77,0.8555555555555555,1.0
confirm_paper_tree_034,34,n3,dolly_open_ended,qa,arc_challenge,2,90,1.0,0.17777777777777778,0.8222222222222222,0.0,0.25555555555555554,0.5666666666666667,0.0,90,62,0.6888888888888889,C,9,0.1,12.78888888888889
confirm_paper_tree_034,34,n5,dolly_open_ended,summarization,arxiv_summ,2,90,1.0,0.9777777777777777,0.022222222222222254,0.0,0.0,0.022222222222222223,0.0,90,90,1.0,French mother sauce is used as a sauce for all kinds of dishes. It is the most popular sauce for french cuisine because it has always been a staple ingredient of French restaurants including the main course. The five sauces are:,1,0.011111111111111112,147.94444444444446
confirm_paper_tree_034,34,n6,dolly_open_ended,translation,wmt14_en_fr,2,90,0.9888888888888889,0.7888888888888889,0.21111111111111114,0.011111111111111112,0.011111111111111112,0.18888888888888888,0.0,90,89,0.9888888888888889,BCG,2,0.022222222222222223,48.6
confirm_paper_tree_034,34,n7,dolly_open_ended,qa,sciq,2,90,1.0,0.3,0.7,0.0,0.1,0.5888888888888889,0.011111111111111112,90,78,0.8666666666666667,five,3,0.03333333333333333,21.044444444444444
confirm_paper_tree_034,34,n8,dolly_open_ended,translation,opus_en_es,2,90,0.9888888888888889,0.7666666666666667,0.23333333333333328,0.011111111111111112,0.0,0.2111111111111111,0.011111111111111112,90,87,0.9666666666666667,How many professional basketball teams are based in California?,2,0.022222222222222223,53.55555555555556
confirm_paper_tree_034,34,n9,dolly_open_ended,summarization,cnn_dailymail,3,90,0.9888888888888889,0.37777777777777777,0.6222222222222222,0.011111111111111112,0.28888888888888886,0.32222222222222224,0.0,90,68,0.7555555555555555,0,10,0.1111111111111111,22.81111111111111
confirm_paper_tree_035,35,n10,dolly_open_ended,translation,wmt14_en_fr,3,90,0.9888888888888889,0.8111111111111111,0.18888888888888888,0.011111111111111112,0.011111111111111112,0.15555555555555556,0.011111111111111112,90,90,1.0,French mother sauce.,1,0.011111111111111112,64.4
confirm_paper_tree_035,35,n11,dolly_open_ended,translation,opus_en_es,3,90,1.0,0.05555555555555555,0.9444444444444444,0.0,0.9111111111111111,0.03333333333333333,0.0,90,10,0.1111111111111111,0,65,0.7222222222222222,4.411111111111111
confirm_paper_tree_035,35,n12,dolly_open_ended,translation,opus_en_zh,3,90,0.28888888888888886,0.011111111111111112,0.9888888888888889,0.7111111111111111,0.24444444444444444,0.03333333333333333,0.0,90,6,0.06666666666666667,<EMPTY>,64,0.7111111111111111,0.6888888888888889
confirm_paper_tree_035,35,n13,dolly_open_ended,qa,arc_challenge,3,90,1.0,0.03333333333333333,0.9666666666666667,0.0,0.9333333333333333,0.03333333333333333,0.0,90,13,0.14444444444444443,0,39,0.43333333333333335,3.4
confirm_paper_tree_035,35,n5,dolly_open_ended,qa,quartz,2,90,1.0,0.0,1.0,0.0,0.9777777777777777,0.022222222222222223,0.0,90,4,0.044444444444444446,A,64,0.7111111111111111,1.0222222222222221
confirm_paper_tree_035,35,n6,dolly_open_ended,classification,mnli,2,90,1.0,0.0,1.0,0.0,1.0,0.0,0.0,90,6,0.06666666666666667,1,49,0.5444444444444444,1.0222222222222221
confirm_paper_tree_035,35,n7,dolly_open_ended,qa,arc_easy,3,90,1.0,0.8777777777777778,0.12222222222222223,0.0,0.05555555555555555,0.05555555555555555,0.011111111111111112,90,90,1.0,"French cuisine is a broad socialized culture as all food is prepared in a unique way. Many other cultures from far away have grown up in a single village, having their homes and a small business. Most cultures are currently thriving (at least for the past century or so), and most are considered",1,0.011111111111111112,171.85555555555555
confirm_paper_tree_035,35,n8,dolly_open_ended,summarization,arxiv_summ,3,90,0.9888888888888889,0.9666666666666667,0.033333333333333326,0.011111111111111112,0.0,0.011111111111111112,0.011111111111111112,90,90,1.0,French mother sauce.,1,0.011111111111111112,167.82222222222222
confirm_paper_tree_035,35,n9,dolly_open_ended,translation,opus_en_it,3,90,0.9888888888888889,0.7555555555555555,0.24444444444444446,0.011111111111111112,0.022222222222222223,0.17777777777777778,0.03333333333333333,90,89,0.9888888888888889,Capital gain in finance.,2,0.022222222222222223,55.91111111111111
confirm_paper_tree_036,36,n10,dolly_open_ended,translation,opus_en_zh,4,90,0.25555555555555554,0.06666666666666667,0.9333333333333333,0.7444444444444445,0.011111111111111112,0.17777777777777778,0.0,90,16,0.17777777777777778,<EMPTY>,67,0.7444444444444445,3.3555555555555556
confirm_paper_tree_036,36,n5,dolly_open_ended,classification,sst2,3,90,1.0,0.0,1.0,0.0,1.0,0.0,0.0,90,2,0.022222222222222223,0,59,0.6555555555555556,1.0
confirm_paper_tree_036,36,n6,dolly_open_ended,qa,trivia_qa,4,90,1.0,0.9888888888888889,0.011111111111111072,0.0,0.0,0.0,0.011111111111111112,90,90,1.0,"'aliases': ['Piston papila', 'Coca (spicing)', 'Hauma', 'Piston papila', 'Piston papila'], 'matched_wiki",1,0.011111111111111112,125.58888888888889
confirm_paper_tree_036,36,n7,dolly_open_ended,translation,opus_en_fr,4,90,1.0,0.16666666666666666,0.8333333333333334,0.0,0.7555555555555555,0.07777777777777778,0.0,90,25,0.2777777777777778,0,65,0.7222222222222222,11.144444444444444
confirm_paper_tree_036,36,n8,dolly_open_ended,classification,ag_news,4,90,1.0,0.0,1.0,0.0,1.0,0.0,0.0,90,4,0.044444444444444446,0,47,0.5222222222222223,1.0
confirm_paper_tree_036,36,n9,dolly_open_ended,classification,qnli,4,90,1.0,0.0,1.0,0.0,1.0,0.0,0.0,90,2,0.022222222222222223,1,75,0.8333333333333334,1.0
confirm_paper_tree_037,37,n4,dolly_open_ended,classification,cola,4,90,1.0,0.0,1.0,0.0,1.0,0.0,0.0,90,2,0.022222222222222223,0,70,0.7777777777777778,1.0
confirm_paper_tree_037,37,n5,dolly_open_ended,qa,arc_easy,4,90,0.9444444444444444,0.5444444444444444,0.4555555555555556,0.05555555555555555,0.25555555555555554,0.14444444444444443,0.0,90,72,0.8,A,9,0.1,31.31111111111111
confirm_paper_tree_037,37,n6,dolly_open_ended,classification,ag_news,4,90,1.0,0.0,1.0,0.0,1.0,0.0,0.0,90,5,0.05555555555555555,3,27,0.3,1.0
confirm_paper_tree_037,37,n7,dolly_open_ended,translation,wmt14_en_de,4,90,1.0,0.9222222222222223,0.07777777777777772,0.0,0.011111111111111112,0.06666666666666667,0.0,90,90,1.0,"'answer_start': [179], 'text': ['french mothers sauces']",1,0.011111111111111112,48.111111111111114
confirm_paper_tree_038,38,n10,dolly_open_ended,classification,cola,3,90,1.0,0.05555555555555555,0.9444444444444444,0.0,0.9444444444444444,0.0,0.0,90,7,0.07777777777777778,1,53,0.5888888888888889,3.977777777777778
confirm_paper_tree_038,38,n11,dolly_open_ended,classification,yelp_polarity,4,90,1.0,0.0,1.0,0.0,1.0,0.0,0.0,90,2,0.022222222222222223,0,57,0.6333333333333333,1.0
confirm_paper_tree_038,38,n12,dolly_open_ended,qa,squad,4,90,1.0,0.9888888888888889,0.011111111111111072,0.0,0.0,0.011111111111111112,0.0,90,90,1.0,"'answer_start': [17], 'text': ['french mothers sauces']",1,0.011111111111111112,46.18888888888889
confirm_paper_tree_038,38,n13,dolly_open_ended,summarization,pubmed,4,90,1.0,0.8777777777777778,0.12222222222222223,0.0,0.0,0.12222222222222222,0.0,90,87,0.9666666666666667,other locations,3,0.03333333333333333,168.26666666666668
confirm_paper_tree_038,38,n2,dolly_open_ended,translation,opus_en_es,1,90,1.0,0.7777777777777778,0.2222222222222222,0.0,0.011111111111111112,0.2111111111111111,0.0,90,88,0.9777777777777777,How many professional basketball teams are based in California?,2,0.022222222222222223,50.855555555555554
confirm_paper_tree_038,38,n5,dolly_open_ended,summarization,bigpatent,2,90,1.0,0.8555555555555555,0.1444444444444445,0.0,0.0,0.14444444444444443,0.0,90,89,0.9888888888888889,How many professional basketball teams are based in California?,2,0.022222222222222223,82.68888888888888
confirm_paper_tree_038,38,n6,dolly_open_ended,qa,boolq,2,90,1.0,0.022222222222222223,0.9777777777777777,0.0,0.9777777777777777,0.0,0.0,90,4,0.044444444444444446,True,52,0.5777777777777777,5.333333333333333
confirm_paper_tree_039,39,n1,dolly_open_ended,translation,opus_en_it,1,90,1.0,0.6888888888888889,0.3111111111111111,0.0,0.022222222222222223,0.28888888888888886,0.0,90,88,0.9777777777777777,I don't know.,2,0.022222222222222223,45.422222222222224
confirm_paper_tree_039,39,n10,dolly_open_ended,translation,opus_en_zh,4,90,0.8,0.6222222222222222,0.37777777777777777,0.2,0.011111111111111112,0.16666666666666666,0.0,90,73,0.8111111111111111,<EMPTY>,18,0.2,64.2
confirm_paper_tree_039,39,n4,dolly_open_ended,qa,quartz,3,90,1.0,0.0,1.0,0.0,1.0,0.0,0.0,90,2,0.022222222222222223,A,54,0.6,1.0
confirm_paper_tree_039,39,n8,dolly_open_ended,classification,sst2,4,90,1.0,0.3,0.7,0.0,0.15555555555555556,0.5444444444444444,0.0,90,83,0.9222222222222223,0,3,0.03333333333333333,18.1
confirm_paper_tree_039,39,n9,dolly_open_ended,translation,wmt14_en_de,4,90,1.0,0.8111111111111111,0.18888888888888888,0.0,0.1111111111111111,0.06666666666666667,0.011111111111111112,90,85,0.9444444444444444,0,6,0.06666666666666667,104.05555555555556
confirm_paper_tree_040,40,n2,dolly_open_ended,translation,wmt14_en_fr,3,90,0.9888888888888889,0.8,0.19999999999999996,0.011111111111111112,0.07777777777777778,0.1111111111111111,0.0,90,85,0.9444444444444444,0,5,0.05555555555555555,72.54444444444445
confirm_paper_tree_040,40,n3,dolly_open_ended,qa,sciq,3,90,1.0,0.4111111111111111,0.5888888888888889,0.0,0.1,0.4777777777777778,0.011111111111111112,90,87,0.9666666666666667,no,3,0.03333333333333333,33.766666666666666
confirm_paper_tree_040,40,n5,dolly_open_ended,translation,opus_en_it,4,90,0.9777777777777777,0.8333333333333334,0.16666666666666663,0.022222222222222223,0.03333333333333333,0.1111111111111111,0.0,90,89,0.9888888888888889,<EMPTY>,2,0.022222222222222223,60.94444444444444
confirm_paper_tree_040,40,n6,dolly_open_ended,summarization,xsum,4,90,0.9888888888888889,0.7777777777777778,0.2222222222222222,0.011111111111111112,0.05555555555555555,0.15555555555555556,0.0,90,89,0.9888888888888889,?,2,0.022222222222222223,54.644444444444446
confirm_paper_tree_041,41,n10,dolly_open_ended,classification,qnli,3,90,1.0,0.0,1.0,0.0,1.0,0.0,0.0,90,2,0.022222222222222223,1,78,0.8666666666666667,1.0
confirm_paper_tree_041,41,n11,dolly_open_ended,translation,opus_en_es,3,90,0.9888888888888889,0.9222222222222223,0.07777777777777772,0.011111111111111112,0.0,0.06666666666666667,0.0,90,86,0.9555555555555556,What is a capital gain in finance?,3,0.03333333333333333,77.15555555555555
confirm_paper_tree_041,41,n12,dolly_open_ended,translation,wmt14_en_de,3,90,0.9888888888888889,0.9555555555555556,0.0444444444444444,0.011111111111111112,0.0,0.03333333333333333,0.0,90,89,0.9888888888888889,How many professional basketball teams are based in California?,2,0.022222222222222223,55.68888888888889
confirm_paper_tree_041,41,n13,dolly_open_ended,qa,quartz,3,90,1.0,0.0,1.0,0.0,1.0,0.0,0.0,90,2,0.022222222222222223,A,63,0.7,1.0
confirm_paper_tree_041,41,n5,dolly_open_ended,summarization,pubmed,2,90,1.0,0.9444444444444444,0.05555555555555558,0.0,0.0,0.05555555555555555,0.0,90,90,1.0,"French cooking is characterized by a mixture of spices called papilaines and sofa. The four main sauces are buttermilk, cheese, onions, and garlic. The hottest sauce is sauces such as lamb and tomatoes (tadal y comté).",1,0.011111111111111112,163.53333333333333
confirm_paper_tree_041,41,n6,dolly_open_ended,classification,mnli,2,90,1.0,0.044444444444444446,0.9555555555555556,0.0,0.9555555555555556,0.0,0.0,90,9,0.1,0,49,0.5444444444444444,3.433333333333333
confirm_paper_tree_041,41,n7,dolly_open_ended,classification,trec,3,90,1.0,0.07777777777777778,0.9222222222222223,0.0,0.0,0.9222222222222223,0.0,90,26,0.28888888888888886,description of something,17,0.18888888888888888,15.644444444444444
confirm_paper_tree_041,41,n8,dolly_open_ended,classification,yelp_polarity,3,90,1.0,0.0,1.0,0.0,1.0,0.0,0.0,90,2,0.022222222222222223,1,62,0.6888888888888889,1.0
confirm_paper_tree_041,41,n9,dolly_open_ended,qa,squad,3,90,1.0,1.0,0.0,0.0,0.0,0.0,0.0,90,90,1.0,"'answer_start': [17], 'text': ['french mothers sauces']",1,0.011111111111111112,46.766666666666666
confirm_paper_tree_042,42,n1,dolly_open_ended,summarization,arxiv_summ,1,90,1.0,0.9333333333333333,0.06666666666666665,0.0,0.0,0.06666666666666667,0.0,90,90,1.0,French cooking,1,0.011111111111111112,136.96666666666667
confirm_paper_tree_042,42,n10,dolly_open_ended,qa,arc_challenge,4,90,0.9888888888888889,0.8444444444444444,0.15555555555555556,0.011111111111111112,0.044444444444444446,0.1,0.0,90,90,1.0,French mother sauce.,1,0.011111111111111112,70.1
confirm_paper_tree_042,42,n4,dolly_open_ended,classification,mnli,2,90,1.0,0.0,1.0,0.0,0.9888888888888889,0.011111111111111112,0.0,90,5,0.05555555555555555,0,47,0.5222222222222223,1.1444444444444444
confirm_paper_tree_042,42,n6,dolly_open_ended,translation,wmt14_en_fr,3,90,1.0,0.05555555555555555,0.9444444444444444,0.0,0.9333333333333333,0.011111111111111112,0.0,90,10,0.1111111111111111,0,54,0.6,3.533333333333333
confirm_paper_tree_042,42,n9,dolly_open_ended,translation,opus_en_ru,4,90,0.9444444444444444,0.8444444444444444,0.15555555555555556,0.05555555555555555,0.022222222222222223,0.07777777777777778,0.0,90,86,0.9555555555555556,<EMPTY>,5,0.05555555555555555,89.44444444444444
confirm_paper_tree_043,43,n10,dolly_open_ended,qa,quartz,3,90,1.0,0.0,1.0,0.0,1.0,0.0,0.0,90,2,0.022222222222222223,A,61,0.6777777777777778,1.0
confirm_paper_tree_043,43,n11,dolly_open_ended,summarization,xsum,4,90,1.0,0.7777777777777778,0.2222222222222222,0.0,0.022222222222222223,0.2,0.0,90,90,1.0,French mother sauce.,1,0.011111111111111112,66.31111111111112
confirm_paper_tree_043,43,n12,dolly_open_ended,classification,rte,4,90,1.0,0.011111111111111112,0.9888888888888889,0.0,0.9888888888888889,0.0,0.0,90,3,0.03333333333333333,0,51,0.5666666666666667,2.088888888888889
confirm_paper_tree_043,43,n13,dolly_open_ended,classification,sst2,4,90,1.0,0.14444444444444443,0.8555555555555556,0.0,0.8444444444444444,0.011111111111111112,0.0,90,16,0.17777777777777778,1,49,0.5444444444444444,19.733333333333334
confirm_paper_tree_043,43,n4,dolly_open_ended,classification,cola,2,90,1.0,0.05555555555555555,0.9444444444444444,0.0,0.9444444444444444,0.0,0.0,90,8,0.08888888888888889,1,44,0.4888888888888889,8.044444444444444
confirm_paper_tree_043,43,n7,dolly_open_ended,translation,opus_en_it,3,90,0.9888888888888889,0.8,0.19999999999999996,0.011111111111111112,0.011111111111111112,0.17777777777777778,0.0,90,90,1.0,French mother sauce.,1,0.011111111111111112,45.733333333333334
confirm_paper_tree_043,43,n8,dolly_open_ended,classification,qnli,3,90,1.0,0.0,1.0,0.0,1.0,0.0,0.0,90,2,0.022222222222222223,1,70,0.7777777777777778,1.0
confirm_paper_tree_043,43,n9,dolly_open_ended,translation,wmt14_en_fr,3,90,0.9888888888888889,0.8555555555555555,0.1444444444444445,0.011111111111111112,0.0,0.13333333333333333,0.0,90,90,1.0,French mother sauce.,1,0.011111111111111112,53.233333333333334
confirm_paper_tree_044,44,n0,dolly_open_ended,qa,boolq,1,90,1.0,0.13333333333333333,0.8666666666666667,0.0,0.8111111111111111,0.05555555555555555,0.0,90,20,0.2222222222222222,False,36,0.4,14.344444444444445
confirm_paper_tree_044,44,n10,dolly_open_ended,translation,opus_en_zh,3,90,0.4222222222222222,0.011111111111111112,0.9888888888888889,0.5777777777777777,0.36666666666666664,0.044444444444444446,0.0,90,8,0.08888888888888889,<EMPTY>,52,0.5777777777777777,0.9
confirm_paper_tree_044,44,n11,dolly_open_ended,classification,ag_news,3,90,1.0,0.0,1.0,0.0,1.0,0.0,0.0,90,4,0.044444444444444446,1,30,0.3333333333333333,1.0
confirm_paper_tree_044,44,n12,dolly_open_ended,qa,squad,4,90,1.0,1.0,0.0,0.0,0.0,0.0,0.0,90,90,1.0,"'answer_start': [61], 'text': ['fannie']",1,0.011111111111111112,46.28888888888889
confirm_paper_tree_044,44,n13,dolly_open_ended,summarization,samsum,4,90,1.0,0.8444444444444444,0.15555555555555556,0.0,0.011111111111111112,0.14444444444444443,0.0,90,89,0.9888888888888889,House Bolton,2,0.022222222222222223,62.022222222222226
confirm_paper_tree_044,44,n8,dolly_open_ended,qa,squad_v2,3,90,1.0,0.7222222222222222,0.2777777777777778,0.0,0.0,0.2777777777777778,0.0,90,69,0.7666666666666667,"'answer_start': [], 'text': []",22,0.24444444444444444,43.98888888888889
confirm_paper_tree_045,45,n10,dolly_open_ended,summarization,cnn_dailymail,4,90,1.0,0.9444444444444444,0.05555555555555558,0.0,0.011111111111111112,0.044444444444444446,0.0,90,89,0.9888888888888889,I want to visit Chicago.,2,0.022222222222222223,60.78888888888889
confirm_paper_tree_045,45,n11,dolly_open_ended,qa,arc_easy,4,90,0.9777777777777777,0.5777777777777777,0.4222222222222223,0.022222222222222223,0.18888888888888888,0.2111111111111111,0.0,90,84,0.9333333333333333,0,5,0.05555555555555555,32.577777777777776
confirm_paper_tree_045,45,n3,dolly_open_ended,classification,rte,3,90,1.0,0.0,1.0,0.0,0.9888888888888889,0.011111111111111112,0.0,90,3,0.03333333333333333,0,75,0.8333333333333334,1.0777777777777777
confirm_paper_tree_045,45,n4,dolly_open_ended,translation,opus_en_fr,3,90,1.0,0.7,0.30000000000000004,0.0,0.044444444444444446,0.25555555555555554,0.0,90,86,0.9555555555555556,0,2,0.022222222222222223,39.41111111111111
confirm_paper_tree_045,45,n7,dolly_open_ended,qa,quartz,3,90,1.0,0.0,1.0,0.0,1.0,0.0,0.0,90,2,0.022222222222222223,A,52,0.5777777777777777,1.0
confirm_paper_tree_045,45,n8,dolly_open_ended,qa,arc_challenge,4,90,1.0,0.7555555555555555,0.24444444444444446,0.0,0.13333333333333333,0.1111111111111111,0.0,90,88,0.9777777777777777,C,2,0.022222222222222223,38.022222222222226
confirm_paper_tree_045,45,n9,dolly_open_ended,translation,wmt14_en_fr,4,90,1.0,0.9333333333333333,0.06666666666666665,0.0,0.0,0.06666666666666667,0.0,90,90,1.0,Be sure to have at least one paragraph in your question.,1,0.011111111111111112,52.266666666666666
confirm_paper_tree_046,46,n10,dolly_open_ended,classification,cola,4,90,1.0,0.0,1.0,0.0,1.0,0.0,0.0,90,2,0.022222222222222223,1,84,0.9333333333333333,1.0
confirm_paper_tree_046,46,n11,dolly_open_ended,classification,mnli,4,90,1.0,0.0,1.0,0.0,1.0,0.0,0.0,90,3,0.03333333333333333,1,71,0.7888888888888889,1.0
confirm_paper_tree_046,46,n12,dolly_open_ended,summarization,arxiv_summ,4,90,0.9777777777777777,0.5888888888888889,0.4111111111111111,0.022222222222222223,0.24444444444444444,0.14444444444444443,0.0,90,77,0.8555555555555555,3,5,0.05555555555555555,119.55555555555556
confirm_paper_tree_046,46,n13,dolly_open_ended,qa,quartz,4,90,1.0,0.0,1.0,0.0,1.0,0.0,0.0,90,2,0.022222222222222223,A,67,0.7444444444444445,1.0
confirm_paper_tree_046,46,n7,dolly_open_ended,summarization,pubmed,4,90,1.0,0.9777777777777777,0.022222222222222254,0.0,0.0,0.022222222222222223,0.0,90,90,1.0,"French cuisine is characterized by a mixture of all kinds of sauces and condiments including sauces and sauces with an emphasis on the main ingredients of the dish, such as the bread , milk , tomatoes, onions, and tomatoes (tadal , tangerine, b",1,0.011111111111111112,226.5222222222222
confirm_paper_tree_046,46,n8,dolly_open_ended,classification,sst2,4,90,1.0,0.022222222222222223,0.9777777777777777,0.0,0.9777777777777777,0.0,0.0,90,4,0.044444444444444446,0,48,0.5333333333333333,2.4444444444444446
confirm_paper_tree_046,46,n9,dolly_open_ended,summarization,xsum,4,90,0.9555555555555556,0.43333333333333335,0.5666666666666667,0.044444444444444446,0.23333333333333334,0.28888888888888886,0.0,90,73,0.8111111111111111,0,7,0.07777777777777778,38.544444444444444
confirm_paper_tree_047,47,n5,dolly_open_ended,summarization,arxiv_summ,4,90,1.0,0.3333333333333333,0.6666666666666667,0.0,0.5222222222222223,0.14444444444444443,0.0,90,55,0.6111111111111112,0,29,0.32222222222222224,50.03333333333333
confirm_paper_tree_047,47,n6,dolly_open_ended,classification,trec,4,90,1.0,0.07777777777777778,0.9222222222222223,0.0,0.0,0.9222222222222223,0.0,90,30,0.3333333333333333,description of something,14,0.15555555555555556,16.644444444444446
confirm_paper_tree_047,47,n7,dolly_open_ended,translation,wmt14_en_de,4,90,0.9888888888888889,0.43333333333333335,0.5666666666666667,0.011111111111111112,0.4666666666666667,0.08888888888888889,0.0,90,54,0.6,True,15,0.16666666666666666,25.011111111111113
confirm_paper_tree_047,47,n8,dolly_open_ended,classification,qnli,4,90,1.0,0.0,1.0,0.0,1.0,0.0,0.0,90,2,0.022222222222222223,1,60,0.6666666666666666,1.0
confirm_paper_tree_048,48,n10,dolly_open_ended,summarization,dialogsum,4,90,0.9888888888888889,0.2222222222222222,0.7777777777777778,0.011111111111111112,0.6444444444444445,0.12222222222222222,0.0,90,32,0.35555555555555557,0,58,0.6444444444444445,12.38888888888889
confirm_paper_tree_048,48,n11,dolly_open_ended,classification,cola,4,90,1.0,0.0,1.0,0.0,1.0,0.0,0.0,90,2,0.022222222222222223,1,68,0.7555555555555555,1.0
confirm_paper_tree_048,48,n12,dolly_open_ended,translation,opus_en_de,4,90,1.0,0.9333333333333333,0.06666666666666665,0.0,0.022222222222222223,0.011111111111111112,0.03333333333333333,90,90,1.0,"'aliases': ['Psilant sauces', 'Paris salomones', 'Sahonas', 'Sahonas', 'Psilant sauces', 'Sahon",1,0.011111111111111112,112.77777777777777
confirm_paper_tree_048,48,n13,dolly_open_ended,qa,arc_challenge,4,90,1.0,0.0,1.0,0.0,0.9777777777777777,0.022222222222222223,0.0,90,8,0.08888888888888889,A,57,0.6333333333333333,1.1111111111111112
confirm_paper_tree_048,48,n6,dolly_open_ended,translation,opus_en_es,3,90,0.9888888888888889,0.4111111111111111,0.5888888888888889,0.011111111111111112,0.23333333333333334,0.34444444444444444,0.0,90,78,0.8666666666666667,0,10,0.1111111111111111,29.055555555555557
confirm_paper_tree_048,48,n7,dolly_open_ended,translation,wmt14_en_fr,3,90,0.9888888888888889,0.43333333333333335,0.5666666666666667,0.011111111111111112,0.2777777777777778,0.2777777777777778,0.0,90,75,0.8333333333333334,0,11,0.12222222222222222,24.955555555555556
confirm_paper_tree_048,48,n8,dolly_open_ended,qa,boolq,4,90,1.0,0.022222222222222223,0.9777777777777777,0.0,0.9555555555555556,0.022222222222222223,0.0,90,7,0.07777777777777778,True,43,0.4777777777777778,5.533333333333333
confirm_paper_tree_048,48,n9,dolly_open_ended,qa,squad_v2,4,90,1.0,0.7555555555555555,0.24444444444444446,0.0,0.0,0.24444444444444444,0.0,90,69,0.7666666666666667,"'answer_start': [], 'text': []",22,0.24444444444444444,45.74444444444445
confirm_paper_tree_049,49,n10,dolly_open_ended,classification,mnli,3,90,1.0,0.022222222222222223,0.9777777777777777,0.0,0.9777777777777777,0.0,0.0,90,7,0.07777777777777778,0,57,0.6333333333333333,2.3
confirm_paper_tree_049,49,n11,dolly_open_ended,qa,trivia_qa,3,90,1.0,1.0,0.0,0.0,0.0,0.0,0.0,90,90,1.0,"'aliases': ['Piston papila', 'Coca (spicing)', 'Hamona', 'Piston papila', 'Piston papila'], 'matched_wiki",1,0.011111111111111112,126.78888888888889
confirm_paper_tree_049,49,n12,dolly_open_ended,classification,qnli,3,90,1.0,0.0,1.0,0.0,1.0,0.0,0.0,90,2,0.022222222222222223,1,51,0.5666666666666667,1.0
confirm_paper_tree_049,49,n13,dolly_open_ended,translation,opus_en_zh,4,90,0.4222222222222222,0.2111111111111111,0.7888888888888889,0.5777777777777777,0.07777777777777778,0.13333333333333333,0.0,90,37,0.4111111111111111,<EMPTY>,52,0.5777777777777777,25.966666666666665
confirm_paper_tree_049,49,n5,dolly_open_ended,classification,sst2,3,90,1.0,0.05555555555555555,0.9444444444444444,0.0,0.9444444444444444,0.0,0.0,90,8,0.08888888888888889,1,49,0.5444444444444444,4.133333333333334
confirm_paper_tree_049,49,n6,dolly_open_ended,translation,opus_en_ja,3,90,0.9555555555555556,0.6888888888888889,0.3111111111111111,0.044444444444444446,0.05555555555555555,0.2111111111111111,0.0,90,85,0.9444444444444444,<EMPTY>,4,0.044444444444444446,36.166666666666664
confirm_paper_tree_049,49,n7,dolly_open_ended,translation,wmt14_en_fr,3,90,1.0,0.7666666666666667,0.23333333333333328,0.0,0.022222222222222223,0.2111111111111111,0.0,90,90,1.0,French mother sauce.,1,0.011111111111111112,51.644444444444446
confirm_paper_tree_049,49,n8,dolly_open_ended,translation,wmt14_en_de,3,90,1.0,0.8,0.19999999999999996,0.0,0.022222222222222223,0.17777777777777778,0.0,90,89,0.9888888888888889,Scala Future onComplete and andThen functions,2,0.022222222222222223,49.34444444444444
confirm_paper_tree_049,49,n9,dolly_open_ended,classification,cola,3,90,1.0,0.0,1.0,0.0,1.0,0.0,0.0,90,2,0.022222222222222223,1,53,0.5888888888888889,1.0
confirm_paper_tree_050,50,n10,dolly_open_ended,translation,wmt14_en_de,3,90,1.0,0.7444444444444445,0.25555555555555554,0.0,0.011111111111111112,0.24444444444444444,0.0,90,89,0.9888888888888889,BCG,2,0.022222222222222223,44.333333333333336
confirm_paper_tree_050,50,n11,dolly_open_ended,qa,squad,3,90,1.0,0.9888888888888889,0.011111111111111072,0.0,0.0,0.011111111111111112,0.0,90,90,1.0,"'answer_start': [17], 'text': ['french mothers sauces']",1,0.011111111111111112,48.41111111111111
confirm_paper_tree_050,50,n12,dolly_open_ended,translation,opus_en_ja,4,90,0.8888888888888888,0.2777777777777778,0.7222222222222222,0.1111111111111111,0.14444444444444443,0.4666666666666667,0.0,90,72,0.8,<EMPTY>,10,0.1111111111111111,15.477777777777778
confirm_paper_tree_050,50,n13,dolly_open_ended,classification,trec,4,90,1.0,0.06666666666666667,0.9333333333333333,0.0,0.044444444444444446,0.8888888888888888,0.0,90,25,0.2777777777777778,description of something,15,0.16666666666666666,15.033333333333333
confirm_paper_tree_050,50,n5,dolly_open_ended,summarization,billsum,3,90,1.0,0.8666666666666667,0.1333333333333333,0.0,0.0,0.13333333333333333,0.0,90,90,1.0,French mother sauce.,1,0.011111111111111112,154.63333333333333
confirm_paper_tree_050,50,n7,dolly_open_ended,qa,trivia_qa,3,90,1.0,0.9888888888888889,0.011111111111111072,0.0,0.0,0.0,0.011111111111111112,90,90,1.0,"'aliases': ['Piston papila', 'Coca (risotto)', 'Coca (risotto)', 'Piston papila', 'Once a day, two",1,0.011111111111111112,124.83333333333333
confirm_paper_tree_050,50,n8,dolly_open_ended,translation,opus_en_zh,3,90,0.6666666666666666,0.022222222222222223,0.9777777777777777,0.3333333333333333,0.6222222222222222,0.022222222222222223,0.0,90,9,0.1,0,33,0.36666666666666664,1.4
confirm_paper_tree_050,50,n9,dolly_open_ended,summarization,bigpatent,3,90,1.0,0.8666666666666667,0.1333333333333333,0.0,0.011111111111111112,0.12222222222222222,0.0,90,90,1.0,French mother sauce.,1,0.011111111111111112,78.4
