tree_id,artifact,representation,metric,analysis_engine,tree_builder,rf_engine,n_models,n_layers,n_truth_leaves,n_truth_splits,n_estimate_splits,rf,normalized_rf,exact_tree_recovery,polytomy_aware_exact_recovery,clade_recovery,split_precision,false_negative,false_positive,distance_mean,distance_min,distance_max,four_point_mean_additivity,four_point_informative_mean_additivity,four_point_fraction_clean,four_point_mean_additivity_magnitude,four_point_informative_split_accuracy,atteson_error_linf,atteson_bottleneck_margin,atteson_internal_bottleneck_margin,atteson_theorem_certified,truth_manifest,ledger,summary,score,four_point_additivity,atteson_margin
confirm_paper_tree_001,adapter_chain,lora_cumulative_delta,correlation,direct,biopython_neighbor_joining,dendropy_treecompare,8,216,8,2,5,5,0.7142857142857143,false,false,0.5,0.2,1,4,0.6788385088959712,0.26845459853622483,0.8694941205824711,0.7861817954019696,0.7803717769319598,0.8142857142857143,0.13037351373307818,0.6862745098039216,0.201089948134465,0.054999956024094535,0.054999956024094535,false,/home/export/sgallagh/WeightTraits-pr1-20260713/examples/training/confirm_paper_numbers/assigned_manifests/confirm_paper_tree_001.manifest.jsonl,/home/export/sgallagh/WeightTraits-pr1-20260713/examples/training/confirm_paper_numbers/lora_all_projections_corrected_training_runlists/ledgers/confirm_paper_tree_001.training_ledger.jsonl,outputs/analysis_v20260713/lora_all_projections_corrected/confirm_paper_tree_001/cumulative_leaf_analysis/summary.json,outputs/analysis_v20260713/lora_all_projections_corrected/confirm_paper_tree_001/cumulative_leaf_analysis/score_correlation.json,outputs/analysis_v20260713/lora_all_projections_corrected/confirm_paper_tree_001/cumulative_leaf_analysis/four_point_additivity_correlation.json,outputs/analysis_v20260713/lora_all_projections_corrected/confirm_paper_tree_001/cumulative_leaf_analysis/atteson_margin_correlation.json
confirm_paper_tree_001,adapter_chain,lora_cumulative_delta,cosine,direct,biopython_neighbor_joining,dendropy_treecompare,8,216,8,2,5,5,0.7142857142857143,false,false,0.5,0.2,1,4,0.6788383811923578,0.2684544086263178,0.8694940945997355,0.7861818338260772,0.7803716593776469,0.8142857142857143,0.1303735469872099,0.6862745098039216,0.20109001346197863,0.05499990713034429,0.05499990713034429,false,/home/export/sgallagh/WeightTraits-pr1-20260713/examples/training/confirm_paper_numbers/assigned_manifests/confirm_paper_tree_001.manifest.jsonl,/home/export/sgallagh/WeightTraits-pr1-20260713/examples/training/confirm_paper_numbers/lora_all_projections_corrected_training_runlists/ledgers/confirm_paper_tree_001.training_ledger.jsonl,outputs/analysis_v20260713/lora_all_projections_corrected/confirm_paper_tree_001/cumulative_leaf_analysis/summary.json,outputs/analysis_v20260713/lora_all_projections_corrected/confirm_paper_tree_001/cumulative_leaf_analysis/score_cosine.json,outputs/analysis_v20260713/lora_all_projections_corrected/confirm_paper_tree_001/cumulative_leaf_analysis/four_point_additivity_cosine.json,outputs/analysis_v20260713/lora_all_projections_corrected/confirm_paper_tree_001/cumulative_leaf_analysis/atteson_margin_cosine.json
confirm_paper_tree_001,adapter_chain,lora_cumulative_delta,l2,direct,biopython_neighbor_joining,dendropy_treecompare,8,216,8,2,5,7,1.0,false,false,0.0,0.0,2,5,8.304533970110928,2.8671653039391143,13.457032729499376,0.7876185635082633,0.743840084870931,0.8285714285714286,0.07606215890069998,0.5686274509803921,1.428531972178627,0.09463502304509958,0.09463502304509958,false,/home/export/sgallagh/WeightTraits-pr1-20260713/examples/training/confirm_paper_numbers/assigned_manifests/confirm_paper_tree_001.manifest.jsonl,/home/export/sgallagh/WeightTraits-pr1-20260713/examples/training/confirm_paper_numbers/lora_all_projections_corrected_training_runlists/ledgers/confirm_paper_tree_001.training_ledger.jsonl,outputs/analysis_v20260713/lora_all_projections_corrected/confirm_paper_tree_001/cumulative_leaf_analysis/summary.json,outputs/analysis_v20260713/lora_all_projections_corrected/confirm_paper_tree_001/cumulative_leaf_analysis/score_l2.json,outputs/analysis_v20260713/lora_all_projections_corrected/confirm_paper_tree_001/cumulative_leaf_analysis/four_point_additivity_l2.json,outputs/analysis_v20260713/lora_all_projections_corrected/confirm_paper_tree_001/cumulative_leaf_analysis/atteson_margin_l2.json
confirm_paper_tree_002,adapter_chain,lora_cumulative_delta,correlation,direct,biopython_neighbor_joining,dendropy_treecompare,7,216,7,3,4,3,0.42857142857142855,false,false,0.6666666666666666,0.5,1,2,0.6714875983147969,0.25775985587493583,0.8307387668149119,0.7451228118644418,0.7650297545008309,0.7714285714285715,0.1559086140098435,0.9259259259259259,0.05582166672987943,0.22491722539860873,0.22491722539860873,false,/home/export/sgallagh/WeightTraits-pr1-20260713/examples/training/confirm_paper_numbers/assigned_manifests/confirm_paper_tree_002.manifest.jsonl,/home/export/sgallagh/WeightTraits-pr1-20260713/examples/training/confirm_paper_numbers/lora_all_projections_corrected_training_runlists/ledgers/confirm_paper_tree_002.training_ledger.jsonl,outputs/analysis_v20260713/lora_all_projections_corrected/confirm_paper_tree_002/cumulative_leaf_analysis/summary.json,outputs/analysis_v20260713/lora_all_projections_corrected/confirm_paper_tree_002/cumulative_leaf_analysis/score_correlation.json,outputs/analysis_v20260713/lora_all_projections_corrected/confirm_paper_tree_002/cumulative_leaf_analysis/four_point_additivity_correlation.json,outputs/analysis_v20260713/lora_all_projections_corrected/confirm_paper_tree_002/cumulative_leaf_analysis/atteson_margin_correlation.json
confirm_paper_tree_002,adapter_chain,lora_cumulative_delta,cosine,direct,biopython_neighbor_joining,dendropy_treecompare,7,216,7,3,4,3,0.42857142857142855,false,false,0.6666666666666666,0.5,1,2,0.6714873640779917,0.25775938131365905,0.8307386801219094,0.7451226058726453,0.7650292278637055,0.7714285714285715,0.1559085867292828,0.9259259259259259,0.05582152587410627,0.22491713949956443,0.22491713949956443,false,/home/export/sgallagh/WeightTraits-pr1-20260713/examples/training/confirm_paper_numbers/assigned_manifests/confirm_paper_tree_002.manifest.jsonl,/home/export/sgallagh/WeightTraits-pr1-20260713/examples/training/confirm_paper_numbers/lora_all_projections_corrected_training_runlists/ledgers/confirm_paper_tree_002.training_ledger.jsonl,outputs/analysis_v20260713/lora_all_projections_corrected/confirm_paper_tree_002/cumulative_leaf_analysis/summary.json,outputs/analysis_v20260713/lora_all_projections_corrected/confirm_paper_tree_002/cumulative_leaf_analysis/score_cosine.json,outputs/analysis_v20260713/lora_all_projections_corrected/confirm_paper_tree_002/cumulative_leaf_analysis/four_point_additivity_cosine.json,outputs/analysis_v20260713/lora_all_projections_corrected/confirm_paper_tree_002/cumulative_leaf_analysis/atteson_margin_cosine.json
confirm_paper_tree_002,adapter_chain,lora_cumulative_delta,l2,direct,biopython_neighbor_joining,dendropy_treecompare,7,216,7,3,4,3,0.42857142857142855,false,false,0.6666666666666666,0.5,1,2,9.941928025453835,5.5362420645647505,13.496586989444578,0.8435559204188253,0.8253818740190962,0.9428571428571428,0.1306067077924303,0.7777777777777778,0.8083296279423688,0.0,0.0,false,/home/export/sgallagh/WeightTraits-pr1-20260713/examples/training/confirm_paper_numbers/assigned_manifests/confirm_paper_tree_002.manifest.jsonl,/home/export/sgallagh/WeightTraits-pr1-20260713/examples/training/confirm_paper_numbers/lora_all_projections_corrected_training_runlists/ledgers/confirm_paper_tree_002.training_ledger.jsonl,outputs/analysis_v20260713/lora_all_projections_corrected/confirm_paper_tree_002/cumulative_leaf_analysis/summary.json,outputs/analysis_v20260713/lora_all_projections_corrected/confirm_paper_tree_002/cumulative_leaf_analysis/score_l2.json,outputs/analysis_v20260713/lora_all_projections_corrected/confirm_paper_tree_002/cumulative_leaf_analysis/four_point_additivity_l2.json,outputs/analysis_v20260713/lora_all_projections_corrected/confirm_paper_tree_002/cumulative_leaf_analysis/atteson_margin_l2.json
confirm_paper_tree_003,adapter_chain,lora_cumulative_delta,correlation,direct,biopython_neighbor_joining,dendropy_treecompare,9,216,9,2,6,4,0.5,false,true,1.0,0.3333333333333333,0,4,0.6814286007547354,0.13196093367947345,0.9924098338062981,0.7541073116514952,0.8886235724883985,0.746031746031746,0.29939101941635604,0.9259259259259259,0.09534735658804927,0.34294993161490966,0.34294993161490966,false,/home/export/sgallagh/WeightTraits-pr1-20260713/examples/training/confirm_paper_numbers/assigned_manifests/confirm_paper_tree_003.manifest.jsonl,/home/export/sgallagh/WeightTraits-pr1-20260713/examples/training/confirm_paper_numbers/lora_all_projections_corrected_training_runlists/ledgers/confirm_paper_tree_003.training_ledger.jsonl,outputs/analysis_v20260713/lora_all_projections_corrected/confirm_paper_tree_003/cumulative_leaf_analysis/summary.json,outputs/analysis_v20260713/lora_all_projections_corrected/confirm_paper_tree_003/cumulative_leaf_analysis/score_correlation.json,outputs/analysis_v20260713/lora_all_projections_corrected/confirm_paper_tree_003/cumulative_leaf_analysis/four_point_additivity_correlation.json,outputs/analysis_v20260713/lora_all_projections_corrected/confirm_paper_tree_003/cumulative_leaf_analysis/atteson_margin_correlation.json
confirm_paper_tree_003,adapter_chain,lora_cumulative_delta,cosine,direct,biopython_neighbor_joining,dendropy_treecompare,9,216,9,2,6,4,0.5,false,true,1.0,0.3333333333333333,0,4,0.6814284842282264,0.1319609071030447,0.9924098107534596,0.7541073624047335,0.8886234082418192,0.746031746031746,0.2993911018116903,0.9259259259259259,0.09534737115696879,0.34294952944801055,0.34294952944801055,false,/home/export/sgallagh/WeightTraits-pr1-20260713/examples/training/confirm_paper_numbers/assigned_manifests/confirm_paper_tree_003.manifest.jsonl,/home/export/sgallagh/WeightTraits-pr1-20260713/examples/training/confirm_paper_numbers/lora_all_projections_corrected_training_runlists/ledgers/confirm_paper_tree_003.training_ledger.jsonl,outputs/analysis_v20260713/lora_all_projections_corrected/confirm_paper_tree_003/cumulative_leaf_analysis/summary.json,outputs/analysis_v20260713/lora_all_projections_corrected/confirm_paper_tree_003/cumulative_leaf_analysis/score_cosine.json,outputs/analysis_v20260713/lora_all_projections_corrected/confirm_paper_tree_003/cumulative_leaf_analysis/four_point_additivity_cosine.json,outputs/analysis_v20260713/lora_all_projections_corrected/confirm_paper_tree_003/cumulative_leaf_analysis/atteson_margin_cosine.json
confirm_paper_tree_003,adapter_chain,lora_cumulative_delta,l2,direct,biopython_neighbor_joining,dendropy_treecompare,9,216,9,2,6,4,0.5,false,true,1.0,0.3333333333333333,0,4,10.407000299077435,3.105271309533763,14.57433383527508,0.769672008424101,0.8566222641085259,0.7936507936507936,0.19896404504966564,1.0,1.8516390794931548,0.3654060671729208,0.3654060671729208,false,/home/export/sgallagh/WeightTraits-pr1-20260713/examples/training/confirm_paper_numbers/assigned_manifests/confirm_paper_tree_003.manifest.jsonl,/home/export/sgallagh/WeightTraits-pr1-20260713/examples/training/confirm_paper_numbers/lora_all_projections_corrected_training_runlists/ledgers/confirm_paper_tree_003.training_ledger.jsonl,outputs/analysis_v20260713/lora_all_projections_corrected/confirm_paper_tree_003/cumulative_leaf_analysis/summary.json,outputs/analysis_v20260713/lora_all_projections_corrected/confirm_paper_tree_003/cumulative_leaf_analysis/score_l2.json,outputs/analysis_v20260713/lora_all_projections_corrected/confirm_paper_tree_003/cumulative_leaf_analysis/four_point_additivity_l2.json,outputs/analysis_v20260713/lora_all_projections_corrected/confirm_paper_tree_003/cumulative_leaf_analysis/atteson_margin_l2.json
confirm_paper_tree_004,adapter_chain,lora_cumulative_delta,correlation,direct,biopython_neighbor_joining,dendropy_treecompare,7,216,7,2,4,2,0.3333333333333333,false,true,1.0,0.5,0,2,0.8579570499532255,0.5516895505517142,0.9964932772524777,0.6777454371207222,0.836773738072532,0.7714285714285715,0.05890339221505919,1.0,0.03449414039493581,1.508324374269703,1.508324374269703,true,/home/export/sgallagh/WeightTraits-pr1-20260713/examples/training/confirm_paper_numbers/assigned_manifests/confirm_paper_tree_004.manifest.jsonl,/home/export/sgallagh/WeightTraits-pr1-20260713/examples/training/confirm_paper_numbers/lora_all_projections_corrected_training_runlists/ledgers/confirm_paper_tree_004.training_ledger.jsonl,outputs/analysis_v20260713/lora_all_projections_corrected/confirm_paper_tree_004/cumulative_leaf_analysis/summary.json,outputs/analysis_v20260713/lora_all_projections_corrected/confirm_paper_tree_004/cumulative_leaf_analysis/score_correlation.json,outputs/analysis_v20260713/lora_all_projections_corrected/confirm_paper_tree_004/cumulative_leaf_analysis/four_point_additivity_correlation.json,outputs/analysis_v20260713/lora_all_projections_corrected/confirm_paper_tree_004/cumulative_leaf_analysis/atteson_margin_correlation.json
confirm_paper_tree_004,adapter_chain,lora_cumulative_delta,cosine,direct,biopython_neighbor_joining,dendropy_treecompare,7,216,7,2,4,2,0.3333333333333333,false,true,1.0,0.5,0,2,0.857956846795922,0.5516895100776684,0.9964929748158552,0.6777451124298934,0.8367735025696434,0.7714285714285715,0.058903377788358115,1.0,0.034494227656724386,1.5083175800057091,1.5083175800057091,true,/home/export/sgallagh/WeightTraits-pr1-20260713/examples/training/confirm_paper_numbers/assigned_manifests/confirm_paper_tree_004.manifest.jsonl,/home/export/sgallagh/WeightTraits-pr1-20260713/examples/training/confirm_paper_numbers/lora_all_projections_corrected_training_runlists/ledgers/confirm_paper_tree_004.training_ledger.jsonl,outputs/analysis_v20260713/lora_all_projections_corrected/confirm_paper_tree_004/cumulative_leaf_analysis/summary.json,outputs/analysis_v20260713/lora_all_projections_corrected/confirm_paper_tree_004/cumulative_leaf_analysis/score_cosine.json,outputs/analysis_v20260713/lora_all_projections_corrected/confirm_paper_tree_004/cumulative_leaf_analysis/four_point_additivity_cosine.json,outputs/analysis_v20260713/lora_all_projections_corrected/confirm_paper_tree_004/cumulative_leaf_analysis/atteson_margin_cosine.json
confirm_paper_tree_004,adapter_chain,lora_cumulative_delta,l2,direct,biopython_neighbor_joining,dendropy_treecompare,7,216,7,2,4,2,0.3333333333333333,false,true,1.0,0.5,0,2,8.441992702494979,6.550977328247416,11.563388645683558,0.7201249190602532,0.8531866842796291,0.8,0.043485024253087465,1.0,0.25376008638414405,1.1315596473236595,1.1315596473236595,true,/home/export/sgallagh/WeightTraits-pr1-20260713/examples/training/confirm_paper_numbers/assigned_manifests/confirm_paper_tree_004.manifest.jsonl,/home/export/sgallagh/WeightTraits-pr1-20260713/examples/training/confirm_paper_numbers/lora_all_projections_corrected_training_runlists/ledgers/confirm_paper_tree_004.training_ledger.jsonl,outputs/analysis_v20260713/lora_all_projections_corrected/confirm_paper_tree_004/cumulative_leaf_analysis/summary.json,outputs/analysis_v20260713/lora_all_projections_corrected/confirm_paper_tree_004/cumulative_leaf_analysis/score_l2.json,outputs/analysis_v20260713/lora_all_projections_corrected/confirm_paper_tree_004/cumulative_leaf_analysis/four_point_additivity_l2.json,outputs/analysis_v20260713/lora_all_projections_corrected/confirm_paper_tree_004/cumulative_leaf_analysis/atteson_margin_l2.json
confirm_paper_tree_005,adapter_chain,lora_cumulative_delta,correlation,direct,biopython_neighbor_joining,dendropy_treecompare,9,216,9,3,6,5,0.5555555555555556,false,false,0.6666666666666666,0.3333333333333333,1,4,0.3189115462386301,0.15983968668731857,0.4759191229960194,0.8166832544553566,0.8656199065221438,0.873015873015873,0.15208458201320715,0.7244897959183674,0.0449714290996554,0.0,0.0,false,/home/export/sgallagh/WeightTraits-pr1-20260713/examples/training/confirm_paper_numbers/assigned_manifests/confirm_paper_tree_005.manifest.jsonl,/home/export/sgallagh/WeightTraits-pr1-20260713/examples/training/confirm_paper_numbers/lora_all_projections_corrected_training_runlists/ledgers/confirm_paper_tree_005.training_ledger.jsonl,outputs/analysis_v20260713/lora_all_projections_corrected/confirm_paper_tree_005/cumulative_leaf_analysis/summary.json,outputs/analysis_v20260713/lora_all_projections_corrected/confirm_paper_tree_005/cumulative_leaf_analysis/score_correlation.json,outputs/analysis_v20260713/lora_all_projections_corrected/confirm_paper_tree_005/cumulative_leaf_analysis/four_point_additivity_correlation.json,outputs/analysis_v20260713/lora_all_projections_corrected/confirm_paper_tree_005/cumulative_leaf_analysis/atteson_margin_correlation.json
confirm_paper_tree_005,adapter_chain,lora_cumulative_delta,cosine,direct,biopython_neighbor_joining,dendropy_treecompare,9,216,9,3,6,5,0.5555555555555556,false,false,0.6666666666666666,0.3333333333333333,1,4,0.3189114676575341,0.15983966273675604,0.47591891094490796,0.8166839607995564,0.8656205412143991,0.873015873015873,0.15208454317720418,0.7244897959183674,0.04497134792582863,0.0,0.0,false,/home/export/sgallagh/WeightTraits-pr1-20260713/examples/training/confirm_paper_numbers/assigned_manifests/confirm_paper_tree_005.manifest.jsonl,/home/export/sgallagh/WeightTraits-pr1-20260713/examples/training/confirm_paper_numbers/lora_all_projections_corrected_training_runlists/ledgers/confirm_paper_tree_005.training_ledger.jsonl,outputs/analysis_v20260713/lora_all_projections_corrected/confirm_paper_tree_005/cumulative_leaf_analysis/summary.json,outputs/analysis_v20260713/lora_all_projections_corrected/confirm_paper_tree_005/cumulative_leaf_analysis/score_cosine.json,outputs/analysis_v20260713/lora_all_projections_corrected/confirm_paper_tree_005/cumulative_leaf_analysis/four_point_additivity_cosine.json,outputs/analysis_v20260713/lora_all_projections_corrected/confirm_paper_tree_005/cumulative_leaf_analysis/atteson_margin_cosine.json
confirm_paper_tree_005,adapter_chain,lora_cumulative_delta,l2,direct,biopython_neighbor_joining,dendropy_treecompare,9,216,9,3,6,7,0.7777777777777778,false,false,0.3333333333333333,0.16666666666666666,2,5,6.837814898098864,3.0174951509411763,10.094358659813599,0.8032851420017572,0.7974187053485017,0.8650793650793651,0.10545299546870607,0.6326530612244898,0.9067404425248489,0.0,0.0,false,/home/export/sgallagh/WeightTraits-pr1-20260713/examples/training/confirm_paper_numbers/assigned_manifests/confirm_paper_tree_005.manifest.jsonl,/home/export/sgallagh/WeightTraits-pr1-20260713/examples/training/confirm_paper_numbers/lora_all_projections_corrected_training_runlists/ledgers/confirm_paper_tree_005.training_ledger.jsonl,outputs/analysis_v20260713/lora_all_projections_corrected/confirm_paper_tree_005/cumulative_leaf_analysis/summary.json,outputs/analysis_v20260713/lora_all_projections_corrected/confirm_paper_tree_005/cumulative_leaf_analysis/score_l2.json,outputs/analysis_v20260713/lora_all_projections_corrected/confirm_paper_tree_005/cumulative_leaf_analysis/four_point_additivity_l2.json,outputs/analysis_v20260713/lora_all_projections_corrected/confirm_paper_tree_005/cumulative_leaf_analysis/atteson_margin_l2.json
confirm_paper_tree_006,adapter_chain,lora_cumulative_delta,correlation,direct,biopython_neighbor_joining,dendropy_treecompare,5,216,5,2,2,0,0.0,true,true,1.0,1.0,0,0,0.8591133741588118,0.1561161460777708,0.9989538814819809,0.9651426937798842,0.9651426937798842,1.0,0.24315866153339488,1.0,0.005117281168910859,7.442322989989171,11.29895180065575,true,/home/export/sgallagh/WeightTraits-pr1-20260713/examples/training/confirm_paper_numbers/assigned_manifests/confirm_paper_tree_006.manifest.jsonl,/home/export/sgallagh/WeightTraits-pr1-20260713/examples/training/confirm_paper_numbers/lora_all_projections_corrected_training_runlists/ledgers/confirm_paper_tree_006.training_ledger.jsonl,outputs/analysis_v20260713/lora_all_projections_corrected/confirm_paper_tree_006/cumulative_leaf_analysis/summary.json,outputs/analysis_v20260713/lora_all_projections_corrected/confirm_paper_tree_006/cumulative_leaf_analysis/score_correlation.json,outputs/analysis_v20260713/lora_all_projections_corrected/confirm_paper_tree_006/cumulative_leaf_analysis/four_point_additivity_correlation.json,outputs/analysis_v20260713/lora_all_projections_corrected/confirm_paper_tree_006/cumulative_leaf_analysis/atteson_margin_correlation.json
confirm_paper_tree_006,adapter_chain,lora_cumulative_delta,cosine,direct,biopython_neighbor_joining,dendropy_treecompare,5,216,5,2,2,0,0.0,true,true,1.0,1.0,0,0,0.8591132875591596,0.1561159592289085,0.9989540846641619,0.9651425924694917,0.9651425924694917,1.0,0.2431586180616463,1.0,0.005117290309776146,7.4423013682051815,11.298944659285533,true,/home/export/sgallagh/WeightTraits-pr1-20260713/examples/training/confirm_paper_numbers/assigned_manifests/confirm_paper_tree_006.manifest.jsonl,/home/export/sgallagh/WeightTraits-pr1-20260713/examples/training/confirm_paper_numbers/lora_all_projections_corrected_training_runlists/ledgers/confirm_paper_tree_006.training_ledger.jsonl,outputs/analysis_v20260713/lora_all_projections_corrected/confirm_paper_tree_006/cumulative_leaf_analysis/summary.json,outputs/analysis_v20260713/lora_all_projections_corrected/confirm_paper_tree_006/cumulative_leaf_analysis/score_cosine.json,outputs/analysis_v20260713/lora_all_projections_corrected/confirm_paper_tree_006/cumulative_leaf_analysis/four_point_additivity_cosine.json,outputs/analysis_v20260713/lora_all_projections_corrected/confirm_paper_tree_006/cumulative_leaf_analysis/atteson_margin_cosine.json
confirm_paper_tree_006,adapter_chain,lora_cumulative_delta,l2,direct,biopython_neighbor_joining,dendropy_treecompare,5,216,5,2,2,0,0.0,true,true,1.0,1.0,0,0,8.942679166341971,2.944490976436527,11.64895880551533,0.9863818369320285,0.9863818369320285,1.0,0.35765203839358806,1.0,0.06346460800458686,11.264743623699406,15.829087027026048,true,/home/export/sgallagh/WeightTraits-pr1-20260713/examples/training/confirm_paper_numbers/assigned_manifests/confirm_paper_tree_006.manifest.jsonl,/home/export/sgallagh/WeightTraits-pr1-20260713/examples/training/confirm_paper_numbers/lora_all_projections_corrected_training_runlists/ledgers/confirm_paper_tree_006.training_ledger.jsonl,outputs/analysis_v20260713/lora_all_projections_corrected/confirm_paper_tree_006/cumulative_leaf_analysis/summary.json,outputs/analysis_v20260713/lora_all_projections_corrected/confirm_paper_tree_006/cumulative_leaf_analysis/score_l2.json,outputs/analysis_v20260713/lora_all_projections_corrected/confirm_paper_tree_006/cumulative_leaf_analysis/four_point_additivity_l2.json,outputs/analysis_v20260713/lora_all_projections_corrected/confirm_paper_tree_006/cumulative_leaf_analysis/atteson_margin_l2.json
confirm_paper_tree_007,adapter_chain,lora_cumulative_delta,correlation,direct,biopython_neighbor_joining,dendropy_treecompare,10,216,10,3,7,6,0.6,false,false,0.6666666666666666,0.2857142857142857,1,5,0.7066799326329823,0.16596641547560578,1.0006774127243818,0.7142818084055194,0.7198344530180762,0.7714285714285715,0.11855398690325025,0.9097744360902256,0.07951549186103568,0.09278061678851797,0.09278061678851797,false,/home/export/sgallagh/WeightTraits-pr1-20260713/examples/training/confirm_paper_numbers/assigned_manifests/confirm_paper_tree_007.manifest.jsonl,/home/export/sgallagh/WeightTraits-pr1-20260713/examples/training/confirm_paper_numbers/lora_all_projections_corrected_training_runlists/ledgers/confirm_paper_tree_007.training_ledger.jsonl,outputs/analysis_v20260713/lora_all_projections_corrected/confirm_paper_tree_007/cumulative_leaf_analysis/summary.json,outputs/analysis_v20260713/lora_all_projections_corrected/confirm_paper_tree_007/cumulative_leaf_analysis/score_correlation.json,outputs/analysis_v20260713/lora_all_projections_corrected/confirm_paper_tree_007/cumulative_leaf_analysis/four_point_additivity_correlation.json,outputs/analysis_v20260713/lora_all_projections_corrected/confirm_paper_tree_007/cumulative_leaf_analysis/atteson_margin_correlation.json
confirm_paper_tree_007,adapter_chain,lora_cumulative_delta,cosine,direct,biopython_neighbor_joining,dendropy_treecompare,10,216,10,3,7,6,0.6,false,false,0.6666666666666666,0.2857142857142857,1,5,0.7066798038099276,0.16596627511582773,1.0006773585327287,0.7142817379958782,0.7198341767657773,0.7714285714285715,0.1185539146922665,0.9097744360902256,0.07951562325432404,0.09278088778264028,0.09278088778264028,false,/home/export/sgallagh/WeightTraits-pr1-20260713/examples/training/confirm_paper_numbers/assigned_manifests/confirm_paper_tree_007.manifest.jsonl,/home/export/sgallagh/WeightTraits-pr1-20260713/examples/training/confirm_paper_numbers/lora_all_projections_corrected_training_runlists/ledgers/confirm_paper_tree_007.training_ledger.jsonl,outputs/analysis_v20260713/lora_all_projections_corrected/confirm_paper_tree_007/cumulative_leaf_analysis/summary.json,outputs/analysis_v20260713/lora_all_projections_corrected/confirm_paper_tree_007/cumulative_leaf_analysis/score_cosine.json,outputs/analysis_v20260713/lora_all_projections_corrected/confirm_paper_tree_007/cumulative_leaf_analysis/four_point_additivity_cosine.json,outputs/analysis_v20260713/lora_all_projections_corrected/confirm_paper_tree_007/cumulative_leaf_analysis/atteson_margin_cosine.json
confirm_paper_tree_007,adapter_chain,lora_cumulative_delta,l2,direct,biopython_neighbor_joining,dendropy_treecompare,10,216,10,3,7,8,0.8,false,false,0.3333333333333333,0.14285714285714285,2,6,8.225065969246304,4.159539738155228,11.806041151412602,0.7040863211354343,0.6428442709524651,0.7238095238095238,0.09467424866919098,0.6842105263157895,0.9615608304600229,0.0,0.0,false,/home/export/sgallagh/WeightTraits-pr1-20260713/examples/training/confirm_paper_numbers/assigned_manifests/confirm_paper_tree_007.manifest.jsonl,/home/export/sgallagh/WeightTraits-pr1-20260713/examples/training/confirm_paper_numbers/lora_all_projections_corrected_training_runlists/ledgers/confirm_paper_tree_007.training_ledger.jsonl,outputs/analysis_v20260713/lora_all_projections_corrected/confirm_paper_tree_007/cumulative_leaf_analysis/summary.json,outputs/analysis_v20260713/lora_all_projections_corrected/confirm_paper_tree_007/cumulative_leaf_analysis/score_l2.json,outputs/analysis_v20260713/lora_all_projections_corrected/confirm_paper_tree_007/cumulative_leaf_analysis/four_point_additivity_l2.json,outputs/analysis_v20260713/lora_all_projections_corrected/confirm_paper_tree_007/cumulative_leaf_analysis/atteson_margin_l2.json
confirm_paper_tree_008,adapter_chain,lora_cumulative_delta,correlation,direct,biopython_neighbor_joining,dendropy_treecompare,6,216,6,2,3,1,0.2,false,true,1.0,0.6666666666666666,0,1,0.7308967733419126,0.36527815185455376,0.8983625924259951,0.8280590592168615,0.8949527066046475,0.8666666666666667,0.11220241932524622,1.0,0.0546334260344602,1.025191004562858,1.025191004562858,true,/home/export/sgallagh/WeightTraits-pr1-20260713/examples/training/confirm_paper_numbers/assigned_manifests/confirm_paper_tree_008.manifest.jsonl,/home/export/sgallagh/WeightTraits-pr1-20260713/examples/training/confirm_paper_numbers/lora_all_projections_corrected_training_runlists/ledgers/confirm_paper_tree_008.training_ledger.jsonl,outputs/analysis_v20260713/lora_all_projections_corrected/confirm_paper_tree_008/cumulative_leaf_analysis/summary.json,outputs/analysis_v20260713/lora_all_projections_corrected/confirm_paper_tree_008/cumulative_leaf_analysis/score_correlation.json,outputs/analysis_v20260713/lora_all_projections_corrected/confirm_paper_tree_008/cumulative_leaf_analysis/four_point_additivity_correlation.json,outputs/analysis_v20260713/lora_all_projections_corrected/confirm_paper_tree_008/cumulative_leaf_analysis/atteson_margin_correlation.json
confirm_paper_tree_008,adapter_chain,lora_cumulative_delta,cosine,direct,biopython_neighbor_joining,dendropy_treecompare,6,216,6,2,3,1,0.2,false,true,1.0,0.6666666666666666,0,1,0.7308964116172204,0.3652780347495241,0.898361753025702,0.8280590630249207,0.8949526502702967,0.8666666666666667,0.11220244922492763,1.0,0.054633510170299604,1.025190103099827,1.025190103099827,true,/home/export/sgallagh/WeightTraits-pr1-20260713/examples/training/confirm_paper_numbers/assigned_manifests/confirm_paper_tree_008.manifest.jsonl,/home/export/sgallagh/WeightTraits-pr1-20260713/examples/training/confirm_paper_numbers/lora_all_projections_corrected_training_runlists/ledgers/confirm_paper_tree_008.training_ledger.jsonl,outputs/analysis_v20260713/lora_all_projections_corrected/confirm_paper_tree_008/cumulative_leaf_analysis/summary.json,outputs/analysis_v20260713/lora_all_projections_corrected/confirm_paper_tree_008/cumulative_leaf_analysis/score_cosine.json,outputs/analysis_v20260713/lora_all_projections_corrected/confirm_paper_tree_008/cumulative_leaf_analysis/four_point_additivity_cosine.json,outputs/analysis_v20260713/lora_all_projections_corrected/confirm_paper_tree_008/cumulative_leaf_analysis/atteson_margin_cosine.json
confirm_paper_tree_008,adapter_chain,lora_cumulative_delta,l2,direct,biopython_neighbor_joining,dendropy_treecompare,6,216,6,2,3,1,0.2,false,true,1.0,0.6666666666666666,0,1,10.464492328899478,7.1383773321938015,13.315181770612188,0.8335731714575928,0.8757411900049713,0.9333333333333333,0.05968591254328126,1.0,0.3477349567678836,0.9850908845042923,0.9850908845042923,false,/home/export/sgallagh/WeightTraits-pr1-20260713/examples/training/confirm_paper_numbers/assigned_manifests/confirm_paper_tree_008.manifest.jsonl,/home/export/sgallagh/WeightTraits-pr1-20260713/examples/training/confirm_paper_numbers/lora_all_projections_corrected_training_runlists/ledgers/confirm_paper_tree_008.training_ledger.jsonl,outputs/analysis_v20260713/lora_all_projections_corrected/confirm_paper_tree_008/cumulative_leaf_analysis/summary.json,outputs/analysis_v20260713/lora_all_projections_corrected/confirm_paper_tree_008/cumulative_leaf_analysis/score_l2.json,outputs/analysis_v20260713/lora_all_projections_corrected/confirm_paper_tree_008/cumulative_leaf_analysis/four_point_additivity_l2.json,outputs/analysis_v20260713/lora_all_projections_corrected/confirm_paper_tree_008/cumulative_leaf_analysis/atteson_margin_l2.json
confirm_paper_tree_009,adapter_chain,lora_cumulative_delta,correlation,direct,biopython_neighbor_joining,dendropy_treecompare,7,216,7,3,4,1,0.14285714285714285,false,true,1.0,0.75,0,1,0.7949386987519347,0.11456458534773396,0.9915168890078677,0.9192964440902092,0.9788247680672926,0.9428571428571428,0.3948303871732416,1.0,0.017123409659754896,1.659735726627544,7.937715014888222,true,/home/export/sgallagh/WeightTraits-pr1-20260713/examples/training/confirm_paper_numbers/assigned_manifests/confirm_paper_tree_009.manifest.jsonl,/home/export/sgallagh/WeightTraits-pr1-20260713/examples/training/confirm_paper_numbers/lora_all_projections_corrected_training_runlists/ledgers/confirm_paper_tree_009.training_ledger.jsonl,outputs/analysis_v20260713/lora_all_projections_corrected/confirm_paper_tree_009/cumulative_leaf_analysis/summary.json,outputs/analysis_v20260713/lora_all_projections_corrected/confirm_paper_tree_009/cumulative_leaf_analysis/score_correlation.json,outputs/analysis_v20260713/lora_all_projections_corrected/confirm_paper_tree_009/cumulative_leaf_analysis/four_point_additivity_correlation.json,outputs/analysis_v20260713/lora_all_projections_corrected/confirm_paper_tree_009/cumulative_leaf_analysis/atteson_margin_correlation.json
confirm_paper_tree_009,adapter_chain,lora_cumulative_delta,cosine,direct,biopython_neighbor_joining,dendropy_treecompare,7,216,7,3,4,1,0.14285714285714285,false,true,1.0,0.75,0,1,0.7949384061822755,0.11456448772007333,0.9915168069181661,0.9192961999053868,0.9788246645315646,0.9428571428571428,0.3948303041829811,1.0,0.017123429654752664,1.659732777966546,7.937699301954451,true,/home/export/sgallagh/WeightTraits-pr1-20260713/examples/training/confirm_paper_numbers/assigned_manifests/confirm_paper_tree_009.manifest.jsonl,/home/export/sgallagh/WeightTraits-pr1-20260713/examples/training/confirm_paper_numbers/lora_all_projections_corrected_training_runlists/ledgers/confirm_paper_tree_009.training_ledger.jsonl,outputs/analysis_v20260713/lora_all_projections_corrected/confirm_paper_tree_009/cumulative_leaf_analysis/summary.json,outputs/analysis_v20260713/lora_all_projections_corrected/confirm_paper_tree_009/cumulative_leaf_analysis/score_cosine.json,outputs/analysis_v20260713/lora_all_projections_corrected/confirm_paper_tree_009/cumulative_leaf_analysis/four_point_additivity_cosine.json,outputs/analysis_v20260713/lora_all_projections_corrected/confirm_paper_tree_009/cumulative_leaf_analysis/atteson_margin_cosine.json
confirm_paper_tree_009,adapter_chain,lora_cumulative_delta,l2,direct,biopython_neighbor_joining,dendropy_treecompare,7,216,7,3,4,1,0.14285714285714285,false,true,1.0,0.75,0,1,10.869849624302123,2.530034027952345,15.053444184244357,0.9024863970876443,0.949462364448027,0.9714285714285714,0.345192295712462,1.0,0.44819072748789424,1.3150081713055273,1.625271055767238,true,/home/export/sgallagh/WeightTraits-pr1-20260713/examples/training/confirm_paper_numbers/assigned_manifests/confirm_paper_tree_009.manifest.jsonl,/home/export/sgallagh/WeightTraits-pr1-20260713/examples/training/confirm_paper_numbers/lora_all_projections_corrected_training_runlists/ledgers/confirm_paper_tree_009.training_ledger.jsonl,outputs/analysis_v20260713/lora_all_projections_corrected/confirm_paper_tree_009/cumulative_leaf_analysis/summary.json,outputs/analysis_v20260713/lora_all_projections_corrected/confirm_paper_tree_009/cumulative_leaf_analysis/score_l2.json,outputs/analysis_v20260713/lora_all_projections_corrected/confirm_paper_tree_009/cumulative_leaf_analysis/four_point_additivity_l2.json,outputs/analysis_v20260713/lora_all_projections_corrected/confirm_paper_tree_009/cumulative_leaf_analysis/atteson_margin_l2.json
confirm_paper_tree_010,adapter_chain,lora_cumulative_delta,correlation,direct,biopython_neighbor_joining,dendropy_treecompare,7,216,7,4,4,2,0.25,false,false,0.75,0.75,1,1,0.7407446327557083,0.2200641411856518,0.9898446496163955,0.8567474489795188,0.8567474489795188,0.8857142857142857,0.350170646795768,0.8857142857142857,0.053640258066311286,0.13663267753974132,0.13663267753974132,false,/home/export/sgallagh/WeightTraits-pr1-20260713/examples/training/confirm_paper_numbers/assigned_manifests/confirm_paper_tree_010.manifest.jsonl,/home/export/sgallagh/WeightTraits-pr1-20260713/examples/training/confirm_paper_numbers/lora_all_projections_corrected_training_runlists/ledgers/confirm_paper_tree_010.training_ledger.jsonl,outputs/analysis_v20260713/lora_all_projections_corrected/confirm_paper_tree_010/cumulative_leaf_analysis/summary.json,outputs/analysis_v20260713/lora_all_projections_corrected/confirm_paper_tree_010/cumulative_leaf_analysis/score_correlation.json,outputs/analysis_v20260713/lora_all_projections_corrected/confirm_paper_tree_010/cumulative_leaf_analysis/four_point_additivity_correlation.json,outputs/analysis_v20260713/lora_all_projections_corrected/confirm_paper_tree_010/cumulative_leaf_analysis/atteson_margin_correlation.json
confirm_paper_tree_010,adapter_chain,lora_cumulative_delta,cosine,direct,biopython_neighbor_joining,dendropy_treecompare,7,216,7,4,4,2,0.25,false,false,0.75,0.75,1,1,0.7407444402853659,0.22006407835001185,0.9898445122755947,0.8567477200070625,0.8567477200070625,0.8857142857142857,0.35017075556384514,0.8857142857142857,0.05364019927678737,0.13663235006885718,0.13663235006885718,false,/home/export/sgallagh/WeightTraits-pr1-20260713/examples/training/confirm_paper_numbers/assigned_manifests/confirm_paper_tree_010.manifest.jsonl,/home/export/sgallagh/WeightTraits-pr1-20260713/examples/training/confirm_paper_numbers/lora_all_projections_corrected_training_runlists/ledgers/confirm_paper_tree_010.training_ledger.jsonl,outputs/analysis_v20260713/lora_all_projections_corrected/confirm_paper_tree_010/cumulative_leaf_analysis/summary.json,outputs/analysis_v20260713/lora_all_projections_corrected/confirm_paper_tree_010/cumulative_leaf_analysis/score_cosine.json,outputs/analysis_v20260713/lora_all_projections_corrected/confirm_paper_tree_010/cumulative_leaf_analysis/four_point_additivity_cosine.json,outputs/analysis_v20260713/lora_all_projections_corrected/confirm_paper_tree_010/cumulative_leaf_analysis/atteson_margin_cosine.json
confirm_paper_tree_010,adapter_chain,lora_cumulative_delta,l2,direct,biopython_neighbor_joining,dendropy_treecompare,7,216,7,4,4,2,0.25,false,false,0.75,0.75,1,1,10.5148792666096,4.781319147679468,14.42802528108048,0.8289635113619891,0.8289635113619891,0.8,0.24780471605304552,0.8857142857142857,0.6506991239676223,0.0858245614700198,0.0858245614700198,false,/home/export/sgallagh/WeightTraits-pr1-20260713/examples/training/confirm_paper_numbers/assigned_manifests/confirm_paper_tree_010.manifest.jsonl,/home/export/sgallagh/WeightTraits-pr1-20260713/examples/training/confirm_paper_numbers/lora_all_projections_corrected_training_runlists/ledgers/confirm_paper_tree_010.training_ledger.jsonl,outputs/analysis_v20260713/lora_all_projections_corrected/confirm_paper_tree_010/cumulative_leaf_analysis/summary.json,outputs/analysis_v20260713/lora_all_projections_corrected/confirm_paper_tree_010/cumulative_leaf_analysis/score_l2.json,outputs/analysis_v20260713/lora_all_projections_corrected/confirm_paper_tree_010/cumulative_leaf_analysis/four_point_additivity_l2.json,outputs/analysis_v20260713/lora_all_projections_corrected/confirm_paper_tree_010/cumulative_leaf_analysis/atteson_margin_l2.json
confirm_paper_tree_011,adapter_chain,lora_cumulative_delta,correlation,direct,biopython_neighbor_joining,dendropy_treecompare,8,216,8,3,5,2,0.25,false,true,1.0,0.6,0,2,0.8623676634056,0.5615710735079922,0.9676687487324157,0.6792368701581006,0.740677436967586,0.7571428571428571,0.08728351421988434,1.0,0.059101777549694035,0.7022545444546413,0.7022545444546413,false,/home/export/sgallagh/WeightTraits-pr1-20260713/examples/training/confirm_paper_numbers/assigned_manifests/confirm_paper_tree_011.manifest.jsonl,/home/export/sgallagh/WeightTraits-pr1-20260713/examples/training/confirm_paper_numbers/lora_all_projections_corrected_training_runlists/ledgers/confirm_paper_tree_011.training_ledger.jsonl,outputs/analysis_v20260713/lora_all_projections_corrected/confirm_paper_tree_011/cumulative_leaf_analysis/summary.json,outputs/analysis_v20260713/lora_all_projections_corrected/confirm_paper_tree_011/cumulative_leaf_analysis/score_correlation.json,outputs/analysis_v20260713/lora_all_projections_corrected/confirm_paper_tree_011/cumulative_leaf_analysis/four_point_additivity_correlation.json,outputs/analysis_v20260713/lora_all_projections_corrected/confirm_paper_tree_011/cumulative_leaf_analysis/atteson_margin_correlation.json
confirm_paper_tree_011,adapter_chain,lora_cumulative_delta,cosine,direct,biopython_neighbor_joining,dendropy_treecompare,8,216,8,3,5,2,0.25,false,true,1.0,0.6,0,2,0.8623674712041842,0.5615709530274217,0.967668521699895,0.6792366507694296,0.740677266589926,0.7571428571428571,0.0872835050367368,1.0,0.05910171171344858,0.7022556056951381,0.7022556056951381,false,/home/export/sgallagh/WeightTraits-pr1-20260713/examples/training/confirm_paper_numbers/assigned_manifests/confirm_paper_tree_011.manifest.jsonl,/home/export/sgallagh/WeightTraits-pr1-20260713/examples/training/confirm_paper_numbers/lora_all_projections_corrected_training_runlists/ledgers/confirm_paper_tree_011.training_ledger.jsonl,outputs/analysis_v20260713/lora_all_projections_corrected/confirm_paper_tree_011/cumulative_leaf_analysis/summary.json,outputs/analysis_v20260713/lora_all_projections_corrected/confirm_paper_tree_011/cumulative_leaf_analysis/score_cosine.json,outputs/analysis_v20260713/lora_all_projections_corrected/confirm_paper_tree_011/cumulative_leaf_analysis/four_point_additivity_cosine.json,outputs/analysis_v20260713/lora_all_projections_corrected/confirm_paper_tree_011/cumulative_leaf_analysis/atteson_margin_cosine.json
confirm_paper_tree_011,adapter_chain,lora_cumulative_delta,l2,direct,biopython_neighbor_joining,dendropy_treecompare,8,216,8,3,5,6,0.75,false,false,0.3333333333333333,0.2,2,4,7.940912533570505,3.9401491765515857,11.212373821224652,0.6039980992713024,0.5811567210939413,0.6571428571428571,0.04883694878613467,0.6842105263157895,1.1295580699472527,0.11186044809258078,0.11186044809258078,false,/home/export/sgallagh/WeightTraits-pr1-20260713/examples/training/confirm_paper_numbers/assigned_manifests/confirm_paper_tree_011.manifest.jsonl,/home/export/sgallagh/WeightTraits-pr1-20260713/examples/training/confirm_paper_numbers/lora_all_projections_corrected_training_runlists/ledgers/confirm_paper_tree_011.training_ledger.jsonl,outputs/analysis_v20260713/lora_all_projections_corrected/confirm_paper_tree_011/cumulative_leaf_analysis/summary.json,outputs/analysis_v20260713/lora_all_projections_corrected/confirm_paper_tree_011/cumulative_leaf_analysis/score_l2.json,outputs/analysis_v20260713/lora_all_projections_corrected/confirm_paper_tree_011/cumulative_leaf_analysis/four_point_additivity_l2.json,outputs/analysis_v20260713/lora_all_projections_corrected/confirm_paper_tree_011/cumulative_leaf_analysis/atteson_margin_l2.json
confirm_paper_tree_012,adapter_chain,lora_cumulative_delta,correlation,direct,biopython_neighbor_joining,dendropy_treecompare,9,216,9,3,6,5,0.5555555555555556,false,false,0.6666666666666666,0.3333333333333333,1,4,0.5627785219083589,0.21081347404308137,0.7447222003975725,0.855885823059944,0.8950135545565758,0.9523809523809523,0.1906387602882679,0.8876404494382022,0.06784645580324034,0.0,0.0,false,/home/export/sgallagh/WeightTraits-pr1-20260713/examples/training/confirm_paper_numbers/assigned_manifests/confirm_paper_tree_012.manifest.jsonl,/home/export/sgallagh/WeightTraits-pr1-20260713/examples/training/confirm_paper_numbers/lora_all_projections_corrected_training_runlists/ledgers/confirm_paper_tree_012.training_ledger.jsonl,outputs/analysis_v20260713/lora_all_projections_corrected/confirm_paper_tree_012/cumulative_leaf_analysis/summary.json,outputs/analysis_v20260713/lora_all_projections_corrected/confirm_paper_tree_012/cumulative_leaf_analysis/score_correlation.json,outputs/analysis_v20260713/lora_all_projections_corrected/confirm_paper_tree_012/cumulative_leaf_analysis/four_point_additivity_correlation.json,outputs/analysis_v20260713/lora_all_projections_corrected/confirm_paper_tree_012/cumulative_leaf_analysis/atteson_margin_correlation.json
confirm_paper_tree_012,adapter_chain,lora_cumulative_delta,cosine,direct,biopython_neighbor_joining,dendropy_treecompare,9,216,9,3,6,5,0.5555555555555556,false,false,0.6666666666666666,0.3333333333333333,1,4,0.5627782729431697,0.21081348636379907,0.744721901863884,0.8558857483535255,0.8950136984154045,0.9523809523809523,0.1906387595984563,0.8876404494382022,0.0678463251646827,0.0,0.0,false,/home/export/sgallagh/WeightTraits-pr1-20260713/examples/training/confirm_paper_numbers/assigned_manifests/confirm_paper_tree_012.manifest.jsonl,/home/export/sgallagh/WeightTraits-pr1-20260713/examples/training/confirm_paper_numbers/lora_all_projections_corrected_training_runlists/ledgers/confirm_paper_tree_012.training_ledger.jsonl,outputs/analysis_v20260713/lora_all_projections_corrected/confirm_paper_tree_012/cumulative_leaf_analysis/summary.json,outputs/analysis_v20260713/lora_all_projections_corrected/confirm_paper_tree_012/cumulative_leaf_analysis/score_cosine.json,outputs/analysis_v20260713/lora_all_projections_corrected/confirm_paper_tree_012/cumulative_leaf_analysis/four_point_additivity_cosine.json,outputs/analysis_v20260713/lora_all_projections_corrected/confirm_paper_tree_012/cumulative_leaf_analysis/atteson_margin_cosine.json
confirm_paper_tree_012,adapter_chain,lora_cumulative_delta,l2,direct,biopython_neighbor_joining,dendropy_treecompare,9,216,9,3,6,5,0.5555555555555556,false,false,0.6666666666666666,0.3333333333333333,1,4,5.982266458303002,2.8715761173871095,8.429541204007975,0.829907826463289,0.8715772118433012,0.8650793650793651,0.12568934820540692,0.8651685393258427,0.6691772536753073,0.0,0.0,false,/home/export/sgallagh/WeightTraits-pr1-20260713/examples/training/confirm_paper_numbers/assigned_manifests/confirm_paper_tree_012.manifest.jsonl,/home/export/sgallagh/WeightTraits-pr1-20260713/examples/training/confirm_paper_numbers/lora_all_projections_corrected_training_runlists/ledgers/confirm_paper_tree_012.training_ledger.jsonl,outputs/analysis_v20260713/lora_all_projections_corrected/confirm_paper_tree_012/cumulative_leaf_analysis/summary.json,outputs/analysis_v20260713/lora_all_projections_corrected/confirm_paper_tree_012/cumulative_leaf_analysis/score_l2.json,outputs/analysis_v20260713/lora_all_projections_corrected/confirm_paper_tree_012/cumulative_leaf_analysis/four_point_additivity_l2.json,outputs/analysis_v20260713/lora_all_projections_corrected/confirm_paper_tree_012/cumulative_leaf_analysis/atteson_margin_l2.json
confirm_paper_tree_013,adapter_chain,lora_cumulative_delta,correlation,direct,biopython_neighbor_joining,dendropy_treecompare,9,216,9,3,6,5,0.5555555555555556,false,false,0.6666666666666666,0.3333333333333333,1,4,0.7600402569154014,0.2962710961421988,1.000100959111563,0.8070256058506384,0.864376790876336,0.8809523809523809,0.14844702087125608,0.8840579710144928,0.1350437062840043,0.13616295293822747,0.13616295293822747,false,/home/export/sgallagh/WeightTraits-pr1-20260713/examples/training/confirm_paper_numbers/assigned_manifests/confirm_paper_tree_013.manifest.jsonl,/home/export/sgallagh/WeightTraits-pr1-20260713/examples/training/confirm_paper_numbers/lora_all_projections_corrected_training_runlists/ledgers/confirm_paper_tree_013.training_ledger.jsonl,outputs/analysis_v20260713/lora_all_projections_corrected/confirm_paper_tree_013/cumulative_leaf_analysis/summary.json,outputs/analysis_v20260713/lora_all_projections_corrected/confirm_paper_tree_013/cumulative_leaf_analysis/score_correlation.json,outputs/analysis_v20260713/lora_all_projections_corrected/confirm_paper_tree_013/cumulative_leaf_analysis/four_point_additivity_correlation.json,outputs/analysis_v20260713/lora_all_projections_corrected/confirm_paper_tree_013/cumulative_leaf_analysis/atteson_margin_correlation.json
confirm_paper_tree_013,adapter_chain,lora_cumulative_delta,cosine,direct,biopython_neighbor_joining,dendropy_treecompare,9,216,9,3,6,5,0.5555555555555556,false,false,0.6666666666666666,0.3333333333333333,1,4,0.7600400610050468,0.29627118455398366,1.0001001248463042,0.8070252875185187,0.8643763738182092,0.8809523809523809,0.14844697736052256,0.8840579710144928,0.13504377939182166,0.1361629489580101,0.1361629489580101,false,/home/export/sgallagh/WeightTraits-pr1-20260713/examples/training/confirm_paper_numbers/assigned_manifests/confirm_paper_tree_013.manifest.jsonl,/home/export/sgallagh/WeightTraits-pr1-20260713/examples/training/confirm_paper_numbers/lora_all_projections_corrected_training_runlists/ledgers/confirm_paper_tree_013.training_ledger.jsonl,outputs/analysis_v20260713/lora_all_projections_corrected/confirm_paper_tree_013/cumulative_leaf_analysis/summary.json,outputs/analysis_v20260713/lora_all_projections_corrected/confirm_paper_tree_013/cumulative_leaf_analysis/score_cosine.json,outputs/analysis_v20260713/lora_all_projections_corrected/confirm_paper_tree_013/cumulative_leaf_analysis/four_point_additivity_cosine.json,outputs/analysis_v20260713/lora_all_projections_corrected/confirm_paper_tree_013/cumulative_leaf_analysis/atteson_margin_cosine.json
confirm_paper_tree_013,adapter_chain,lora_cumulative_delta,l2,direct,biopython_neighbor_joining,dendropy_treecompare,9,216,9,3,6,5,0.5555555555555556,false,false,0.6666666666666666,0.3333333333333333,1,4,7.822196479961432,3.2723978114880676,13.412695195755612,0.8522466268820955,0.8311049272940426,0.9285714285714286,0.09764337720099335,0.855072463768116,1.3226916881354676,0.08035294083219177,0.08035294083219177,false,/home/export/sgallagh/WeightTraits-pr1-20260713/examples/training/confirm_paper_numbers/assigned_manifests/confirm_paper_tree_013.manifest.jsonl,/home/export/sgallagh/WeightTraits-pr1-20260713/examples/training/confirm_paper_numbers/lora_all_projections_corrected_training_runlists/ledgers/confirm_paper_tree_013.training_ledger.jsonl,outputs/analysis_v20260713/lora_all_projections_corrected/confirm_paper_tree_013/cumulative_leaf_analysis/summary.json,outputs/analysis_v20260713/lora_all_projections_corrected/confirm_paper_tree_013/cumulative_leaf_analysis/score_l2.json,outputs/analysis_v20260713/lora_all_projections_corrected/confirm_paper_tree_013/cumulative_leaf_analysis/four_point_additivity_l2.json,outputs/analysis_v20260713/lora_all_projections_corrected/confirm_paper_tree_013/cumulative_leaf_analysis/atteson_margin_l2.json
confirm_paper_tree_014,adapter_chain,lora_cumulative_delta,correlation,direct,biopython_neighbor_joining,dendropy_treecompare,8,216,8,4,5,1,0.1111111111111111,false,true,1.0,0.8,0,1,0.644360098953043,0.1678518956579309,0.8274900264270995,0.8079235189940114,0.7987132180354145,0.8571428571428571,0.19521451798698697,0.9846153846153847,0.06658773617702063,0.49547728517706363,0.49547728517706363,false,/home/export/sgallagh/WeightTraits-pr1-20260713/examples/training/confirm_paper_numbers/assigned_manifests/confirm_paper_tree_014.manifest.jsonl,/home/export/sgallagh/WeightTraits-pr1-20260713/examples/training/confirm_paper_numbers/lora_all_projections_corrected_training_runlists/ledgers/confirm_paper_tree_014.training_ledger.jsonl,outputs/analysis_v20260713/lora_all_projections_corrected/confirm_paper_tree_014/cumulative_leaf_analysis/summary.json,outputs/analysis_v20260713/lora_all_projections_corrected/confirm_paper_tree_014/cumulative_leaf_analysis/score_correlation.json,outputs/analysis_v20260713/lora_all_projections_corrected/confirm_paper_tree_014/cumulative_leaf_analysis/four_point_additivity_correlation.json,outputs/analysis_v20260713/lora_all_projections_corrected/confirm_paper_tree_014/cumulative_leaf_analysis/atteson_margin_correlation.json
confirm_paper_tree_014,adapter_chain,lora_cumulative_delta,cosine,direct,biopython_neighbor_joining,dendropy_treecompare,8,216,8,4,5,1,0.1111111111111111,false,true,1.0,0.8,0,1,0.6443600035584437,0.16785193603575893,0.8274896102306317,0.8079233860282173,0.7987130958967655,0.8571428571428571,0.1952144739679429,0.9846153846153847,0.06658779176949658,0.49547725091167516,0.49547725091167516,false,/home/export/sgallagh/WeightTraits-pr1-20260713/examples/training/confirm_paper_numbers/assigned_manifests/confirm_paper_tree_014.manifest.jsonl,/home/export/sgallagh/WeightTraits-pr1-20260713/examples/training/confirm_paper_numbers/lora_all_projections_corrected_training_runlists/ledgers/confirm_paper_tree_014.training_ledger.jsonl,outputs/analysis_v20260713/lora_all_projections_corrected/confirm_paper_tree_014/cumulative_leaf_analysis/summary.json,outputs/analysis_v20260713/lora_all_projections_corrected/confirm_paper_tree_014/cumulative_leaf_analysis/score_cosine.json,outputs/analysis_v20260713/lora_all_projections_corrected/confirm_paper_tree_014/cumulative_leaf_analysis/four_point_additivity_cosine.json,outputs/analysis_v20260713/lora_all_projections_corrected/confirm_paper_tree_014/cumulative_leaf_analysis/atteson_margin_cosine.json
confirm_paper_tree_014,adapter_chain,lora_cumulative_delta,l2,direct,biopython_neighbor_joining,dendropy_treecompare,8,216,8,4,5,1,0.1111111111111111,false,true,1.0,0.8,0,1,9.294902849044048,3.1914103693610563,13.763903194704714,0.7509009270060932,0.733315268580778,0.7285714285714285,0.10683057131390182,0.9538461538461539,0.990015455903063,0.21760197870537687,0.21760197870537687,false,/home/export/sgallagh/WeightTraits-pr1-20260713/examples/training/confirm_paper_numbers/assigned_manifests/confirm_paper_tree_014.manifest.jsonl,/home/export/sgallagh/WeightTraits-pr1-20260713/examples/training/confirm_paper_numbers/lora_all_projections_corrected_training_runlists/ledgers/confirm_paper_tree_014.training_ledger.jsonl,outputs/analysis_v20260713/lora_all_projections_corrected/confirm_paper_tree_014/cumulative_leaf_analysis/summary.json,outputs/analysis_v20260713/lora_all_projections_corrected/confirm_paper_tree_014/cumulative_leaf_analysis/score_l2.json,outputs/analysis_v20260713/lora_all_projections_corrected/confirm_paper_tree_014/cumulative_leaf_analysis/four_point_additivity_l2.json,outputs/analysis_v20260713/lora_all_projections_corrected/confirm_paper_tree_014/cumulative_leaf_analysis/atteson_margin_l2.json
confirm_paper_tree_015,adapter_chain,lora_cumulative_delta,correlation,direct,biopython_neighbor_joining,dendropy_treecompare,4,216,4,0,1,1,1.0,false,true,1.0,0.0,0,1,0.7304891223227652,0.6272544344523403,0.8370954285113612,0.9843674855529504,,1.0,0.006957982860323979,,0.0034532302243882596,44.252873358075476,,true,/home/export/sgallagh/WeightTraits-pr1-20260713/examples/training/confirm_paper_numbers/assigned_manifests/confirm_paper_tree_015.manifest.jsonl,/home/export/sgallagh/WeightTraits-pr1-20260713/examples/training/confirm_paper_numbers/lora_all_projections_corrected_training_runlists/ledgers/confirm_paper_tree_015.training_ledger.jsonl,outputs/analysis_v20260713/lora_all_projections_corrected/confirm_paper_tree_015/cumulative_leaf_analysis/summary.json,outputs/analysis_v20260713/lora_all_projections_corrected/confirm_paper_tree_015/cumulative_leaf_analysis/score_correlation.json,outputs/analysis_v20260713/lora_all_projections_corrected/confirm_paper_tree_015/cumulative_leaf_analysis/four_point_additivity_correlation.json,outputs/analysis_v20260713/lora_all_projections_corrected/confirm_paper_tree_015/cumulative_leaf_analysis/atteson_margin_correlation.json
confirm_paper_tree_015,adapter_chain,lora_cumulative_delta,cosine,direct,biopython_neighbor_joining,dendropy_treecompare,4,216,4,0,1,1,1.0,false,true,1.0,0.0,0,1,0.7304888738279735,0.6272542904678551,0.8370951420923889,0.9843746855864143,,1.0,0.006958121290991256,,0.003453259620069371,44.252513546815706,,true,/home/export/sgallagh/WeightTraits-pr1-20260713/examples/training/confirm_paper_numbers/assigned_manifests/confirm_paper_tree_015.manifest.jsonl,/home/export/sgallagh/WeightTraits-pr1-20260713/examples/training/confirm_paper_numbers/lora_all_projections_corrected_training_runlists/ledgers/confirm_paper_tree_015.training_ledger.jsonl,outputs/analysis_v20260713/lora_all_projections_corrected/confirm_paper_tree_015/cumulative_leaf_analysis/summary.json,outputs/analysis_v20260713/lora_all_projections_corrected/confirm_paper_tree_015/cumulative_leaf_analysis/score_cosine.json,outputs/analysis_v20260713/lora_all_projections_corrected/confirm_paper_tree_015/cumulative_leaf_analysis/four_point_additivity_cosine.json,outputs/analysis_v20260713/lora_all_projections_corrected/confirm_paper_tree_015/cumulative_leaf_analysis/atteson_margin_cosine.json
confirm_paper_tree_015,adapter_chain,lora_cumulative_delta,l2,direct,biopython_neighbor_joining,dendropy_treecompare,4,216,4,0,1,1,1.0,false,true,1.0,0.0,0,1,10.257278374745008,8.300145663439972,11.657374136435008,0.9676928211420661,,1.0,0.03827285887655791,,0.2785184748075178,7.454079494630551,,true,/home/export/sgallagh/WeightTraits-pr1-20260713/examples/training/confirm_paper_numbers/assigned_manifests/confirm_paper_tree_015.manifest.jsonl,/home/export/sgallagh/WeightTraits-pr1-20260713/examples/training/confirm_paper_numbers/lora_all_projections_corrected_training_runlists/ledgers/confirm_paper_tree_015.training_ledger.jsonl,outputs/analysis_v20260713/lora_all_projections_corrected/confirm_paper_tree_015/cumulative_leaf_analysis/summary.json,outputs/analysis_v20260713/lora_all_projections_corrected/confirm_paper_tree_015/cumulative_leaf_analysis/score_l2.json,outputs/analysis_v20260713/lora_all_projections_corrected/confirm_paper_tree_015/cumulative_leaf_analysis/four_point_additivity_l2.json,outputs/analysis_v20260713/lora_all_projections_corrected/confirm_paper_tree_015/cumulative_leaf_analysis/atteson_margin_l2.json
confirm_paper_tree_016,adapter_chain,lora_cumulative_delta,correlation,direct,biopython_neighbor_joining,dendropy_treecompare,10,216,10,4,7,3,0.2727272727272727,false,true,1.0,0.5714285714285714,0,3,0.8757697144456237,0.33613167310590386,0.996624092533956,0.7616517703115994,0.757573641986681,0.7952380952380952,0.15659161551742434,0.8314606741573034,0.20423467551855223,0.09374781131362778,0.09374781131362778,false,/home/export/sgallagh/WeightTraits-pr1-20260713/examples/training/confirm_paper_numbers/assigned_manifests/confirm_paper_tree_016.manifest.jsonl,/home/export/sgallagh/WeightTraits-pr1-20260713/examples/training/confirm_paper_numbers/lora_all_projections_corrected_training_runlists/ledgers/confirm_paper_tree_016.training_ledger.jsonl,outputs/analysis_v20260713/lora_all_projections_corrected/confirm_paper_tree_016/cumulative_leaf_analysis/summary.json,outputs/analysis_v20260713/lora_all_projections_corrected/confirm_paper_tree_016/cumulative_leaf_analysis/score_correlation.json,outputs/analysis_v20260713/lora_all_projections_corrected/confirm_paper_tree_016/cumulative_leaf_analysis/four_point_additivity_correlation.json,outputs/analysis_v20260713/lora_all_projections_corrected/confirm_paper_tree_016/cumulative_leaf_analysis/atteson_margin_correlation.json
confirm_paper_tree_016,adapter_chain,lora_cumulative_delta,cosine,direct,biopython_neighbor_joining,dendropy_treecompare,10,216,10,4,7,3,0.2727272727272727,false,true,1.0,0.5714285714285714,0,3,0.8757695379908157,0.3361316049966842,0.9966237550835606,0.7616519574909151,0.7575737739757923,0.7952380952380952,0.15659160233296218,0.8314606741573034,0.20423472003549314,0.09374757920181066,0.09374757920181066,false,/home/export/sgallagh/WeightTraits-pr1-20260713/examples/training/confirm_paper_numbers/assigned_manifests/confirm_paper_tree_016.manifest.jsonl,/home/export/sgallagh/WeightTraits-pr1-20260713/examples/training/confirm_paper_numbers/lora_all_projections_corrected_training_runlists/ledgers/confirm_paper_tree_016.training_ledger.jsonl,outputs/analysis_v20260713/lora_all_projections_corrected/confirm_paper_tree_016/cumulative_leaf_analysis/summary.json,outputs/analysis_v20260713/lora_all_projections_corrected/confirm_paper_tree_016/cumulative_leaf_analysis/score_cosine.json,outputs/analysis_v20260713/lora_all_projections_corrected/confirm_paper_tree_016/cumulative_leaf_analysis/four_point_additivity_cosine.json,outputs/analysis_v20260713/lora_all_projections_corrected/confirm_paper_tree_016/cumulative_leaf_analysis/atteson_margin_cosine.json
confirm_paper_tree_016,adapter_chain,lora_cumulative_delta,l2,direct,biopython_neighbor_joining,dendropy_treecompare,10,216,10,4,7,3,0.2727272727272727,false,true,1.0,0.5714285714285714,0,3,7.470161256236569,3.477191113125446,12.092980496584655,0.7229135611067878,0.7085517932776142,0.780952380952381,0.09274794673215786,0.8089887640449438,0.9163905595217221,0.06521860355491094,0.06521860355491094,false,/home/export/sgallagh/WeightTraits-pr1-20260713/examples/training/confirm_paper_numbers/assigned_manifests/confirm_paper_tree_016.manifest.jsonl,/home/export/sgallagh/WeightTraits-pr1-20260713/examples/training/confirm_paper_numbers/lora_all_projections_corrected_training_runlists/ledgers/confirm_paper_tree_016.training_ledger.jsonl,outputs/analysis_v20260713/lora_all_projections_corrected/confirm_paper_tree_016/cumulative_leaf_analysis/summary.json,outputs/analysis_v20260713/lora_all_projections_corrected/confirm_paper_tree_016/cumulative_leaf_analysis/score_l2.json,outputs/analysis_v20260713/lora_all_projections_corrected/confirm_paper_tree_016/cumulative_leaf_analysis/four_point_additivity_l2.json,outputs/analysis_v20260713/lora_all_projections_corrected/confirm_paper_tree_016/cumulative_leaf_analysis/atteson_margin_l2.json
confirm_paper_tree_017,adapter_chain,lora_cumulative_delta,correlation,direct,biopython_neighbor_joining,dendropy_treecompare,7,216,7,2,4,4,0.6666666666666666,false,false,0.5,0.25,1,3,0.8774755108676812,0.26095452033821376,0.9939557925579153,0.8105473230556355,0.8566629721095993,0.9428571428571428,0.15606532147895394,0.8,0.06018756786999069,0.0,0.0,false,/home/export/sgallagh/WeightTraits-pr1-20260713/examples/training/confirm_paper_numbers/assigned_manifests/confirm_paper_tree_017.manifest.jsonl,/home/export/sgallagh/WeightTraits-pr1-20260713/examples/training/confirm_paper_numbers/lora_all_projections_corrected_training_runlists/ledgers/confirm_paper_tree_017.training_ledger.jsonl,outputs/analysis_v20260713/lora_all_projections_corrected/confirm_paper_tree_017/cumulative_leaf_analysis/summary.json,outputs/analysis_v20260713/lora_all_projections_corrected/confirm_paper_tree_017/cumulative_leaf_analysis/score_correlation.json,outputs/analysis_v20260713/lora_all_projections_corrected/confirm_paper_tree_017/cumulative_leaf_analysis/four_point_additivity_correlation.json,outputs/analysis_v20260713/lora_all_projections_corrected/confirm_paper_tree_017/cumulative_leaf_analysis/atteson_margin_correlation.json
confirm_paper_tree_017,adapter_chain,lora_cumulative_delta,cosine,direct,biopython_neighbor_joining,dendropy_treecompare,7,216,7,2,4,4,0.6666666666666666,false,false,0.5,0.25,1,3,0.8774749222425173,0.2609542088022044,0.9939559331661592,0.8105482449340572,0.8566618636191524,0.9428571428571428,0.15606527440046802,0.8,0.06018743396000592,0.0,0.0,false,/home/export/sgallagh/WeightTraits-pr1-20260713/examples/training/confirm_paper_numbers/assigned_manifests/confirm_paper_tree_017.manifest.jsonl,/home/export/sgallagh/WeightTraits-pr1-20260713/examples/training/confirm_paper_numbers/lora_all_projections_corrected_training_runlists/ledgers/confirm_paper_tree_017.training_ledger.jsonl,outputs/analysis_v20260713/lora_all_projections_corrected/confirm_paper_tree_017/cumulative_leaf_analysis/summary.json,outputs/analysis_v20260713/lora_all_projections_corrected/confirm_paper_tree_017/cumulative_leaf_analysis/score_cosine.json,outputs/analysis_v20260713/lora_all_projections_corrected/confirm_paper_tree_017/cumulative_leaf_analysis/four_point_additivity_cosine.json,outputs/analysis_v20260713/lora_all_projections_corrected/confirm_paper_tree_017/cumulative_leaf_analysis/atteson_margin_cosine.json
confirm_paper_tree_017,adapter_chain,lora_cumulative_delta,l2,direct,biopython_neighbor_joining,dendropy_treecompare,7,216,7,2,4,4,0.6666666666666666,false,false,0.5,0.25,1,3,9.021802159367192,4.791499464107694,12.671638807073096,0.8966864299541171,0.9288922378152834,0.9714285714285714,0.15737404380254683,0.72,0.5080434817425168,0.0,0.0,false,/home/export/sgallagh/WeightTraits-pr1-20260713/examples/training/confirm_paper_numbers/assigned_manifests/confirm_paper_tree_017.manifest.jsonl,/home/export/sgallagh/WeightTraits-pr1-20260713/examples/training/confirm_paper_numbers/lora_all_projections_corrected_training_runlists/ledgers/confirm_paper_tree_017.training_ledger.jsonl,outputs/analysis_v20260713/lora_all_projections_corrected/confirm_paper_tree_017/cumulative_leaf_analysis/summary.json,outputs/analysis_v20260713/lora_all_projections_corrected/confirm_paper_tree_017/cumulative_leaf_analysis/score_l2.json,outputs/analysis_v20260713/lora_all_projections_corrected/confirm_paper_tree_017/cumulative_leaf_analysis/four_point_additivity_l2.json,outputs/analysis_v20260713/lora_all_projections_corrected/confirm_paper_tree_017/cumulative_leaf_analysis/atteson_margin_l2.json
confirm_paper_tree_018,adapter_chain,lora_cumulative_delta,correlation,direct,biopython_neighbor_joining,dendropy_treecompare,9,216,9,4,6,2,0.2,false,true,1.0,0.6666666666666666,0,2,0.6787295671457865,0.008813584330081477,0.8376924475002198,0.946349187692932,0.9542047247479843,1.0,0.28018092225072244,1.0,0.08667932355572636,0.2739197101580726,0.8370482349142634,false,/home/export/sgallagh/WeightTraits-pr1-20260713/examples/training/confirm_paper_numbers/assigned_manifests/confirm_paper_tree_018.manifest.jsonl,/home/export/sgallagh/WeightTraits-pr1-20260713/examples/training/confirm_paper_numbers/lora_all_projections_corrected_training_runlists/ledgers/confirm_paper_tree_018.training_ledger.jsonl,outputs/analysis_v20260713/lora_all_projections_corrected/confirm_paper_tree_018/cumulative_leaf_analysis/summary.json,outputs/analysis_v20260713/lora_all_projections_corrected/confirm_paper_tree_018/cumulative_leaf_analysis/score_correlation.json,outputs/analysis_v20260713/lora_all_projections_corrected/confirm_paper_tree_018/cumulative_leaf_analysis/four_point_additivity_correlation.json,outputs/analysis_v20260713/lora_all_projections_corrected/confirm_paper_tree_018/cumulative_leaf_analysis/atteson_margin_correlation.json
confirm_paper_tree_018,adapter_chain,lora_cumulative_delta,cosine,direct,biopython_neighbor_joining,dendropy_treecompare,9,216,9,4,6,2,0.2,false,true,1.0,0.6666666666666666,0,2,0.6787292354126828,0.008813579378499383,0.8376920710981615,0.9463491874695406,0.9542047289725233,1.0,0.28018087974050665,1.0,0.08667928441779135,0.27391971659866415,0.8370479034534809,false,/home/export/sgallagh/WeightTraits-pr1-20260713/examples/training/confirm_paper_numbers/assigned_manifests/confirm_paper_tree_018.manifest.jsonl,/home/export/sgallagh/WeightTraits-pr1-20260713/examples/training/confirm_paper_numbers/lora_all_projections_corrected_training_runlists/ledgers/confirm_paper_tree_018.training_ledger.jsonl,outputs/analysis_v20260713/lora_all_projections_corrected/confirm_paper_tree_018/cumulative_leaf_analysis/summary.json,outputs/analysis_v20260713/lora_all_projections_corrected/confirm_paper_tree_018/cumulative_leaf_analysis/score_cosine.json,outputs/analysis_v20260713/lora_all_projections_corrected/confirm_paper_tree_018/cumulative_leaf_analysis/four_point_additivity_cosine.json,outputs/analysis_v20260713/lora_all_projections_corrected/confirm_paper_tree_018/cumulative_leaf_analysis/atteson_margin_cosine.json
confirm_paper_tree_018,adapter_chain,lora_cumulative_delta,l2,direct,biopython_neighbor_joining,dendropy_treecompare,9,216,9,4,6,2,0.2,false,true,1.0,0.6666666666666666,0,2,6.903859401680069,0.572367638266485,9.174119997160334,0.9527621781597073,0.9560701974972624,1.0,0.19896758650290328,1.0,1.5215190990639638,0.24986711439833287,0.24986711439833287,false,/home/export/sgallagh/WeightTraits-pr1-20260713/examples/training/confirm_paper_numbers/assigned_manifests/confirm_paper_tree_018.manifest.jsonl,/home/export/sgallagh/WeightTraits-pr1-20260713/examples/training/confirm_paper_numbers/lora_all_projections_corrected_training_runlists/ledgers/confirm_paper_tree_018.training_ledger.jsonl,outputs/analysis_v20260713/lora_all_projections_corrected/confirm_paper_tree_018/cumulative_leaf_analysis/summary.json,outputs/analysis_v20260713/lora_all_projections_corrected/confirm_paper_tree_018/cumulative_leaf_analysis/score_l2.json,outputs/analysis_v20260713/lora_all_projections_corrected/confirm_paper_tree_018/cumulative_leaf_analysis/four_point_additivity_l2.json,outputs/analysis_v20260713/lora_all_projections_corrected/confirm_paper_tree_018/cumulative_leaf_analysis/atteson_margin_l2.json
confirm_paper_tree_019,adapter_chain,lora_cumulative_delta,correlation,direct,biopython_neighbor_joining,dendropy_treecompare,7,216,7,4,4,0,0.0,true,true,1.0,1.0,0,0,0.8634960134302038,0.11732382001820411,0.9947961491141926,0.9190480085922056,0.9190480085922056,1.0,0.23103960958509337,1.0,0.01329150699535675,1.6126110584894096,1.6126110584894096,true,/home/export/sgallagh/WeightTraits-pr1-20260713/examples/training/confirm_paper_numbers/assigned_manifests/confirm_paper_tree_019.manifest.jsonl,/home/export/sgallagh/WeightTraits-pr1-20260713/examples/training/confirm_paper_numbers/lora_all_projections_corrected_training_runlists/ledgers/confirm_paper_tree_019.training_ledger.jsonl,outputs/analysis_v20260713/lora_all_projections_corrected/confirm_paper_tree_019/cumulative_leaf_analysis/summary.json,outputs/analysis_v20260713/lora_all_projections_corrected/confirm_paper_tree_019/cumulative_leaf_analysis/score_correlation.json,outputs/analysis_v20260713/lora_all_projections_corrected/confirm_paper_tree_019/cumulative_leaf_analysis/four_point_additivity_correlation.json,outputs/analysis_v20260713/lora_all_projections_corrected/confirm_paper_tree_019/cumulative_leaf_analysis/atteson_margin_correlation.json
confirm_paper_tree_019,adapter_chain,lora_cumulative_delta,cosine,direct,biopython_neighbor_joining,dendropy_treecompare,7,216,7,4,4,0,0.0,true,true,1.0,1.0,0,0,0.8634956393307315,0.11732366647621682,0.9947955921173666,0.9190478919396489,0.9190478919396489,1.0,0.23103952871222516,1.0,0.01329146723323471,1.6126174377202493,1.6126174377202493,true,/home/export/sgallagh/WeightTraits-pr1-20260713/examples/training/confirm_paper_numbers/assigned_manifests/confirm_paper_tree_019.manifest.jsonl,/home/export/sgallagh/WeightTraits-pr1-20260713/examples/training/confirm_paper_numbers/lora_all_projections_corrected_training_runlists/ledgers/confirm_paper_tree_019.training_ledger.jsonl,outputs/analysis_v20260713/lora_all_projections_corrected/confirm_paper_tree_019/cumulative_leaf_analysis/summary.json,outputs/analysis_v20260713/lora_all_projections_corrected/confirm_paper_tree_019/cumulative_leaf_analysis/score_cosine.json,outputs/analysis_v20260713/lora_all_projections_corrected/confirm_paper_tree_019/cumulative_leaf_analysis/four_point_additivity_cosine.json,outputs/analysis_v20260713/lora_all_projections_corrected/confirm_paper_tree_019/cumulative_leaf_analysis/atteson_margin_cosine.json
confirm_paper_tree_019,adapter_chain,lora_cumulative_delta,l2,direct,biopython_neighbor_joining,dendropy_treecompare,7,216,7,4,4,2,0.25,false,false,0.75,0.75,1,1,11.137169463670958,4.9406960321562075,15.480370166606535,0.7318871108219241,0.7318871108219241,0.7142857142857143,0.264745326960458,0.7142857142857143,0.3409723488737004,0.0,0.0,false,/home/export/sgallagh/WeightTraits-pr1-20260713/examples/training/confirm_paper_numbers/assigned_manifests/confirm_paper_tree_019.manifest.jsonl,/home/export/sgallagh/WeightTraits-pr1-20260713/examples/training/confirm_paper_numbers/lora_all_projections_corrected_training_runlists/ledgers/confirm_paper_tree_019.training_ledger.jsonl,outputs/analysis_v20260713/lora_all_projections_corrected/confirm_paper_tree_019/cumulative_leaf_analysis/summary.json,outputs/analysis_v20260713/lora_all_projections_corrected/confirm_paper_tree_019/cumulative_leaf_analysis/score_l2.json,outputs/analysis_v20260713/lora_all_projections_corrected/confirm_paper_tree_019/cumulative_leaf_analysis/four_point_additivity_l2.json,outputs/analysis_v20260713/lora_all_projections_corrected/confirm_paper_tree_019/cumulative_leaf_analysis/atteson_margin_l2.json
confirm_paper_tree_020,adapter_chain,lora_cumulative_delta,correlation,direct,biopython_neighbor_joining,dendropy_treecompare,4,216,4,0,1,1,1.0,false,true,1.0,0.0,0,1,0.11166444394507775,0.044216740438356376,0.17422344477189822,0.6801970727162057,,1.0,0.019043314379834406,,0.00262157928837764,1.0553569441772592,,true,/home/export/sgallagh/WeightTraits-pr1-20260713/examples/training/confirm_paper_numbers/assigned_manifests/confirm_paper_tree_020.manifest.jsonl,/home/export/sgallagh/WeightTraits-pr1-20260713/examples/training/confirm_paper_numbers/lora_all_projections_corrected_training_runlists/ledgers/confirm_paper_tree_020.training_ledger.jsonl,outputs/analysis_v20260713/lora_all_projections_corrected/confirm_paper_tree_020/cumulative_leaf_analysis/summary.json,outputs/analysis_v20260713/lora_all_projections_corrected/confirm_paper_tree_020/cumulative_leaf_analysis/score_correlation.json,outputs/analysis_v20260713/lora_all_projections_corrected/confirm_paper_tree_020/cumulative_leaf_analysis/four_point_additivity_correlation.json,outputs/analysis_v20260713/lora_all_projections_corrected/confirm_paper_tree_020/cumulative_leaf_analysis/atteson_margin_correlation.json
confirm_paper_tree_020,adapter_chain,lora_cumulative_delta,cosine,direct,biopython_neighbor_joining,dendropy_treecompare,4,216,4,0,1,1,1.0,false,true,1.0,0.0,0,1,0.11166434723189739,0.04421668120236652,0.17422328756848302,0.6801980354413573,,1.0,0.019043343955356642,,0.0026215750734215892,1.0553571557443562,,true,/home/export/sgallagh/WeightTraits-pr1-20260713/examples/training/confirm_paper_numbers/assigned_manifests/confirm_paper_tree_020.manifest.jsonl,/home/export/sgallagh/WeightTraits-pr1-20260713/examples/training/confirm_paper_numbers/lora_all_projections_corrected_training_runlists/ledgers/confirm_paper_tree_020.training_ledger.jsonl,outputs/analysis_v20260713/lora_all_projections_corrected/confirm_paper_tree_020/cumulative_leaf_analysis/summary.json,outputs/analysis_v20260713/lora_all_projections_corrected/confirm_paper_tree_020/cumulative_leaf_analysis/score_cosine.json,outputs/analysis_v20260713/lora_all_projections_corrected/confirm_paper_tree_020/cumulative_leaf_analysis/four_point_additivity_cosine.json,outputs/analysis_v20260713/lora_all_projections_corrected/confirm_paper_tree_020/cumulative_leaf_analysis/atteson_margin_cosine.json
confirm_paper_tree_020,adapter_chain,lora_cumulative_delta,l2,direct,biopython_neighbor_joining,dendropy_treecompare,4,216,4,0,1,1,1.0,false,true,1.0,0.0,0,1,3.8821127849994572,1.968031937439409,5.445831243177512,0.6244149847235987,,1.0,0.03129708024529283,,0.1751811946909969,2.1086140311231416,,true,/home/export/sgallagh/WeightTraits-pr1-20260713/examples/training/confirm_paper_numbers/assigned_manifests/confirm_paper_tree_020.manifest.jsonl,/home/export/sgallagh/WeightTraits-pr1-20260713/examples/training/confirm_paper_numbers/lora_all_projections_corrected_training_runlists/ledgers/confirm_paper_tree_020.training_ledger.jsonl,outputs/analysis_v20260713/lora_all_projections_corrected/confirm_paper_tree_020/cumulative_leaf_analysis/summary.json,outputs/analysis_v20260713/lora_all_projections_corrected/confirm_paper_tree_020/cumulative_leaf_analysis/score_l2.json,outputs/analysis_v20260713/lora_all_projections_corrected/confirm_paper_tree_020/cumulative_leaf_analysis/four_point_additivity_l2.json,outputs/analysis_v20260713/lora_all_projections_corrected/confirm_paper_tree_020/cumulative_leaf_analysis/atteson_margin_l2.json
confirm_paper_tree_021,adapter_chain,lora_cumulative_delta,correlation,direct,biopython_neighbor_joining,dendropy_treecompare,7,216,7,2,4,2,0.3333333333333333,false,true,1.0,0.5,0,2,0.7454969871905583,0.06648202225187047,0.9922119353515099,0.7811029521324238,0.9622948162136301,0.8285714285714286,0.26546325085916544,1.0,0.14309310710902157,0.11210038094650236,0.770650219737358,false,/home/export/sgallagh/WeightTraits-pr1-20260713/examples/training/confirm_paper_numbers/assigned_manifests/confirm_paper_tree_021.manifest.jsonl,/home/export/sgallagh/WeightTraits-pr1-20260713/examples/training/confirm_paper_numbers/lora_all_projections_corrected_training_runlists/ledgers/confirm_paper_tree_021.training_ledger.jsonl,outputs/analysis_v20260713/lora_all_projections_corrected/confirm_paper_tree_021/cumulative_leaf_analysis/summary.json,outputs/analysis_v20260713/lora_all_projections_corrected/confirm_paper_tree_021/cumulative_leaf_analysis/score_correlation.json,outputs/analysis_v20260713/lora_all_projections_corrected/confirm_paper_tree_021/cumulative_leaf_analysis/four_point_additivity_correlation.json,outputs/analysis_v20260713/lora_all_projections_corrected/confirm_paper_tree_021/cumulative_leaf_analysis/atteson_margin_correlation.json
confirm_paper_tree_021,adapter_chain,lora_cumulative_delta,cosine,direct,biopython_neighbor_joining,dendropy_treecompare,7,216,7,2,4,2,0.3333333333333333,false,true,1.0,0.5,0,2,0.7454967212943695,0.06648194564777797,0.992211514901786,0.7811031268141687,0.9622948777403206,0.8285714285714286,0.2654633943991313,1.0,0.1430933457114876,0.11210002751317892,0.7706488040387816,false,/home/export/sgallagh/WeightTraits-pr1-20260713/examples/training/confirm_paper_numbers/assigned_manifests/confirm_paper_tree_021.manifest.jsonl,/home/export/sgallagh/WeightTraits-pr1-20260713/examples/training/confirm_paper_numbers/lora_all_projections_corrected_training_runlists/ledgers/confirm_paper_tree_021.training_ledger.jsonl,outputs/analysis_v20260713/lora_all_projections_corrected/confirm_paper_tree_021/cumulative_leaf_analysis/summary.json,outputs/analysis_v20260713/lora_all_projections_corrected/confirm_paper_tree_021/cumulative_leaf_analysis/score_cosine.json,outputs/analysis_v20260713/lora_all_projections_corrected/confirm_paper_tree_021/cumulative_leaf_analysis/four_point_additivity_cosine.json,outputs/analysis_v20260713/lora_all_projections_corrected/confirm_paper_tree_021/cumulative_leaf_analysis/atteson_margin_cosine.json
confirm_paper_tree_021,adapter_chain,lora_cumulative_delta,l2,direct,biopython_neighbor_joining,dendropy_treecompare,7,216,7,2,4,2,0.3333333333333333,false,true,1.0,0.5,0,2,10.594385034539693,2.5717951333354674,13.88668466676858,0.8221561421429631,0.9343989466025397,0.8857142857142857,0.22074106820245912,1.0,1.5619675146614176,0.3987837603448212,0.4503348175521873,false,/home/export/sgallagh/WeightTraits-pr1-20260713/examples/training/confirm_paper_numbers/assigned_manifests/confirm_paper_tree_021.manifest.jsonl,/home/export/sgallagh/WeightTraits-pr1-20260713/examples/training/confirm_paper_numbers/lora_all_projections_corrected_training_runlists/ledgers/confirm_paper_tree_021.training_ledger.jsonl,outputs/analysis_v20260713/lora_all_projections_corrected/confirm_paper_tree_021/cumulative_leaf_analysis/summary.json,outputs/analysis_v20260713/lora_all_projections_corrected/confirm_paper_tree_021/cumulative_leaf_analysis/score_l2.json,outputs/analysis_v20260713/lora_all_projections_corrected/confirm_paper_tree_021/cumulative_leaf_analysis/four_point_additivity_l2.json,outputs/analysis_v20260713/lora_all_projections_corrected/confirm_paper_tree_021/cumulative_leaf_analysis/atteson_margin_l2.json
confirm_paper_tree_022,adapter_chain,lora_cumulative_delta,correlation,direct,biopython_neighbor_joining,dendropy_treecompare,4,216,4,1,1,0,0.0,true,true,1.0,1.0,0,0,0.6420320161924203,0.25449707467499544,0.8129722622508754,0.9737801343410685,0.9737801343410685,1.0,0.4949755354487899,1.0,0.005019850936568315,11.125395100524221,37.63902073551709,true,/home/export/sgallagh/WeightTraits-pr1-20260713/examples/training/confirm_paper_numbers/assigned_manifests/confirm_paper_tree_022.manifest.jsonl,/home/export/sgallagh/WeightTraits-pr1-20260713/examples/training/confirm_paper_numbers/lora_all_projections_corrected_training_runlists/ledgers/confirm_paper_tree_022.training_ledger.jsonl,outputs/analysis_v20260713/lora_all_projections_corrected/confirm_paper_tree_022/cumulative_leaf_analysis/summary.json,outputs/analysis_v20260713/lora_all_projections_corrected/confirm_paper_tree_022/cumulative_leaf_analysis/score_correlation.json,outputs/analysis_v20260713/lora_all_projections_corrected/confirm_paper_tree_022/cumulative_leaf_analysis/four_point_additivity_correlation.json,outputs/analysis_v20260713/lora_all_projections_corrected/confirm_paper_tree_022/cumulative_leaf_analysis/atteson_margin_correlation.json
confirm_paper_tree_022,adapter_chain,lora_cumulative_delta,cosine,direct,biopython_neighbor_joining,dendropy_treecompare,4,216,4,1,1,0,0.0,true,true,1.0,1.0,0,0,0.6420319324769811,0.2544971569999024,0.8129720104216147,0.9737800631467849,0.9737800631467849,1.0,0.49497519680621066,1.0,0.005019861492480793,11.125372331584103,37.63891717766865,true,/home/export/sgallagh/WeightTraits-pr1-20260713/examples/training/confirm_paper_numbers/assigned_manifests/confirm_paper_tree_022.manifest.jsonl,/home/export/sgallagh/WeightTraits-pr1-20260713/examples/training/confirm_paper_numbers/lora_all_projections_corrected_training_runlists/ledgers/confirm_paper_tree_022.training_ledger.jsonl,outputs/analysis_v20260713/lora_all_projections_corrected/confirm_paper_tree_022/cumulative_leaf_analysis/summary.json,outputs/analysis_v20260713/lora_all_projections_corrected/confirm_paper_tree_022/cumulative_leaf_analysis/score_cosine.json,outputs/analysis_v20260713/lora_all_projections_corrected/confirm_paper_tree_022/cumulative_leaf_analysis/four_point_additivity_cosine.json,outputs/analysis_v20260713/lora_all_projections_corrected/confirm_paper_tree_022/cumulative_leaf_analysis/atteson_margin_cosine.json
confirm_paper_tree_022,adapter_chain,lora_cumulative_delta,l2,direct,biopython_neighbor_joining,dendropy_treecompare,4,216,4,1,1,0,0.0,true,true,1.0,1.0,0,0,9.66349376436204,6.085446647913458,12.492329630660272,0.9448934850747532,0.9448934850747532,1.0,0.29269214267255567,1.0,0.08650575845873831,14.370090978916725,17.646674696435685,true,/home/export/sgallagh/WeightTraits-pr1-20260713/examples/training/confirm_paper_numbers/assigned_manifests/confirm_paper_tree_022.manifest.jsonl,/home/export/sgallagh/WeightTraits-pr1-20260713/examples/training/confirm_paper_numbers/lora_all_projections_corrected_training_runlists/ledgers/confirm_paper_tree_022.training_ledger.jsonl,outputs/analysis_v20260713/lora_all_projections_corrected/confirm_paper_tree_022/cumulative_leaf_analysis/summary.json,outputs/analysis_v20260713/lora_all_projections_corrected/confirm_paper_tree_022/cumulative_leaf_analysis/score_l2.json,outputs/analysis_v20260713/lora_all_projections_corrected/confirm_paper_tree_022/cumulative_leaf_analysis/four_point_additivity_l2.json,outputs/analysis_v20260713/lora_all_projections_corrected/confirm_paper_tree_022/cumulative_leaf_analysis/atteson_margin_l2.json
confirm_paper_tree_023,adapter_chain,lora_cumulative_delta,correlation,direct,biopython_neighbor_joining,dendropy_treecompare,7,216,7,3,4,1,0.14285714285714285,false,true,1.0,0.75,0,1,0.7604347619674542,0.08895350735388939,0.9847082913530535,0.8658011391927639,0.8816294416552766,1.0,0.3005968354757441,1.0,0.13537379858557386,0.1616893023013849,0.6501844717683104,false,/home/export/sgallagh/WeightTraits-pr1-20260713/examples/training/confirm_paper_numbers/assigned_manifests/confirm_paper_tree_023.manifest.jsonl,/home/export/sgallagh/WeightTraits-pr1-20260713/examples/training/confirm_paper_numbers/lora_all_projections_corrected_training_runlists/ledgers/confirm_paper_tree_023.training_ledger.jsonl,outputs/analysis_v20260713/lora_all_projections_corrected/confirm_paper_tree_023/cumulative_leaf_analysis/summary.json,outputs/analysis_v20260713/lora_all_projections_corrected/confirm_paper_tree_023/cumulative_leaf_analysis/score_correlation.json,outputs/analysis_v20260713/lora_all_projections_corrected/confirm_paper_tree_023/cumulative_leaf_analysis/four_point_additivity_correlation.json,outputs/analysis_v20260713/lora_all_projections_corrected/confirm_paper_tree_023/cumulative_leaf_analysis/atteson_margin_correlation.json
confirm_paper_tree_023,adapter_chain,lora_cumulative_delta,cosine,direct,biopython_neighbor_joining,dendropy_treecompare,7,216,7,3,4,1,0.14285714285714285,false,true,1.0,0.75,0,1,0.7604344772391282,0.0889533696322711,0.9847076716429256,0.8658013144453325,0.8816294750059316,1.0,0.3005968324361061,1.0,0.1353740072414394,0.1616888117196186,0.650183420265699,false,/home/export/sgallagh/WeightTraits-pr1-20260713/examples/training/confirm_paper_numbers/assigned_manifests/confirm_paper_tree_023.manifest.jsonl,/home/export/sgallagh/WeightTraits-pr1-20260713/examples/training/confirm_paper_numbers/lora_all_projections_corrected_training_runlists/ledgers/confirm_paper_tree_023.training_ledger.jsonl,outputs/analysis_v20260713/lora_all_projections_corrected/confirm_paper_tree_023/cumulative_leaf_analysis/summary.json,outputs/analysis_v20260713/lora_all_projections_corrected/confirm_paper_tree_023/cumulative_leaf_analysis/score_cosine.json,outputs/analysis_v20260713/lora_all_projections_corrected/confirm_paper_tree_023/cumulative_leaf_analysis/four_point_additivity_cosine.json,outputs/analysis_v20260713/lora_all_projections_corrected/confirm_paper_tree_023/cumulative_leaf_analysis/atteson_margin_cosine.json
confirm_paper_tree_023,adapter_chain,lora_cumulative_delta,l2,direct,biopython_neighbor_joining,dendropy_treecompare,7,216,7,3,4,1,0.14285714285714285,false,true,1.0,0.75,0,1,10.619687476404069,3.030188524950461,16.02032232449585,0.7664192431755414,0.7512984127387923,0.7142857142857143,0.21715374496861037,1.0,1.3418659353682925,0.40996891972879873,0.40996891972879873,false,/home/export/sgallagh/WeightTraits-pr1-20260713/examples/training/confirm_paper_numbers/assigned_manifests/confirm_paper_tree_023.manifest.jsonl,/home/export/sgallagh/WeightTraits-pr1-20260713/examples/training/confirm_paper_numbers/lora_all_projections_corrected_training_runlists/ledgers/confirm_paper_tree_023.training_ledger.jsonl,outputs/analysis_v20260713/lora_all_projections_corrected/confirm_paper_tree_023/cumulative_leaf_analysis/summary.json,outputs/analysis_v20260713/lora_all_projections_corrected/confirm_paper_tree_023/cumulative_leaf_analysis/score_l2.json,outputs/analysis_v20260713/lora_all_projections_corrected/confirm_paper_tree_023/cumulative_leaf_analysis/four_point_additivity_l2.json,outputs/analysis_v20260713/lora_all_projections_corrected/confirm_paper_tree_023/cumulative_leaf_analysis/atteson_margin_l2.json
confirm_paper_tree_024,adapter_chain,lora_cumulative_delta,correlation,direct,biopython_neighbor_joining,dendropy_treecompare,8,216,8,2,5,3,0.42857142857142855,false,true,1.0,0.4,0,3,0.7303744657402775,0.2513790590814556,0.990713203549531,0.7634437194041522,0.8783097045168022,0.8,0.2716770864593882,1.0,0.0696954351967416,0.40898265046982074,0.40898265046982074,false,/home/export/sgallagh/WeightTraits-pr1-20260713/examples/training/confirm_paper_numbers/assigned_manifests/confirm_paper_tree_024.manifest.jsonl,/home/export/sgallagh/WeightTraits-pr1-20260713/examples/training/confirm_paper_numbers/lora_all_projections_corrected_training_runlists/ledgers/confirm_paper_tree_024.training_ledger.jsonl,outputs/analysis_v20260713/lora_all_projections_corrected/confirm_paper_tree_024/cumulative_leaf_analysis/summary.json,outputs/analysis_v20260713/lora_all_projections_corrected/confirm_paper_tree_024/cumulative_leaf_analysis/score_correlation.json,outputs/analysis_v20260713/lora_all_projections_corrected/confirm_paper_tree_024/cumulative_leaf_analysis/four_point_additivity_correlation.json,outputs/analysis_v20260713/lora_all_projections_corrected/confirm_paper_tree_024/cumulative_leaf_analysis/atteson_margin_correlation.json
confirm_paper_tree_024,adapter_chain,lora_cumulative_delta,cosine,direct,biopython_neighbor_joining,dendropy_treecompare,8,216,8,2,5,3,0.42857142857142855,false,true,1.0,0.4,0,3,0.7303744895870273,0.2513790338127238,0.9907134592325538,0.7634441046682738,0.8783096400724473,0.8,0.27167710012969964,1.0,0.06969538914093265,0.40898277289552976,0.40898277289552976,false,/home/export/sgallagh/WeightTraits-pr1-20260713/examples/training/confirm_paper_numbers/assigned_manifests/confirm_paper_tree_024.manifest.jsonl,/home/export/sgallagh/WeightTraits-pr1-20260713/examples/training/confirm_paper_numbers/lora_all_projections_corrected_training_runlists/ledgers/confirm_paper_tree_024.training_ledger.jsonl,outputs/analysis_v20260713/lora_all_projections_corrected/confirm_paper_tree_024/cumulative_leaf_analysis/summary.json,outputs/analysis_v20260713/lora_all_projections_corrected/confirm_paper_tree_024/cumulative_leaf_analysis/score_cosine.json,outputs/analysis_v20260713/lora_all_projections_corrected/confirm_paper_tree_024/cumulative_leaf_analysis/four_point_additivity_cosine.json,outputs/analysis_v20260713/lora_all_projections_corrected/confirm_paper_tree_024/cumulative_leaf_analysis/atteson_margin_cosine.json
confirm_paper_tree_024,adapter_chain,lora_cumulative_delta,l2,direct,biopython_neighbor_joining,dendropy_treecompare,8,216,8,2,5,5,0.7142857142857143,false,false,0.5,0.2,1,4,9.574312990479513,4.82823311731143,14.173196499387878,0.779944990853299,0.9025187699402402,0.7857142857142857,0.21371996938261376,0.8571428571428571,0.8031909302943889,0.07845377206857526,0.07845377206857526,false,/home/export/sgallagh/WeightTraits-pr1-20260713/examples/training/confirm_paper_numbers/assigned_manifests/confirm_paper_tree_024.manifest.jsonl,/home/export/sgallagh/WeightTraits-pr1-20260713/examples/training/confirm_paper_numbers/lora_all_projections_corrected_training_runlists/ledgers/confirm_paper_tree_024.training_ledger.jsonl,outputs/analysis_v20260713/lora_all_projections_corrected/confirm_paper_tree_024/cumulative_leaf_analysis/summary.json,outputs/analysis_v20260713/lora_all_projections_corrected/confirm_paper_tree_024/cumulative_leaf_analysis/score_l2.json,outputs/analysis_v20260713/lora_all_projections_corrected/confirm_paper_tree_024/cumulative_leaf_analysis/four_point_additivity_l2.json,outputs/analysis_v20260713/lora_all_projections_corrected/confirm_paper_tree_024/cumulative_leaf_analysis/atteson_margin_l2.json
confirm_paper_tree_025,adapter_chain,lora_cumulative_delta,correlation,direct,biopython_neighbor_joining,dendropy_treecompare,9,216,9,3,6,3,0.3333333333333333,false,true,1.0,0.5,0,3,0.7898195382574131,0.2375616275175169,0.9940967554147226,0.7983070311529903,0.9503019488076797,0.8333333333333334,0.2441791537243766,1.0,0.06631379133411974,0.8139345263418142,0.9023485348316966,false,/home/export/sgallagh/WeightTraits-pr1-20260713/examples/training/confirm_paper_numbers/assigned_manifests/confirm_paper_tree_025.manifest.jsonl,/home/export/sgallagh/WeightTraits-pr1-20260713/examples/training/confirm_paper_numbers/lora_all_projections_corrected_training_runlists/ledgers/confirm_paper_tree_025.training_ledger.jsonl,outputs/analysis_v20260713/lora_all_projections_corrected/confirm_paper_tree_025/cumulative_leaf_analysis/summary.json,outputs/analysis_v20260713/lora_all_projections_corrected/confirm_paper_tree_025/cumulative_leaf_analysis/score_correlation.json,outputs/analysis_v20260713/lora_all_projections_corrected/confirm_paper_tree_025/cumulative_leaf_analysis/four_point_additivity_correlation.json,outputs/analysis_v20260713/lora_all_projections_corrected/confirm_paper_tree_025/cumulative_leaf_analysis/atteson_margin_correlation.json
confirm_paper_tree_025,adapter_chain,lora_cumulative_delta,cosine,direct,biopython_neighbor_joining,dendropy_treecompare,9,216,9,3,6,3,0.3333333333333333,false,true,1.0,0.5,0,3,0.7898190839061231,0.23756127309524522,0.99409609020245,0.7983072643218138,0.9503020642951362,0.8333333333333334,0.244179142862523,1.0,0.06631372963569937,0.813933828658691,0.9023496224444977,false,/home/export/sgallagh/WeightTraits-pr1-20260713/examples/training/confirm_paper_numbers/assigned_manifests/confirm_paper_tree_025.manifest.jsonl,/home/export/sgallagh/WeightTraits-pr1-20260713/examples/training/confirm_paper_numbers/lora_all_projections_corrected_training_runlists/ledgers/confirm_paper_tree_025.training_ledger.jsonl,outputs/analysis_v20260713/lora_all_projections_corrected/confirm_paper_tree_025/cumulative_leaf_analysis/summary.json,outputs/analysis_v20260713/lora_all_projections_corrected/confirm_paper_tree_025/cumulative_leaf_analysis/score_cosine.json,outputs/analysis_v20260713/lora_all_projections_corrected/confirm_paper_tree_025/cumulative_leaf_analysis/four_point_additivity_cosine.json,outputs/analysis_v20260713/lora_all_projections_corrected/confirm_paper_tree_025/cumulative_leaf_analysis/atteson_margin_cosine.json
confirm_paper_tree_025,adapter_chain,lora_cumulative_delta,l2,direct,biopython_neighbor_joining,dendropy_treecompare,9,216,9,3,6,3,0.3333333333333333,false,true,1.0,0.5,0,3,7.287172326184513,4.0830888595944135,9.738700053544111,0.8730997185283884,0.9500915847203212,0.9603174603174603,0.16208612935096534,1.0,0.4617897740617778,1.0499018622950944,1.0499018622950944,true,/home/export/sgallagh/WeightTraits-pr1-20260713/examples/training/confirm_paper_numbers/assigned_manifests/confirm_paper_tree_025.manifest.jsonl,/home/export/sgallagh/WeightTraits-pr1-20260713/examples/training/confirm_paper_numbers/lora_all_projections_corrected_training_runlists/ledgers/confirm_paper_tree_025.training_ledger.jsonl,outputs/analysis_v20260713/lora_all_projections_corrected/confirm_paper_tree_025/cumulative_leaf_analysis/summary.json,outputs/analysis_v20260713/lora_all_projections_corrected/confirm_paper_tree_025/cumulative_leaf_analysis/score_l2.json,outputs/analysis_v20260713/lora_all_projections_corrected/confirm_paper_tree_025/cumulative_leaf_analysis/four_point_additivity_l2.json,outputs/analysis_v20260713/lora_all_projections_corrected/confirm_paper_tree_025/cumulative_leaf_analysis/atteson_margin_l2.json
confirm_paper_tree_026,adapter_chain,lora_cumulative_delta,correlation,direct,biopython_neighbor_joining,dendropy_treecompare,9,216,9,4,6,4,0.4,false,false,0.75,0.5,1,3,0.586547634956314,0.06560585631417111,0.997910843866635,0.7679279092555209,0.7829820430214997,0.8015873015873016,0.26661208308225337,0.875,0.09426589319466772,0.3183542563900838,0.3183542563900838,false,/home/export/sgallagh/WeightTraits-pr1-20260713/examples/training/confirm_paper_numbers/assigned_manifests/confirm_paper_tree_026.manifest.jsonl,/home/export/sgallagh/WeightTraits-pr1-20260713/examples/training/confirm_paper_numbers/lora_all_projections_corrected_training_runlists/ledgers/confirm_paper_tree_026.training_ledger.jsonl,outputs/analysis_v20260713/lora_all_projections_corrected/confirm_paper_tree_026/cumulative_leaf_analysis/summary.json,outputs/analysis_v20260713/lora_all_projections_corrected/confirm_paper_tree_026/cumulative_leaf_analysis/score_correlation.json,outputs/analysis_v20260713/lora_all_projections_corrected/confirm_paper_tree_026/cumulative_leaf_analysis/four_point_additivity_correlation.json,outputs/analysis_v20260713/lora_all_projections_corrected/confirm_paper_tree_026/cumulative_leaf_analysis/atteson_margin_correlation.json
confirm_paper_tree_026,adapter_chain,lora_cumulative_delta,cosine,direct,biopython_neighbor_joining,dendropy_treecompare,9,216,9,4,6,4,0.4,false,false,0.75,0.5,1,3,0.5865473156779046,0.06560577815359823,0.997910615559303,0.7679284057982266,0.7829823812176783,0.8015873015873016,0.2666124319787067,0.875,0.09426589903961302,0.3183544950179079,0.3183544950179079,false,/home/export/sgallagh/WeightTraits-pr1-20260713/examples/training/confirm_paper_numbers/assigned_manifests/confirm_paper_tree_026.manifest.jsonl,/home/export/sgallagh/WeightTraits-pr1-20260713/examples/training/confirm_paper_numbers/lora_all_projections_corrected_training_runlists/ledgers/confirm_paper_tree_026.training_ledger.jsonl,outputs/analysis_v20260713/lora_all_projections_corrected/confirm_paper_tree_026/cumulative_leaf_analysis/summary.json,outputs/analysis_v20260713/lora_all_projections_corrected/confirm_paper_tree_026/cumulative_leaf_analysis/score_cosine.json,outputs/analysis_v20260713/lora_all_projections_corrected/confirm_paper_tree_026/cumulative_leaf_analysis/four_point_additivity_cosine.json,outputs/analysis_v20260713/lora_all_projections_corrected/confirm_paper_tree_026/cumulative_leaf_analysis/atteson_margin_cosine.json
confirm_paper_tree_026,adapter_chain,lora_cumulative_delta,l2,direct,biopython_neighbor_joining,dendropy_treecompare,9,216,9,4,6,4,0.4,false,false,0.75,0.5,1,3,8.835667088476422,2.040741147613941,13.131620703231944,0.7896969119399252,0.7760264849289507,0.8253968253968254,0.13958435874290873,0.8333333333333334,1.8242124341976158,0.1675567010340615,0.1675567010340615,false,/home/export/sgallagh/WeightTraits-pr1-20260713/examples/training/confirm_paper_numbers/assigned_manifests/confirm_paper_tree_026.manifest.jsonl,/home/export/sgallagh/WeightTraits-pr1-20260713/examples/training/confirm_paper_numbers/lora_all_projections_corrected_training_runlists/ledgers/confirm_paper_tree_026.training_ledger.jsonl,outputs/analysis_v20260713/lora_all_projections_corrected/confirm_paper_tree_026/cumulative_leaf_analysis/summary.json,outputs/analysis_v20260713/lora_all_projections_corrected/confirm_paper_tree_026/cumulative_leaf_analysis/score_l2.json,outputs/analysis_v20260713/lora_all_projections_corrected/confirm_paper_tree_026/cumulative_leaf_analysis/four_point_additivity_l2.json,outputs/analysis_v20260713/lora_all_projections_corrected/confirm_paper_tree_026/cumulative_leaf_analysis/atteson_margin_l2.json
confirm_paper_tree_027,adapter_chain,lora_cumulative_delta,correlation,direct,biopython_neighbor_joining,dendropy_treecompare,8,216,8,2,5,3,0.42857142857142855,false,true,1.0,0.4,0,3,0.7569640470629968,0.2994486483057693,0.957020547053199,0.7189245408405874,0.9134044032798874,0.7428571428571429,0.10658824589908493,1.0,0.10372330488098913,0.6509739828112,0.7309217261783287,false,/home/export/sgallagh/WeightTraits-pr1-20260713/examples/training/confirm_paper_numbers/assigned_manifests/confirm_paper_tree_027.manifest.jsonl,/home/export/sgallagh/WeightTraits-pr1-20260713/examples/training/confirm_paper_numbers/lora_all_projections_corrected_training_runlists/ledgers/confirm_paper_tree_027.training_ledger.jsonl,outputs/analysis_v20260713/lora_all_projections_corrected/confirm_paper_tree_027/cumulative_leaf_analysis/summary.json,outputs/analysis_v20260713/lora_all_projections_corrected/confirm_paper_tree_027/cumulative_leaf_analysis/score_correlation.json,outputs/analysis_v20260713/lora_all_projections_corrected/confirm_paper_tree_027/cumulative_leaf_analysis/four_point_additivity_correlation.json,outputs/analysis_v20260713/lora_all_projections_corrected/confirm_paper_tree_027/cumulative_leaf_analysis/atteson_margin_correlation.json
confirm_paper_tree_027,adapter_chain,lora_cumulative_delta,cosine,direct,biopython_neighbor_joining,dendropy_treecompare,8,216,8,2,5,3,0.42857142857142855,false,true,1.0,0.4,0,3,0.7569640338929994,0.2994487124154797,0.9570207493559225,0.7189245614181708,0.9134042724557436,0.7428571428571429,0.10658819743466307,1.0,0.10372323018246848,0.6509747250511702,0.7309213582056795,false,/home/export/sgallagh/WeightTraits-pr1-20260713/examples/training/confirm_paper_numbers/assigned_manifests/confirm_paper_tree_027.manifest.jsonl,/home/export/sgallagh/WeightTraits-pr1-20260713/examples/training/confirm_paper_numbers/lora_all_projections_corrected_training_runlists/ledgers/confirm_paper_tree_027.training_ledger.jsonl,outputs/analysis_v20260713/lora_all_projections_corrected/confirm_paper_tree_027/cumulative_leaf_analysis/summary.json,outputs/analysis_v20260713/lora_all_projections_corrected/confirm_paper_tree_027/cumulative_leaf_analysis/score_cosine.json,outputs/analysis_v20260713/lora_all_projections_corrected/confirm_paper_tree_027/cumulative_leaf_analysis/four_point_additivity_cosine.json,outputs/analysis_v20260713/lora_all_projections_corrected/confirm_paper_tree_027/cumulative_leaf_analysis/atteson_margin_cosine.json
confirm_paper_tree_027,adapter_chain,lora_cumulative_delta,l2,direct,biopython_neighbor_joining,dendropy_treecompare,8,216,8,2,5,3,0.42857142857142855,false,true,1.0,0.4,0,3,7.976505755218752,4.247070344994794,11.129910340331904,0.8130537922944278,0.8978602586283094,0.9,0.06935302146344555,1.0,0.7038869462748245,0.569490240610417,0.569490240610417,false,/home/export/sgallagh/WeightTraits-pr1-20260713/examples/training/confirm_paper_numbers/assigned_manifests/confirm_paper_tree_027.manifest.jsonl,/home/export/sgallagh/WeightTraits-pr1-20260713/examples/training/confirm_paper_numbers/lora_all_projections_corrected_training_runlists/ledgers/confirm_paper_tree_027.training_ledger.jsonl,outputs/analysis_v20260713/lora_all_projections_corrected/confirm_paper_tree_027/cumulative_leaf_analysis/summary.json,outputs/analysis_v20260713/lora_all_projections_corrected/confirm_paper_tree_027/cumulative_leaf_analysis/score_l2.json,outputs/analysis_v20260713/lora_all_projections_corrected/confirm_paper_tree_027/cumulative_leaf_analysis/four_point_additivity_l2.json,outputs/analysis_v20260713/lora_all_projections_corrected/confirm_paper_tree_027/cumulative_leaf_analysis/atteson_margin_l2.json
confirm_paper_tree_028,adapter_chain,lora_cumulative_delta,correlation,direct,biopython_neighbor_joining,dendropy_treecompare,7,216,7,4,4,0,0.0,true,true,1.0,1.0,0,0,0.5955421814226344,0.2234451440035152,0.7273891076061537,0.8698618588673079,0.8698618588673079,0.9428571428571428,0.2563775437489612,1.0,0.03254975619137512,1.15803193613894,1.15803193613894,true,/home/export/sgallagh/WeightTraits-pr1-20260713/examples/training/confirm_paper_numbers/assigned_manifests/confirm_paper_tree_028.manifest.jsonl,/home/export/sgallagh/WeightTraits-pr1-20260713/examples/training/confirm_paper_numbers/lora_all_projections_corrected_training_runlists/ledgers/confirm_paper_tree_028.training_ledger.jsonl,outputs/analysis_v20260713/lora_all_projections_corrected/confirm_paper_tree_028/cumulative_leaf_analysis/summary.json,outputs/analysis_v20260713/lora_all_projections_corrected/confirm_paper_tree_028/cumulative_leaf_analysis/score_correlation.json,outputs/analysis_v20260713/lora_all_projections_corrected/confirm_paper_tree_028/cumulative_leaf_analysis/four_point_additivity_correlation.json,outputs/analysis_v20260713/lora_all_projections_corrected/confirm_paper_tree_028/cumulative_leaf_analysis/atteson_margin_correlation.json
confirm_paper_tree_028,adapter_chain,lora_cumulative_delta,cosine,direct,biopython_neighbor_joining,dendropy_treecompare,7,216,7,4,4,0,0.0,true,true,1.0,1.0,0,0,0.595542085384395,0.22344514506449423,0.727388900537313,0.8698618920017261,0.8698618920017261,0.9428571428571428,0.2563774963022419,1.0,0.0325496884123016,1.1580344635624158,1.1580344635624158,true,/home/export/sgallagh/WeightTraits-pr1-20260713/examples/training/confirm_paper_numbers/assigned_manifests/confirm_paper_tree_028.manifest.jsonl,/home/export/sgallagh/WeightTraits-pr1-20260713/examples/training/confirm_paper_numbers/lora_all_projections_corrected_training_runlists/ledgers/confirm_paper_tree_028.training_ledger.jsonl,outputs/analysis_v20260713/lora_all_projections_corrected/confirm_paper_tree_028/cumulative_leaf_analysis/summary.json,outputs/analysis_v20260713/lora_all_projections_corrected/confirm_paper_tree_028/cumulative_leaf_analysis/score_cosine.json,outputs/analysis_v20260713/lora_all_projections_corrected/confirm_paper_tree_028/cumulative_leaf_analysis/four_point_additivity_cosine.json,outputs/analysis_v20260713/lora_all_projections_corrected/confirm_paper_tree_028/cumulative_leaf_analysis/atteson_margin_cosine.json
confirm_paper_tree_028,adapter_chain,lora_cumulative_delta,l2,direct,biopython_neighbor_joining,dendropy_treecompare,7,216,7,4,4,0,0.0,true,true,1.0,1.0,0,0,7.917781633141731,4.460466876693927,9.916691011015146,0.8578848177311019,0.8578848177311019,0.9428571428571428,0.15250687638044008,1.0,0.23065110819683987,1.2247719353643245,1.2247719353643245,true,/home/export/sgallagh/WeightTraits-pr1-20260713/examples/training/confirm_paper_numbers/assigned_manifests/confirm_paper_tree_028.manifest.jsonl,/home/export/sgallagh/WeightTraits-pr1-20260713/examples/training/confirm_paper_numbers/lora_all_projections_corrected_training_runlists/ledgers/confirm_paper_tree_028.training_ledger.jsonl,outputs/analysis_v20260713/lora_all_projections_corrected/confirm_paper_tree_028/cumulative_leaf_analysis/summary.json,outputs/analysis_v20260713/lora_all_projections_corrected/confirm_paper_tree_028/cumulative_leaf_analysis/score_l2.json,outputs/analysis_v20260713/lora_all_projections_corrected/confirm_paper_tree_028/cumulative_leaf_analysis/four_point_additivity_l2.json,outputs/analysis_v20260713/lora_all_projections_corrected/confirm_paper_tree_028/cumulative_leaf_analysis/atteson_margin_l2.json
confirm_paper_tree_029,adapter_chain,lora_cumulative_delta,correlation,direct,biopython_neighbor_joining,dendropy_treecompare,5,216,5,1,2,1,0.3333333333333333,false,true,1.0,0.5,0,1,0.6589003421647657,0.2352616033339917,0.8513850893165136,0.9019122121745269,0.9917131889929333,1.0,0.3680963584076709,1.0,0.05715138911840267,0.9830650201359565,4.145267329656479,false,/home/export/sgallagh/WeightTraits-pr1-20260713/examples/training/confirm_paper_numbers/assigned_manifests/confirm_paper_tree_029.manifest.jsonl,/home/export/sgallagh/WeightTraits-pr1-20260713/examples/training/confirm_paper_numbers/lora_all_projections_corrected_training_runlists/ledgers/confirm_paper_tree_029.training_ledger.jsonl,outputs/analysis_v20260713/lora_all_projections_corrected/confirm_paper_tree_029/cumulative_leaf_analysis/summary.json,outputs/analysis_v20260713/lora_all_projections_corrected/confirm_paper_tree_029/cumulative_leaf_analysis/score_correlation.json,outputs/analysis_v20260713/lora_all_projections_corrected/confirm_paper_tree_029/cumulative_leaf_analysis/four_point_additivity_correlation.json,outputs/analysis_v20260713/lora_all_projections_corrected/confirm_paper_tree_029/cumulative_leaf_analysis/atteson_margin_correlation.json
confirm_paper_tree_029,adapter_chain,lora_cumulative_delta,cosine,direct,biopython_neighbor_joining,dendropy_treecompare,5,216,5,1,2,1,0.3333333333333333,false,true,1.0,0.5,0,1,0.6589000673778728,0.23526139824069076,0.8513845726575825,0.9019125466831502,0.9917131996939051,1.0,0.3680964295284397,1.0,0.05715145588943776,0.9830631462061005,4.145261224878393,false,/home/export/sgallagh/WeightTraits-pr1-20260713/examples/training/confirm_paper_numbers/assigned_manifests/confirm_paper_tree_029.manifest.jsonl,/home/export/sgallagh/WeightTraits-pr1-20260713/examples/training/confirm_paper_numbers/lora_all_projections_corrected_training_runlists/ledgers/confirm_paper_tree_029.training_ledger.jsonl,outputs/analysis_v20260713/lora_all_projections_corrected/confirm_paper_tree_029/cumulative_leaf_analysis/summary.json,outputs/analysis_v20260713/lora_all_projections_corrected/confirm_paper_tree_029/cumulative_leaf_analysis/score_cosine.json,outputs/analysis_v20260713/lora_all_projections_corrected/confirm_paper_tree_029/cumulative_leaf_analysis/four_point_additivity_cosine.json,outputs/analysis_v20260713/lora_all_projections_corrected/confirm_paper_tree_029/cumulative_leaf_analysis/atteson_margin_cosine.json
confirm_paper_tree_029,adapter_chain,lora_cumulative_delta,l2,direct,biopython_neighbor_joining,dendropy_treecompare,5,216,5,1,2,1,0.3333333333333333,false,true,1.0,0.5,0,1,9.847917259337422,6.114683004676078,13.061849692583737,0.9408725511668203,0.9773384991171251,1.0,0.24921180110817595,1.0,0.4457904703610236,3.009482180268809,4.548916061999359,true,/home/export/sgallagh/WeightTraits-pr1-20260713/examples/training/confirm_paper_numbers/assigned_manifests/confirm_paper_tree_029.manifest.jsonl,/home/export/sgallagh/WeightTraits-pr1-20260713/examples/training/confirm_paper_numbers/lora_all_projections_corrected_training_runlists/ledgers/confirm_paper_tree_029.training_ledger.jsonl,outputs/analysis_v20260713/lora_all_projections_corrected/confirm_paper_tree_029/cumulative_leaf_analysis/summary.json,outputs/analysis_v20260713/lora_all_projections_corrected/confirm_paper_tree_029/cumulative_leaf_analysis/score_l2.json,outputs/analysis_v20260713/lora_all_projections_corrected/confirm_paper_tree_029/cumulative_leaf_analysis/four_point_additivity_l2.json,outputs/analysis_v20260713/lora_all_projections_corrected/confirm_paper_tree_029/cumulative_leaf_analysis/atteson_margin_l2.json
confirm_paper_tree_030,adapter_chain,lora_cumulative_delta,correlation,direct,biopython_neighbor_joining,dendropy_treecompare,9,216,9,3,6,3,0.3333333333333333,false,true,1.0,0.5,0,3,0.7566333525191283,0.35139019558248574,0.870107276395042,0.890330239922961,0.9483688686327897,0.9285714285714286,0.16623159151720376,1.0,0.06559617870323148,0.8945363361793305,0.8945363361793305,false,/home/export/sgallagh/WeightTraits-pr1-20260713/examples/training/confirm_paper_numbers/assigned_manifests/confirm_paper_tree_030.manifest.jsonl,/home/export/sgallagh/WeightTraits-pr1-20260713/examples/training/confirm_paper_numbers/lora_all_projections_corrected_training_runlists/ledgers/confirm_paper_tree_030.training_ledger.jsonl,outputs/analysis_v20260713/lora_all_projections_corrected/confirm_paper_tree_030/cumulative_leaf_analysis/summary.json,outputs/analysis_v20260713/lora_all_projections_corrected/confirm_paper_tree_030/cumulative_leaf_analysis/score_correlation.json,outputs/analysis_v20260713/lora_all_projections_corrected/confirm_paper_tree_030/cumulative_leaf_analysis/four_point_additivity_correlation.json,outputs/analysis_v20260713/lora_all_projections_corrected/confirm_paper_tree_030/cumulative_leaf_analysis/atteson_margin_correlation.json
confirm_paper_tree_030,adapter_chain,lora_cumulative_delta,cosine,direct,biopython_neighbor_joining,dendropy_treecompare,9,216,9,3,6,3,0.3333333333333333,false,true,1.0,0.5,0,3,0.7566329944934113,0.35139017746157636,0.8701067501777447,0.890329433682616,0.9483688848416416,0.9285714285714286,0.16623153835801116,1.0,0.06559614895241433,0.8945348800428522,0.8945348800428522,false,/home/export/sgallagh/WeightTraits-pr1-20260713/examples/training/confirm_paper_numbers/assigned_manifests/confirm_paper_tree_030.manifest.jsonl,/home/export/sgallagh/WeightTraits-pr1-20260713/examples/training/confirm_paper_numbers/lora_all_projections_corrected_training_runlists/ledgers/confirm_paper_tree_030.training_ledger.jsonl,outputs/analysis_v20260713/lora_all_projections_corrected/confirm_paper_tree_030/cumulative_leaf_analysis/summary.json,outputs/analysis_v20260713/lora_all_projections_corrected/confirm_paper_tree_030/cumulative_leaf_analysis/score_cosine.json,outputs/analysis_v20260713/lora_all_projections_corrected/confirm_paper_tree_030/cumulative_leaf_analysis/four_point_additivity_cosine.json,outputs/analysis_v20260713/lora_all_projections_corrected/confirm_paper_tree_030/cumulative_leaf_analysis/atteson_margin_cosine.json
confirm_paper_tree_030,adapter_chain,lora_cumulative_delta,l2,direct,biopython_neighbor_joining,dendropy_treecompare,9,216,9,3,6,3,0.3333333333333333,false,true,1.0,0.5,0,3,8.763660772996968,5.094433753810858,11.525307094313781,0.877442637089115,0.8757806059578329,0.9603174603174603,0.08316542079752959,1.0,0.5142736960860947,0.5540329278847167,0.5540329278847167,false,/home/export/sgallagh/WeightTraits-pr1-20260713/examples/training/confirm_paper_numbers/assigned_manifests/confirm_paper_tree_030.manifest.jsonl,/home/export/sgallagh/WeightTraits-pr1-20260713/examples/training/confirm_paper_numbers/lora_all_projections_corrected_training_runlists/ledgers/confirm_paper_tree_030.training_ledger.jsonl,outputs/analysis_v20260713/lora_all_projections_corrected/confirm_paper_tree_030/cumulative_leaf_analysis/summary.json,outputs/analysis_v20260713/lora_all_projections_corrected/confirm_paper_tree_030/cumulative_leaf_analysis/score_l2.json,outputs/analysis_v20260713/lora_all_projections_corrected/confirm_paper_tree_030/cumulative_leaf_analysis/four_point_additivity_l2.json,outputs/analysis_v20260713/lora_all_projections_corrected/confirm_paper_tree_030/cumulative_leaf_analysis/atteson_margin_l2.json
confirm_paper_tree_031,adapter_chain,lora_cumulative_delta,correlation,direct,biopython_neighbor_joining,dendropy_treecompare,8,216,8,2,5,5,0.7142857142857143,false,false,0.5,0.2,1,4,0.5208734468225111,0.3709694438113853,0.6899199704401823,0.7332841888755369,0.7048577093669475,0.8285714285714286,0.0632749093410441,0.6,0.08701918209448134,0.043855362066545715,0.043855362066545715,false,/home/export/sgallagh/WeightTraits-pr1-20260713/examples/training/confirm_paper_numbers/assigned_manifests/confirm_paper_tree_031.manifest.jsonl,/home/export/sgallagh/WeightTraits-pr1-20260713/examples/training/confirm_paper_numbers/lora_all_projections_corrected_training_runlists/ledgers/confirm_paper_tree_031.training_ledger.jsonl,outputs/analysis_v20260713/lora_all_projections_corrected/confirm_paper_tree_031/cumulative_leaf_analysis/summary.json,outputs/analysis_v20260713/lora_all_projections_corrected/confirm_paper_tree_031/cumulative_leaf_analysis/score_correlation.json,outputs/analysis_v20260713/lora_all_projections_corrected/confirm_paper_tree_031/cumulative_leaf_analysis/four_point_additivity_correlation.json,outputs/analysis_v20260713/lora_all_projections_corrected/confirm_paper_tree_031/cumulative_leaf_analysis/atteson_margin_correlation.json
confirm_paper_tree_031,adapter_chain,lora_cumulative_delta,cosine,direct,biopython_neighbor_joining,dendropy_treecompare,8,216,8,2,5,5,0.7142857142857143,false,false,0.5,0.2,1,4,0.5208735518435385,0.3709694544848117,0.6899201037621089,0.7332845448791278,0.7048583634747538,0.8285714285714286,0.06327498690002771,0.6,0.08701917035136575,0.043855499382751954,0.043855499382751954,false,/home/export/sgallagh/WeightTraits-pr1-20260713/examples/training/confirm_paper_numbers/assigned_manifests/confirm_paper_tree_031.manifest.jsonl,/home/export/sgallagh/WeightTraits-pr1-20260713/examples/training/confirm_paper_numbers/lora_all_projections_corrected_training_runlists/ledgers/confirm_paper_tree_031.training_ledger.jsonl,outputs/analysis_v20260713/lora_all_projections_corrected/confirm_paper_tree_031/cumulative_leaf_analysis/summary.json,outputs/analysis_v20260713/lora_all_projections_corrected/confirm_paper_tree_031/cumulative_leaf_analysis/score_cosine.json,outputs/analysis_v20260713/lora_all_projections_corrected/confirm_paper_tree_031/cumulative_leaf_analysis/four_point_additivity_cosine.json,outputs/analysis_v20260713/lora_all_projections_corrected/confirm_paper_tree_031/cumulative_leaf_analysis/atteson_margin_cosine.json
confirm_paper_tree_031,adapter_chain,lora_cumulative_delta,l2,direct,biopython_neighbor_joining,dendropy_treecompare,8,216,8,2,5,5,0.7142857142857143,false,false,0.5,0.2,1,4,7.303852200726303,4.48307473870129,10.345841660031194,0.6690231460183896,0.6831944386305656,0.7,0.034869986239648765,0.4666666666666667,0.724420164632277,0.0,0.0,false,/home/export/sgallagh/WeightTraits-pr1-20260713/examples/training/confirm_paper_numbers/assigned_manifests/confirm_paper_tree_031.manifest.jsonl,/home/export/sgallagh/WeightTraits-pr1-20260713/examples/training/confirm_paper_numbers/lora_all_projections_corrected_training_runlists/ledgers/confirm_paper_tree_031.training_ledger.jsonl,outputs/analysis_v20260713/lora_all_projections_corrected/confirm_paper_tree_031/cumulative_leaf_analysis/summary.json,outputs/analysis_v20260713/lora_all_projections_corrected/confirm_paper_tree_031/cumulative_leaf_analysis/score_l2.json,outputs/analysis_v20260713/lora_all_projections_corrected/confirm_paper_tree_031/cumulative_leaf_analysis/four_point_additivity_l2.json,outputs/analysis_v20260713/lora_all_projections_corrected/confirm_paper_tree_031/cumulative_leaf_analysis/atteson_margin_l2.json
confirm_paper_tree_032,adapter_chain,lora_cumulative_delta,correlation,direct,biopython_neighbor_joining,dendropy_treecompare,9,216,9,2,6,4,0.5,false,true,1.0,0.3333333333333333,0,4,0.5221791780335645,0.28338679814649836,0.6974179090221081,0.8661102149019364,0.9341860579654009,0.9444444444444444,0.16868155764641574,1.0,0.04382280403500838,1.2058970615918165,1.3887834471925242,true,/home/export/sgallagh/WeightTraits-pr1-20260713/examples/training/confirm_paper_numbers/assigned_manifests/confirm_paper_tree_032.manifest.jsonl,/home/export/sgallagh/WeightTraits-pr1-20260713/examples/training/confirm_paper_numbers/lora_all_projections_corrected_training_runlists/ledgers/confirm_paper_tree_032.training_ledger.jsonl,outputs/analysis_v20260713/lora_all_projections_corrected/confirm_paper_tree_032/cumulative_leaf_analysis/summary.json,outputs/analysis_v20260713/lora_all_projections_corrected/confirm_paper_tree_032/cumulative_leaf_analysis/score_correlation.json,outputs/analysis_v20260713/lora_all_projections_corrected/confirm_paper_tree_032/cumulative_leaf_analysis/four_point_additivity_correlation.json,outputs/analysis_v20260713/lora_all_projections_corrected/confirm_paper_tree_032/cumulative_leaf_analysis/atteson_margin_correlation.json
confirm_paper_tree_032,adapter_chain,lora_cumulative_delta,cosine,direct,biopython_neighbor_joining,dendropy_treecompare,9,216,9,2,6,4,0.5,false,true,1.0,0.3333333333333333,0,4,0.5221790332538695,0.2833866781653111,0.6974176643114518,0.866110818218589,0.9341861624602513,0.9444444444444444,0.16868163908505507,1.0,0.04382277079210717,1.2058979155933502,1.388785137644132,true,/home/export/sgallagh/WeightTraits-pr1-20260713/examples/training/confirm_paper_numbers/assigned_manifests/confirm_paper_tree_032.manifest.jsonl,/home/export/sgallagh/WeightTraits-pr1-20260713/examples/training/confirm_paper_numbers/lora_all_projections_corrected_training_runlists/ledgers/confirm_paper_tree_032.training_ledger.jsonl,outputs/analysis_v20260713/lora_all_projections_corrected/confirm_paper_tree_032/cumulative_leaf_analysis/summary.json,outputs/analysis_v20260713/lora_all_projections_corrected/confirm_paper_tree_032/cumulative_leaf_analysis/score_cosine.json,outputs/analysis_v20260713/lora_all_projections_corrected/confirm_paper_tree_032/cumulative_leaf_analysis/four_point_additivity_cosine.json,outputs/analysis_v20260713/lora_all_projections_corrected/confirm_paper_tree_032/cumulative_leaf_analysis/atteson_margin_cosine.json
confirm_paper_tree_032,adapter_chain,lora_cumulative_delta,l2,direct,biopython_neighbor_joining,dendropy_treecompare,9,216,9,2,6,4,0.5,false,true,1.0,0.3333333333333333,0,4,6.552061418725687,4.0611870320789585,8.535538341591243,0.8006931005400574,0.8678347207856315,0.9126984126984127,0.08363580505503444,1.0,0.34467188967822615,0.9965105349709498,0.9965105349709498,false,/home/export/sgallagh/WeightTraits-pr1-20260713/examples/training/confirm_paper_numbers/assigned_manifests/confirm_paper_tree_032.manifest.jsonl,/home/export/sgallagh/WeightTraits-pr1-20260713/examples/training/confirm_paper_numbers/lora_all_projections_corrected_training_runlists/ledgers/confirm_paper_tree_032.training_ledger.jsonl,outputs/analysis_v20260713/lora_all_projections_corrected/confirm_paper_tree_032/cumulative_leaf_analysis/summary.json,outputs/analysis_v20260713/lora_all_projections_corrected/confirm_paper_tree_032/cumulative_leaf_analysis/score_l2.json,outputs/analysis_v20260713/lora_all_projections_corrected/confirm_paper_tree_032/cumulative_leaf_analysis/four_point_additivity_l2.json,outputs/analysis_v20260713/lora_all_projections_corrected/confirm_paper_tree_032/cumulative_leaf_analysis/atteson_margin_l2.json
confirm_paper_tree_033,adapter_chain,lora_cumulative_delta,correlation,direct,biopython_neighbor_joining,dendropy_treecompare,9,216,9,4,6,4,0.4,false,false,0.75,0.5,1,3,0.4691890966894131,0.25802294639783413,0.7167385245310288,0.7775004532917413,0.806417046858987,0.8253968253968254,0.13907791562198,0.8888888888888888,0.09366731180142573,0.0,0.0,false,/home/export/sgallagh/WeightTraits-pr1-20260713/examples/training/confirm_paper_numbers/assigned_manifests/confirm_paper_tree_033.manifest.jsonl,/home/export/sgallagh/WeightTraits-pr1-20260713/examples/training/confirm_paper_numbers/lora_all_projections_corrected_training_runlists/ledgers/confirm_paper_tree_033.training_ledger.jsonl,outputs/analysis_v20260713/lora_all_projections_corrected/confirm_paper_tree_033/cumulative_leaf_analysis/summary.json,outputs/analysis_v20260713/lora_all_projections_corrected/confirm_paper_tree_033/cumulative_leaf_analysis/score_correlation.json,outputs/analysis_v20260713/lora_all_projections_corrected/confirm_paper_tree_033/cumulative_leaf_analysis/four_point_additivity_correlation.json,outputs/analysis_v20260713/lora_all_projections_corrected/confirm_paper_tree_033/cumulative_leaf_analysis/atteson_margin_correlation.json
confirm_paper_tree_033,adapter_chain,lora_cumulative_delta,cosine,direct,biopython_neighbor_joining,dendropy_treecompare,9,216,9,4,6,4,0.4,false,false,0.75,0.5,1,3,0.4691890973591895,0.2580231399931248,0.716738611881116,0.7775004595373531,0.8064169782764159,0.8253968253968254,0.13907775982772289,0.8888888888888888,0.09366730680287821,0.0,0.0,false,/home/export/sgallagh/WeightTraits-pr1-20260713/examples/training/confirm_paper_numbers/assigned_manifests/confirm_paper_tree_033.manifest.jsonl,/home/export/sgallagh/WeightTraits-pr1-20260713/examples/training/confirm_paper_numbers/lora_all_projections_corrected_training_runlists/ledgers/confirm_paper_tree_033.training_ledger.jsonl,outputs/analysis_v20260713/lora_all_projections_corrected/confirm_paper_tree_033/cumulative_leaf_analysis/summary.json,outputs/analysis_v20260713/lora_all_projections_corrected/confirm_paper_tree_033/cumulative_leaf_analysis/score_cosine.json,outputs/analysis_v20260713/lora_all_projections_corrected/confirm_paper_tree_033/cumulative_leaf_analysis/four_point_additivity_cosine.json,outputs/analysis_v20260713/lora_all_projections_corrected/confirm_paper_tree_033/cumulative_leaf_analysis/atteson_margin_cosine.json
confirm_paper_tree_033,adapter_chain,lora_cumulative_delta,l2,direct,biopython_neighbor_joining,dendropy_treecompare,9,216,9,4,6,6,0.6,false,false,0.5,0.3333333333333333,2,4,7.5317582133373895,4.099379407037959,11.922042932050374,0.6993190746879454,0.7157103232177969,0.7857142857142857,0.05471374721155525,0.8055555555555556,0.8243963846374456,0.0,0.0,false,/home/export/sgallagh/WeightTraits-pr1-20260713/examples/training/confirm_paper_numbers/assigned_manifests/confirm_paper_tree_033.manifest.jsonl,/home/export/sgallagh/WeightTraits-pr1-20260713/examples/training/confirm_paper_numbers/lora_all_projections_corrected_training_runlists/ledgers/confirm_paper_tree_033.training_ledger.jsonl,outputs/analysis_v20260713/lora_all_projections_corrected/confirm_paper_tree_033/cumulative_leaf_analysis/summary.json,outputs/analysis_v20260713/lora_all_projections_corrected/confirm_paper_tree_033/cumulative_leaf_analysis/score_l2.json,outputs/analysis_v20260713/lora_all_projections_corrected/confirm_paper_tree_033/cumulative_leaf_analysis/four_point_additivity_l2.json,outputs/analysis_v20260713/lora_all_projections_corrected/confirm_paper_tree_033/cumulative_leaf_analysis/atteson_margin_l2.json
confirm_paper_tree_034,adapter_chain,lora_cumulative_delta,correlation,direct,biopython_neighbor_joining,dendropy_treecompare,10,216,10,3,7,4,0.4,false,true,1.0,0.42857142857142855,0,4,0.7294735978144743,0.12052674235859798,0.9973972606539943,0.8253503841965057,0.917538616129985,0.8761904761904762,0.2913027150733189,1.0,0.10088148296781241,0.2501018878153913,0.2501018878153913,false,/home/export/sgallagh/WeightTraits-pr1-20260713/examples/training/confirm_paper_numbers/assigned_manifests/confirm_paper_tree_034.manifest.jsonl,/home/export/sgallagh/WeightTraits-pr1-20260713/examples/training/confirm_paper_numbers/lora_all_projections_corrected_training_runlists/ledgers/confirm_paper_tree_034.training_ledger.jsonl,outputs/analysis_v20260713/lora_all_projections_corrected/confirm_paper_tree_034/cumulative_leaf_analysis/summary.json,outputs/analysis_v20260713/lora_all_projections_corrected/confirm_paper_tree_034/cumulative_leaf_analysis/score_correlation.json,outputs/analysis_v20260713/lora_all_projections_corrected/confirm_paper_tree_034/cumulative_leaf_analysis/four_point_additivity_correlation.json,outputs/analysis_v20260713/lora_all_projections_corrected/confirm_paper_tree_034/cumulative_leaf_analysis/atteson_margin_correlation.json
confirm_paper_tree_034,adapter_chain,lora_cumulative_delta,cosine,direct,biopython_neighbor_joining,dendropy_treecompare,10,216,10,3,7,4,0.4,false,true,1.0,0.42857142857142855,0,4,0.7294733584401509,0.1205266818320833,0.997397090747854,0.8253504529232207,0.9175385083623749,0.8761904761904762,0.2913027213350396,1.0,0.10088157539340548,0.25010106561176265,0.25010106561176265,false,/home/export/sgallagh/WeightTraits-pr1-20260713/examples/training/confirm_paper_numbers/assigned_manifests/confirm_paper_tree_034.manifest.jsonl,/home/export/sgallagh/WeightTraits-pr1-20260713/examples/training/confirm_paper_numbers/lora_all_projections_corrected_training_runlists/ledgers/confirm_paper_tree_034.training_ledger.jsonl,outputs/analysis_v20260713/lora_all_projections_corrected/confirm_paper_tree_034/cumulative_leaf_analysis/summary.json,outputs/analysis_v20260713/lora_all_projections_corrected/confirm_paper_tree_034/cumulative_leaf_analysis/score_cosine.json,outputs/analysis_v20260713/lora_all_projections_corrected/confirm_paper_tree_034/cumulative_leaf_analysis/four_point_additivity_cosine.json,outputs/analysis_v20260713/lora_all_projections_corrected/confirm_paper_tree_034/cumulative_leaf_analysis/atteson_margin_cosine.json
confirm_paper_tree_034,adapter_chain,lora_cumulative_delta,l2,direct,biopython_neighbor_joining,dendropy_treecompare,10,216,10,3,7,4,0.4,false,true,1.0,0.42857142857142855,0,4,7.336560480987317,2.1230385116762105,11.342796083087919,0.8836161121302297,0.9379356619313043,0.9428571428571428,0.16720733072122337,1.0,0.5844902307073241,0.34530870272749303,0.34530870272749303,false,/home/export/sgallagh/WeightTraits-pr1-20260713/examples/training/confirm_paper_numbers/assigned_manifests/confirm_paper_tree_034.manifest.jsonl,/home/export/sgallagh/WeightTraits-pr1-20260713/examples/training/confirm_paper_numbers/lora_all_projections_corrected_training_runlists/ledgers/confirm_paper_tree_034.training_ledger.jsonl,outputs/analysis_v20260713/lora_all_projections_corrected/confirm_paper_tree_034/cumulative_leaf_analysis/summary.json,outputs/analysis_v20260713/lora_all_projections_corrected/confirm_paper_tree_034/cumulative_leaf_analysis/score_l2.json,outputs/analysis_v20260713/lora_all_projections_corrected/confirm_paper_tree_034/cumulative_leaf_analysis/four_point_additivity_l2.json,outputs/analysis_v20260713/lora_all_projections_corrected/confirm_paper_tree_034/cumulative_leaf_analysis/atteson_margin_l2.json
confirm_paper_tree_035,adapter_chain,lora_cumulative_delta,correlation,direct,biopython_neighbor_joining,dendropy_treecompare,9,216,9,3,6,3,0.3333333333333333,false,true,1.0,0.5,0,3,0.6246844942828464,0.20935181534009187,0.998920633675396,0.7555776384034744,0.7778466348699581,0.7936507936507936,0.2566773971451861,0.9583333333333334,0.04816401116353394,0.5656914810985817,0.5656914810985817,false,/home/export/sgallagh/WeightTraits-pr1-20260713/examples/training/confirm_paper_numbers/assigned_manifests/confirm_paper_tree_035.manifest.jsonl,/home/export/sgallagh/WeightTraits-pr1-20260713/examples/training/confirm_paper_numbers/lora_all_projections_corrected_training_runlists/ledgers/confirm_paper_tree_035.training_ledger.jsonl,outputs/analysis_v20260713/lora_all_projections_corrected/confirm_paper_tree_035/cumulative_leaf_analysis/summary.json,outputs/analysis_v20260713/lora_all_projections_corrected/confirm_paper_tree_035/cumulative_leaf_analysis/score_correlation.json,outputs/analysis_v20260713/lora_all_projections_corrected/confirm_paper_tree_035/cumulative_leaf_analysis/four_point_additivity_correlation.json,outputs/analysis_v20260713/lora_all_projections_corrected/confirm_paper_tree_035/cumulative_leaf_analysis/atteson_margin_correlation.json
confirm_paper_tree_035,adapter_chain,lora_cumulative_delta,cosine,direct,biopython_neighbor_joining,dendropy_treecompare,9,216,9,3,6,3,0.3333333333333333,false,true,1.0,0.5,0,3,0.6246843284438237,0.20935159941021478,0.9989201252712315,0.7555774757253243,0.7778464450255624,0.7936507936507936,0.25667743248012453,0.9583333333333334,0.048164039611896914,0.5656915477172934,0.5656915477172934,false,/home/export/sgallagh/WeightTraits-pr1-20260713/examples/training/confirm_paper_numbers/assigned_manifests/confirm_paper_tree_035.manifest.jsonl,/home/export/sgallagh/WeightTraits-pr1-20260713/examples/training/confirm_paper_numbers/lora_all_projections_corrected_training_runlists/ledgers/confirm_paper_tree_035.training_ledger.jsonl,outputs/analysis_v20260713/lora_all_projections_corrected/confirm_paper_tree_035/cumulative_leaf_analysis/summary.json,outputs/analysis_v20260713/lora_all_projections_corrected/confirm_paper_tree_035/cumulative_leaf_analysis/score_cosine.json,outputs/analysis_v20260713/lora_all_projections_corrected/confirm_paper_tree_035/cumulative_leaf_analysis/four_point_additivity_cosine.json,outputs/analysis_v20260713/lora_all_projections_corrected/confirm_paper_tree_035/cumulative_leaf_analysis/atteson_margin_cosine.json
confirm_paper_tree_035,adapter_chain,lora_cumulative_delta,l2,direct,biopython_neighbor_joining,dendropy_treecompare,9,216,9,3,6,5,0.5555555555555556,false,false,0.6666666666666666,0.3333333333333333,1,4,9.251051723159684,3.2551491422984635,12.513437345340673,0.7660122023113934,0.7856335985764868,0.7936507936507936,0.12614805906476115,0.9375,0.7520262111624465,0.302244236010737,0.302244236010737,false,/home/export/sgallagh/WeightTraits-pr1-20260713/examples/training/confirm_paper_numbers/assigned_manifests/confirm_paper_tree_035.manifest.jsonl,/home/export/sgallagh/WeightTraits-pr1-20260713/examples/training/confirm_paper_numbers/lora_all_projections_corrected_training_runlists/ledgers/confirm_paper_tree_035.training_ledger.jsonl,outputs/analysis_v20260713/lora_all_projections_corrected/confirm_paper_tree_035/cumulative_leaf_analysis/summary.json,outputs/analysis_v20260713/lora_all_projections_corrected/confirm_paper_tree_035/cumulative_leaf_analysis/score_l2.json,outputs/analysis_v20260713/lora_all_projections_corrected/confirm_paper_tree_035/cumulative_leaf_analysis/four_point_additivity_l2.json,outputs/analysis_v20260713/lora_all_projections_corrected/confirm_paper_tree_035/cumulative_leaf_analysis/atteson_margin_l2.json
confirm_paper_tree_036,adapter_chain,lora_cumulative_delta,correlation,direct,biopython_neighbor_joining,dendropy_treecompare,6,216,6,2,3,1,0.2,false,true,1.0,0.6666666666666666,0,1,0.5195055709884429,0.13936734766650782,0.7845696308300406,0.9143865786832549,0.9112795370324108,1.0,0.23987529176916178,1.0,0.02187709171481178,1.7094574851263693,2.2022388322188178,true,/home/export/sgallagh/WeightTraits-pr1-20260713/examples/training/confirm_paper_numbers/assigned_manifests/confirm_paper_tree_036.manifest.jsonl,/home/export/sgallagh/WeightTraits-pr1-20260713/examples/training/confirm_paper_numbers/lora_all_projections_corrected_training_runlists/ledgers/confirm_paper_tree_036.training_ledger.jsonl,outputs/analysis_v20260713/lora_all_projections_corrected/confirm_paper_tree_036/cumulative_leaf_analysis/summary.json,outputs/analysis_v20260713/lora_all_projections_corrected/confirm_paper_tree_036/cumulative_leaf_analysis/score_correlation.json,outputs/analysis_v20260713/lora_all_projections_corrected/confirm_paper_tree_036/cumulative_leaf_analysis/four_point_additivity_correlation.json,outputs/analysis_v20260713/lora_all_projections_corrected/confirm_paper_tree_036/cumulative_leaf_analysis/atteson_margin_correlation.json
confirm_paper_tree_036,adapter_chain,lora_cumulative_delta,cosine,direct,biopython_neighbor_joining,dendropy_treecompare,6,216,6,2,3,1,0.2,false,true,1.0,0.6666666666666666,0,1,0.5195054966943419,0.13936729298132972,0.7845694825789415,0.9143855275349789,0.9112790198529992,1.0,0.23987513281179398,1.0,0.021877094684873144,1.7094575621591603,2.2022379744307448,true,/home/export/sgallagh/WeightTraits-pr1-20260713/examples/training/confirm_paper_numbers/assigned_manifests/confirm_paper_tree_036.manifest.jsonl,/home/export/sgallagh/WeightTraits-pr1-20260713/examples/training/confirm_paper_numbers/lora_all_projections_corrected_training_runlists/ledgers/confirm_paper_tree_036.training_ledger.jsonl,outputs/analysis_v20260713/lora_all_projections_corrected/confirm_paper_tree_036/cumulative_leaf_analysis/summary.json,outputs/analysis_v20260713/lora_all_projections_corrected/confirm_paper_tree_036/cumulative_leaf_analysis/score_cosine.json,outputs/analysis_v20260713/lora_all_projections_corrected/confirm_paper_tree_036/cumulative_leaf_analysis/four_point_additivity_cosine.json,outputs/analysis_v20260713/lora_all_projections_corrected/confirm_paper_tree_036/cumulative_leaf_analysis/atteson_margin_cosine.json
confirm_paper_tree_036,adapter_chain,lora_cumulative_delta,l2,direct,biopython_neighbor_joining,dendropy_treecompare,6,216,6,2,3,1,0.2,false,true,1.0,0.6666666666666666,0,1,7.2026471751106005,2.978311499745261,10.98322209910843,0.8928450730224762,0.8774920119415595,1.0,0.15418486304913728,1.0,0.5245056071520651,1.0409186370709447,1.0409186370709447,true,/home/export/sgallagh/WeightTraits-pr1-20260713/examples/training/confirm_paper_numbers/assigned_manifests/confirm_paper_tree_036.manifest.jsonl,/home/export/sgallagh/WeightTraits-pr1-20260713/examples/training/confirm_paper_numbers/lora_all_projections_corrected_training_runlists/ledgers/confirm_paper_tree_036.training_ledger.jsonl,outputs/analysis_v20260713/lora_all_projections_corrected/confirm_paper_tree_036/cumulative_leaf_analysis/summary.json,outputs/analysis_v20260713/lora_all_projections_corrected/confirm_paper_tree_036/cumulative_leaf_analysis/score_l2.json,outputs/analysis_v20260713/lora_all_projections_corrected/confirm_paper_tree_036/cumulative_leaf_analysis/four_point_additivity_l2.json,outputs/analysis_v20260713/lora_all_projections_corrected/confirm_paper_tree_036/cumulative_leaf_analysis/atteson_margin_l2.json
confirm_paper_tree_037,adapter_chain,lora_cumulative_delta,correlation,direct,biopython_neighbor_joining,dendropy_treecompare,4,216,4,0,1,1,1.0,false,true,1.0,0.0,0,1,0.3216706220300573,0.13562277333356687,0.4514999937346985,0.8720172975617578,,1.0,0.10116113390099202,,0.02810923849592467,1.2655957471114199,,true,/home/export/sgallagh/WeightTraits-pr1-20260713/examples/training/confirm_paper_numbers/assigned_manifests/confirm_paper_tree_037.manifest.jsonl,/home/export/sgallagh/WeightTraits-pr1-20260713/examples/training/confirm_paper_numbers/lora_all_projections_corrected_training_runlists/ledgers/confirm_paper_tree_037.training_ledger.jsonl,outputs/analysis_v20260713/lora_all_projections_corrected/confirm_paper_tree_037/cumulative_leaf_analysis/summary.json,outputs/analysis_v20260713/lora_all_projections_corrected/confirm_paper_tree_037/cumulative_leaf_analysis/score_correlation.json,outputs/analysis_v20260713/lora_all_projections_corrected/confirm_paper_tree_037/cumulative_leaf_analysis/four_point_additivity_correlation.json,outputs/analysis_v20260713/lora_all_projections_corrected/confirm_paper_tree_037/cumulative_leaf_analysis/atteson_margin_correlation.json
confirm_paper_tree_037,adapter_chain,lora_cumulative_delta,cosine,direct,biopython_neighbor_joining,dendropy_treecompare,4,216,4,0,1,1,1.0,false,true,1.0,0.0,0,1,0.3216701775350167,0.13562262413749707,0.45149936694235715,0.8720171122884939,,1.0,0.10116103922263707,,0.02810918199508966,1.2655967490893913,,true,/home/export/sgallagh/WeightTraits-pr1-20260713/examples/training/confirm_paper_numbers/assigned_manifests/confirm_paper_tree_037.manifest.jsonl,/home/export/sgallagh/WeightTraits-pr1-20260713/examples/training/confirm_paper_numbers/lora_all_projections_corrected_training_runlists/ledgers/confirm_paper_tree_037.training_ledger.jsonl,outputs/analysis_v20260713/lora_all_projections_corrected/confirm_paper_tree_037/cumulative_leaf_analysis/summary.json,outputs/analysis_v20260713/lora_all_projections_corrected/confirm_paper_tree_037/cumulative_leaf_analysis/score_cosine.json,outputs/analysis_v20260713/lora_all_projections_corrected/confirm_paper_tree_037/cumulative_leaf_analysis/four_point_additivity_cosine.json,outputs/analysis_v20260713/lora_all_projections_corrected/confirm_paper_tree_037/cumulative_leaf_analysis/atteson_margin_cosine.json
confirm_paper_tree_037,adapter_chain,lora_cumulative_delta,l2,direct,biopython_neighbor_joining,dendropy_treecompare,4,216,4,0,1,1,1.0,false,true,1.0,0.0,0,1,6.110706272865383,2.978676177912924,8.083642039527557,0.9360867291124528,,1.0,0.12239452523544722,,0.579547164145144,1.3880495168865123,,true,/home/export/sgallagh/WeightTraits-pr1-20260713/examples/training/confirm_paper_numbers/assigned_manifests/confirm_paper_tree_037.manifest.jsonl,/home/export/sgallagh/WeightTraits-pr1-20260713/examples/training/confirm_paper_numbers/lora_all_projections_corrected_training_runlists/ledgers/confirm_paper_tree_037.training_ledger.jsonl,outputs/analysis_v20260713/lora_all_projections_corrected/confirm_paper_tree_037/cumulative_leaf_analysis/summary.json,outputs/analysis_v20260713/lora_all_projections_corrected/confirm_paper_tree_037/cumulative_leaf_analysis/score_l2.json,outputs/analysis_v20260713/lora_all_projections_corrected/confirm_paper_tree_037/cumulative_leaf_analysis/four_point_additivity_l2.json,outputs/analysis_v20260713/lora_all_projections_corrected/confirm_paper_tree_037/cumulative_leaf_analysis/atteson_margin_l2.json
confirm_paper_tree_038,adapter_chain,lora_cumulative_delta,correlation,direct,biopython_neighbor_joining,dendropy_treecompare,7,216,7,3,4,1,0.14285714285714285,false,true,1.0,0.75,0,1,0.8855667962255783,0.17690582273071692,0.9986895976201402,0.9177182660826049,0.9277934174797785,1.0,0.18640274591435776,1.0,0.05032980385350494,0.820468853179249,1.0863560276282334,false,/home/export/sgallagh/WeightTraits-pr1-20260713/examples/training/confirm_paper_numbers/assigned_manifests/confirm_paper_tree_038.manifest.jsonl,/home/export/sgallagh/WeightTraits-pr1-20260713/examples/training/confirm_paper_numbers/lora_all_projections_corrected_training_runlists/ledgers/confirm_paper_tree_038.training_ledger.jsonl,outputs/analysis_v20260713/lora_all_projections_corrected/confirm_paper_tree_038/cumulative_leaf_analysis/summary.json,outputs/analysis_v20260713/lora_all_projections_corrected/confirm_paper_tree_038/cumulative_leaf_analysis/score_correlation.json,outputs/analysis_v20260713/lora_all_projections_corrected/confirm_paper_tree_038/cumulative_leaf_analysis/four_point_additivity_correlation.json,outputs/analysis_v20260713/lora_all_projections_corrected/confirm_paper_tree_038/cumulative_leaf_analysis/atteson_margin_correlation.json
confirm_paper_tree_038,adapter_chain,lora_cumulative_delta,cosine,direct,biopython_neighbor_joining,dendropy_treecompare,7,216,7,3,4,1,0.14285714285714285,false,true,1.0,0.75,0,1,0.8855666040966715,0.17690596968238304,0.9986891675201884,0.9177182140264737,0.9277932667689702,1.0,0.186402710440392,1.0,0.05032988393005422,0.8204688878842615,1.0863527839034781,false,/home/export/sgallagh/WeightTraits-pr1-20260713/examples/training/confirm_paper_numbers/assigned_manifests/confirm_paper_tree_038.manifest.jsonl,/home/export/sgallagh/WeightTraits-pr1-20260713/examples/training/confirm_paper_numbers/lora_all_projections_corrected_training_runlists/ledgers/confirm_paper_tree_038.training_ledger.jsonl,outputs/analysis_v20260713/lora_all_projections_corrected/confirm_paper_tree_038/cumulative_leaf_analysis/summary.json,outputs/analysis_v20260713/lora_all_projections_corrected/confirm_paper_tree_038/cumulative_leaf_analysis/score_cosine.json,outputs/analysis_v20260713/lora_all_projections_corrected/confirm_paper_tree_038/cumulative_leaf_analysis/four_point_additivity_cosine.json,outputs/analysis_v20260713/lora_all_projections_corrected/confirm_paper_tree_038/cumulative_leaf_analysis/atteson_margin_cosine.json
confirm_paper_tree_038,adapter_chain,lora_cumulative_delta,l2,direct,biopython_neighbor_joining,dendropy_treecompare,7,216,7,3,4,1,0.14285714285714285,false,true,1.0,0.75,0,1,9.030492468152975,4.0645923085509725,12.776752539700874,0.7560174867648086,0.8181526890834283,0.7714285714285715,0.15163621758014584,1.0,0.5583951941105134,0.5994532878317911,0.5994532878317911,false,/home/export/sgallagh/WeightTraits-pr1-20260713/examples/training/confirm_paper_numbers/assigned_manifests/confirm_paper_tree_038.manifest.jsonl,/home/export/sgallagh/WeightTraits-pr1-20260713/examples/training/confirm_paper_numbers/lora_all_projections_corrected_training_runlists/ledgers/confirm_paper_tree_038.training_ledger.jsonl,outputs/analysis_v20260713/lora_all_projections_corrected/confirm_paper_tree_038/cumulative_leaf_analysis/summary.json,outputs/analysis_v20260713/lora_all_projections_corrected/confirm_paper_tree_038/cumulative_leaf_analysis/score_l2.json,outputs/analysis_v20260713/lora_all_projections_corrected/confirm_paper_tree_038/cumulative_leaf_analysis/four_point_additivity_l2.json,outputs/analysis_v20260713/lora_all_projections_corrected/confirm_paper_tree_038/cumulative_leaf_analysis/atteson_margin_l2.json
confirm_paper_tree_039,adapter_chain,lora_cumulative_delta,correlation,direct,biopython_neighbor_joining,dendropy_treecompare,5,216,5,1,2,1,0.3333333333333333,false,true,1.0,0.5,0,1,0.8736121207017842,0.5626220461787078,0.9977409818888228,0.9013413365369509,0.9079263069749564,1.0,0.10580440651862506,1.0,0.10150346572464208,0.5309713309736295,0.5309713309736295,false,/home/export/sgallagh/WeightTraits-pr1-20260713/examples/training/confirm_paper_numbers/assigned_manifests/confirm_paper_tree_039.manifest.jsonl,/home/export/sgallagh/WeightTraits-pr1-20260713/examples/training/confirm_paper_numbers/lora_all_projections_corrected_training_runlists/ledgers/confirm_paper_tree_039.training_ledger.jsonl,outputs/analysis_v20260713/lora_all_projections_corrected/confirm_paper_tree_039/cumulative_leaf_analysis/summary.json,outputs/analysis_v20260713/lora_all_projections_corrected/confirm_paper_tree_039/cumulative_leaf_analysis/score_correlation.json,outputs/analysis_v20260713/lora_all_projections_corrected/confirm_paper_tree_039/cumulative_leaf_analysis/four_point_additivity_correlation.json,outputs/analysis_v20260713/lora_all_projections_corrected/confirm_paper_tree_039/cumulative_leaf_analysis/atteson_margin_correlation.json
confirm_paper_tree_039,adapter_chain,lora_cumulative_delta,cosine,direct,biopython_neighbor_joining,dendropy_treecompare,5,216,5,1,2,1,0.3333333333333333,false,true,1.0,0.5,0,1,0.87361181231066,0.5626218913382878,0.9977408991170548,0.9013407189956343,0.9079243056800389,1.0,0.10580426312569621,1.0,0.10150327524873781,0.5309714179095154,0.5309714179095154,false,/home/export/sgallagh/WeightTraits-pr1-20260713/examples/training/confirm_paper_numbers/assigned_manifests/confirm_paper_tree_039.manifest.jsonl,/home/export/sgallagh/WeightTraits-pr1-20260713/examples/training/confirm_paper_numbers/lora_all_projections_corrected_training_runlists/ledgers/confirm_paper_tree_039.training_ledger.jsonl,outputs/analysis_v20260713/lora_all_projections_corrected/confirm_paper_tree_039/cumulative_leaf_analysis/summary.json,outputs/analysis_v20260713/lora_all_projections_corrected/confirm_paper_tree_039/cumulative_leaf_analysis/score_cosine.json,outputs/analysis_v20260713/lora_all_projections_corrected/confirm_paper_tree_039/cumulative_leaf_analysis/four_point_additivity_cosine.json,outputs/analysis_v20260713/lora_all_projections_corrected/confirm_paper_tree_039/cumulative_leaf_analysis/atteson_margin_cosine.json
confirm_paper_tree_039,adapter_chain,lora_cumulative_delta,l2,direct,biopython_neighbor_joining,dendropy_treecompare,5,216,5,1,2,3,1.0,false,false,0.0,0.0,1,2,10.014590399681673,4.4886000669106005,14.52715730748947,0.8461598054552407,0.7872117621614819,1.0,0.07434501377459353,0.3333333333333333,1.1911879784759236,0.04272341752349043,0.04272341752349043,false,/home/export/sgallagh/WeightTraits-pr1-20260713/examples/training/confirm_paper_numbers/assigned_manifests/confirm_paper_tree_039.manifest.jsonl,/home/export/sgallagh/WeightTraits-pr1-20260713/examples/training/confirm_paper_numbers/lora_all_projections_corrected_training_runlists/ledgers/confirm_paper_tree_039.training_ledger.jsonl,outputs/analysis_v20260713/lora_all_projections_corrected/confirm_paper_tree_039/cumulative_leaf_analysis/summary.json,outputs/analysis_v20260713/lora_all_projections_corrected/confirm_paper_tree_039/cumulative_leaf_analysis/score_l2.json,outputs/analysis_v20260713/lora_all_projections_corrected/confirm_paper_tree_039/cumulative_leaf_analysis/four_point_additivity_l2.json,outputs/analysis_v20260713/lora_all_projections_corrected/confirm_paper_tree_039/cumulative_leaf_analysis/atteson_margin_l2.json
confirm_paper_tree_040,adapter_chain,lora_cumulative_delta,correlation,direct,biopython_neighbor_joining,dendropy_treecompare,4,216,4,1,1,0,0.0,true,true,1.0,1.0,0,0,0.2676897477535856,0.21219235206315437,0.3213687908425966,0.8534796786182652,0.8534796786182652,1.0,0.18780045147466773,1.0,0.005079354700804561,6.324991855134322,6.324991855134322,true,/home/export/sgallagh/WeightTraits-pr1-20260713/examples/training/confirm_paper_numbers/assigned_manifests/confirm_paper_tree_040.manifest.jsonl,/home/export/sgallagh/WeightTraits-pr1-20260713/examples/training/confirm_paper_numbers/lora_all_projections_corrected_training_runlists/ledgers/confirm_paper_tree_040.training_ledger.jsonl,outputs/analysis_v20260713/lora_all_projections_corrected/confirm_paper_tree_040/cumulative_leaf_analysis/summary.json,outputs/analysis_v20260713/lora_all_projections_corrected/confirm_paper_tree_040/cumulative_leaf_analysis/score_correlation.json,outputs/analysis_v20260713/lora_all_projections_corrected/confirm_paper_tree_040/cumulative_leaf_analysis/four_point_additivity_correlation.json,outputs/analysis_v20260713/lora_all_projections_corrected/confirm_paper_tree_040/cumulative_leaf_analysis/atteson_margin_correlation.json
confirm_paper_tree_040,adapter_chain,lora_cumulative_delta,cosine,direct,biopython_neighbor_joining,dendropy_treecompare,4,216,4,1,1,0,0.0,true,true,1.0,1.0,0,0,0.2676894871553019,0.21219217638008456,0.3213684226425035,0.8534793442181235,0.8534793442181235,1.0,0.1878001140113619,1.0,0.0050793562776153545,6.324976278639412,6.324976278639412,true,/home/export/sgallagh/WeightTraits-pr1-20260713/examples/training/confirm_paper_numbers/assigned_manifests/confirm_paper_tree_040.manifest.jsonl,/home/export/sgallagh/WeightTraits-pr1-20260713/examples/training/confirm_paper_numbers/lora_all_projections_corrected_training_runlists/ledgers/confirm_paper_tree_040.training_ledger.jsonl,outputs/analysis_v20260713/lora_all_projections_corrected/confirm_paper_tree_040/cumulative_leaf_analysis/summary.json,outputs/analysis_v20260713/lora_all_projections_corrected/confirm_paper_tree_040/cumulative_leaf_analysis/score_cosine.json,outputs/analysis_v20260713/lora_all_projections_corrected/confirm_paper_tree_040/cumulative_leaf_analysis/four_point_additivity_cosine.json,outputs/analysis_v20260713/lora_all_projections_corrected/confirm_paper_tree_040/cumulative_leaf_analysis/atteson_margin_cosine.json
confirm_paper_tree_040,adapter_chain,lora_cumulative_delta,l2,direct,biopython_neighbor_joining,dendropy_treecompare,4,216,4,1,1,0,0.0,true,true,1.0,1.0,0,0,6.9296427711649144,5.940370070466298,8.202042728643779,0.7532895401941442,0.7532895401941442,1.0,0.06926523892317664,1.0,0.10341493323712925,3.5533344260666664,3.5533344260666664,true,/home/export/sgallagh/WeightTraits-pr1-20260713/examples/training/confirm_paper_numbers/assigned_manifests/confirm_paper_tree_040.manifest.jsonl,/home/export/sgallagh/WeightTraits-pr1-20260713/examples/training/confirm_paper_numbers/lora_all_projections_corrected_training_runlists/ledgers/confirm_paper_tree_040.training_ledger.jsonl,outputs/analysis_v20260713/lora_all_projections_corrected/confirm_paper_tree_040/cumulative_leaf_analysis/summary.json,outputs/analysis_v20260713/lora_all_projections_corrected/confirm_paper_tree_040/cumulative_leaf_analysis/score_l2.json,outputs/analysis_v20260713/lora_all_projections_corrected/confirm_paper_tree_040/cumulative_leaf_analysis/four_point_additivity_l2.json,outputs/analysis_v20260713/lora_all_projections_corrected/confirm_paper_tree_040/cumulative_leaf_analysis/atteson_margin_l2.json
confirm_paper_tree_041,adapter_chain,lora_cumulative_delta,correlation,direct,biopython_neighbor_joining,dendropy_treecompare,9,216,9,2,6,4,0.5,false,true,1.0,0.3333333333333333,0,4,0.718664187915311,0.17259930071403126,0.998474673112292,0.7563274969825392,0.9735074366679005,0.746031746031746,0.31576785647303846,1.0,0.15637825784433226,0.252429510307349,0.35533167767268065,false,/home/export/sgallagh/WeightTraits-pr1-20260713/examples/training/confirm_paper_numbers/assigned_manifests/confirm_paper_tree_041.manifest.jsonl,/home/export/sgallagh/WeightTraits-pr1-20260713/examples/training/confirm_paper_numbers/lora_all_projections_corrected_training_runlists/ledgers/confirm_paper_tree_041.training_ledger.jsonl,outputs/analysis_v20260713/lora_all_projections_corrected/confirm_paper_tree_041/cumulative_leaf_analysis/summary.json,outputs/analysis_v20260713/lora_all_projections_corrected/confirm_paper_tree_041/cumulative_leaf_analysis/score_correlation.json,outputs/analysis_v20260713/lora_all_projections_corrected/confirm_paper_tree_041/cumulative_leaf_analysis/four_point_additivity_correlation.json,outputs/analysis_v20260713/lora_all_projections_corrected/confirm_paper_tree_041/cumulative_leaf_analysis/atteson_margin_correlation.json
confirm_paper_tree_041,adapter_chain,lora_cumulative_delta,cosine,direct,biopython_neighbor_joining,dendropy_treecompare,9,216,9,2,6,4,0.5,false,true,1.0,0.3333333333333333,0,4,0.7186638397845179,0.17259924882864083,0.9984745158178631,0.7563275023945863,0.973507508487595,0.746031746031746,0.3157678648192127,1.0,0.15637855819164045,0.252428816183016,0.35533048426621733,false,/home/export/sgallagh/WeightTraits-pr1-20260713/examples/training/confirm_paper_numbers/assigned_manifests/confirm_paper_tree_041.manifest.jsonl,/home/export/sgallagh/WeightTraits-pr1-20260713/examples/training/confirm_paper_numbers/lora_all_projections_corrected_training_runlists/ledgers/confirm_paper_tree_041.training_ledger.jsonl,outputs/analysis_v20260713/lora_all_projections_corrected/confirm_paper_tree_041/cumulative_leaf_analysis/summary.json,outputs/analysis_v20260713/lora_all_projections_corrected/confirm_paper_tree_041/cumulative_leaf_analysis/score_cosine.json,outputs/analysis_v20260713/lora_all_projections_corrected/confirm_paper_tree_041/cumulative_leaf_analysis/four_point_additivity_cosine.json,outputs/analysis_v20260713/lora_all_projections_corrected/confirm_paper_tree_041/cumulative_leaf_analysis/atteson_margin_cosine.json
confirm_paper_tree_041,adapter_chain,lora_cumulative_delta,l2,direct,biopython_neighbor_joining,dendropy_treecompare,9,216,9,2,6,4,0.5,false,true,1.0,0.3333333333333333,0,4,9.255500462613789,2.3058521624932777,12.75710408122035,0.8593687931448509,0.9787921374219672,0.9285714285714286,0.25897107746718273,1.0,1.2112987561914497,0.7008127827229872,0.7696694561763114,false,/home/export/sgallagh/WeightTraits-pr1-20260713/examples/training/confirm_paper_numbers/assigned_manifests/confirm_paper_tree_041.manifest.jsonl,/home/export/sgallagh/WeightTraits-pr1-20260713/examples/training/confirm_paper_numbers/lora_all_projections_corrected_training_runlists/ledgers/confirm_paper_tree_041.training_ledger.jsonl,outputs/analysis_v20260713/lora_all_projections_corrected/confirm_paper_tree_041/cumulative_leaf_analysis/summary.json,outputs/analysis_v20260713/lora_all_projections_corrected/confirm_paper_tree_041/cumulative_leaf_analysis/score_l2.json,outputs/analysis_v20260713/lora_all_projections_corrected/confirm_paper_tree_041/cumulative_leaf_analysis/four_point_additivity_l2.json,outputs/analysis_v20260713/lora_all_projections_corrected/confirm_paper_tree_041/cumulative_leaf_analysis/atteson_margin_l2.json
confirm_paper_tree_042,adapter_chain,lora_cumulative_delta,correlation,direct,biopython_neighbor_joining,dendropy_treecompare,5,216,5,2,2,0,0.0,true,true,1.0,1.0,0,0,0.8555537308522398,0.27537774608687116,0.9928946285820951,0.9768882066971585,0.9768882066971585,1.0,0.3502031995587752,1.0,0.010477790922635788,6.003142224629159,11.909696159554782,true,/home/export/sgallagh/WeightTraits-pr1-20260713/examples/training/confirm_paper_numbers/assigned_manifests/confirm_paper_tree_042.manifest.jsonl,/home/export/sgallagh/WeightTraits-pr1-20260713/examples/training/confirm_paper_numbers/lora_all_projections_corrected_training_runlists/ledgers/confirm_paper_tree_042.training_ledger.jsonl,outputs/analysis_v20260713/lora_all_projections_corrected/confirm_paper_tree_042/cumulative_leaf_analysis/summary.json,outputs/analysis_v20260713/lora_all_projections_corrected/confirm_paper_tree_042/cumulative_leaf_analysis/score_correlation.json,outputs/analysis_v20260713/lora_all_projections_corrected/confirm_paper_tree_042/cumulative_leaf_analysis/four_point_additivity_correlation.json,outputs/analysis_v20260713/lora_all_projections_corrected/confirm_paper_tree_042/cumulative_leaf_analysis/atteson_margin_correlation.json
confirm_paper_tree_042,adapter_chain,lora_cumulative_delta,cosine,direct,biopython_neighbor_joining,dendropy_treecompare,5,216,5,2,2,0,0.0,true,true,1.0,1.0,0,0,0.8555532464075982,0.2753773465341091,0.9928940432378693,0.9768881407545985,0.9768881407545985,1.0,0.3502032423734573,1.0,0.01047778224549989,6.003135839973244,11.909706520222555,true,/home/export/sgallagh/WeightTraits-pr1-20260713/examples/training/confirm_paper_numbers/assigned_manifests/confirm_paper_tree_042.manifest.jsonl,/home/export/sgallagh/WeightTraits-pr1-20260713/examples/training/confirm_paper_numbers/lora_all_projections_corrected_training_runlists/ledgers/confirm_paper_tree_042.training_ledger.jsonl,outputs/analysis_v20260713/lora_all_projections_corrected/confirm_paper_tree_042/cumulative_leaf_analysis/summary.json,outputs/analysis_v20260713/lora_all_projections_corrected/confirm_paper_tree_042/cumulative_leaf_analysis/score_cosine.json,outputs/analysis_v20260713/lora_all_projections_corrected/confirm_paper_tree_042/cumulative_leaf_analysis/four_point_additivity_cosine.json,outputs/analysis_v20260713/lora_all_projections_corrected/confirm_paper_tree_042/cumulative_leaf_analysis/atteson_margin_cosine.json
confirm_paper_tree_042,adapter_chain,lora_cumulative_delta,l2,direct,biopython_neighbor_joining,dendropy_treecompare,5,216,5,2,2,0,0.0,true,true,1.0,1.0,0,0,10.732657813691294,6.680611115663408,12.764277766692546,0.9656122243505012,0.9656122243505012,1.0,0.26943440814231423,1.0,0.06605181378462,11.058132263674443,11.058132263674443,true,/home/export/sgallagh/WeightTraits-pr1-20260713/examples/training/confirm_paper_numbers/assigned_manifests/confirm_paper_tree_042.manifest.jsonl,/home/export/sgallagh/WeightTraits-pr1-20260713/examples/training/confirm_paper_numbers/lora_all_projections_corrected_training_runlists/ledgers/confirm_paper_tree_042.training_ledger.jsonl,outputs/analysis_v20260713/lora_all_projections_corrected/confirm_paper_tree_042/cumulative_leaf_analysis/summary.json,outputs/analysis_v20260713/lora_all_projections_corrected/confirm_paper_tree_042/cumulative_leaf_analysis/score_l2.json,outputs/analysis_v20260713/lora_all_projections_corrected/confirm_paper_tree_042/cumulative_leaf_analysis/four_point_additivity_l2.json,outputs/analysis_v20260713/lora_all_projections_corrected/confirm_paper_tree_042/cumulative_leaf_analysis/atteson_margin_l2.json
confirm_paper_tree_043,adapter_chain,lora_cumulative_delta,correlation,direct,biopython_neighbor_joining,dendropy_treecompare,8,216,8,2,5,3,0.42857142857142855,false,true,1.0,0.4,0,3,0.4604267060061891,0.12412150829881827,0.6649998871087297,0.8630985054308985,0.9165082935067143,0.9285714285714286,0.25872537787450645,1.0,0.045752378980416175,0.6475887491625137,1.4692285673482544,false,/home/export/sgallagh/WeightTraits-pr1-20260713/examples/training/confirm_paper_numbers/assigned_manifests/confirm_paper_tree_043.manifest.jsonl,/home/export/sgallagh/WeightTraits-pr1-20260713/examples/training/confirm_paper_numbers/lora_all_projections_corrected_training_runlists/ledgers/confirm_paper_tree_043.training_ledger.jsonl,outputs/analysis_v20260713/lora_all_projections_corrected/confirm_paper_tree_043/cumulative_leaf_analysis/summary.json,outputs/analysis_v20260713/lora_all_projections_corrected/confirm_paper_tree_043/cumulative_leaf_analysis/score_correlation.json,outputs/analysis_v20260713/lora_all_projections_corrected/confirm_paper_tree_043/cumulative_leaf_analysis/four_point_additivity_correlation.json,outputs/analysis_v20260713/lora_all_projections_corrected/confirm_paper_tree_043/cumulative_leaf_analysis/atteson_margin_correlation.json
confirm_paper_tree_043,adapter_chain,lora_cumulative_delta,cosine,direct,biopython_neighbor_joining,dendropy_treecompare,8,216,8,2,5,3,0.42857142857142855,false,true,1.0,0.4,0,3,0.4604261844206512,0.12412142093835149,0.6649988188777136,0.8630980031739904,0.9165078425610719,0.9285714285714286,0.2587252284343654,1.0,0.045752520998977864,0.6475867011687652,1.469221192079489,false,/home/export/sgallagh/WeightTraits-pr1-20260713/examples/training/confirm_paper_numbers/assigned_manifests/confirm_paper_tree_043.manifest.jsonl,/home/export/sgallagh/WeightTraits-pr1-20260713/examples/training/confirm_paper_numbers/lora_all_projections_corrected_training_runlists/ledgers/confirm_paper_tree_043.training_ledger.jsonl,outputs/analysis_v20260713/lora_all_projections_corrected/confirm_paper_tree_043/cumulative_leaf_analysis/summary.json,outputs/analysis_v20260713/lora_all_projections_corrected/confirm_paper_tree_043/cumulative_leaf_analysis/score_cosine.json,outputs/analysis_v20260713/lora_all_projections_corrected/confirm_paper_tree_043/cumulative_leaf_analysis/four_point_additivity_cosine.json,outputs/analysis_v20260713/lora_all_projections_corrected/confirm_paper_tree_043/cumulative_leaf_analysis/atteson_margin_cosine.json
confirm_paper_tree_043,adapter_chain,lora_cumulative_delta,l2,direct,biopython_neighbor_joining,dendropy_treecompare,8,216,8,2,5,3,0.42857142857142855,false,true,1.0,0.4,0,3,9.427274586255452,4.6183070687286385,13.492598318842282,0.8410736132653552,0.8733467594833575,0.9571428571428572,0.1733762284159714,1.0,0.9369856669648104,0.8316695011471549,0.8316695011471549,false,/home/export/sgallagh/WeightTraits-pr1-20260713/examples/training/confirm_paper_numbers/assigned_manifests/confirm_paper_tree_043.manifest.jsonl,/home/export/sgallagh/WeightTraits-pr1-20260713/examples/training/confirm_paper_numbers/lora_all_projections_corrected_training_runlists/ledgers/confirm_paper_tree_043.training_ledger.jsonl,outputs/analysis_v20260713/lora_all_projections_corrected/confirm_paper_tree_043/cumulative_leaf_analysis/summary.json,outputs/analysis_v20260713/lora_all_projections_corrected/confirm_paper_tree_043/cumulative_leaf_analysis/score_l2.json,outputs/analysis_v20260713/lora_all_projections_corrected/confirm_paper_tree_043/cumulative_leaf_analysis/four_point_additivity_l2.json,outputs/analysis_v20260713/lora_all_projections_corrected/confirm_paper_tree_043/cumulative_leaf_analysis/atteson_margin_l2.json
confirm_paper_tree_044,adapter_chain,lora_cumulative_delta,correlation,direct,biopython_neighbor_joining,dendropy_treecompare,6,216,6,2,3,1,0.2,false,true,1.0,0.6666666666666666,0,1,0.7858081994599959,0.3311213999640599,0.9990636214304893,0.8127378442449086,0.8906133877875658,0.8666666666666667,0.11229513748344708,1.0,0.04986984441472575,1.0406012254524062,1.0406012254524062,true,/home/export/sgallagh/WeightTraits-pr1-20260713/examples/training/confirm_paper_numbers/assigned_manifests/confirm_paper_tree_044.manifest.jsonl,/home/export/sgallagh/WeightTraits-pr1-20260713/examples/training/confirm_paper_numbers/lora_all_projections_corrected_training_runlists/ledgers/confirm_paper_tree_044.training_ledger.jsonl,outputs/analysis_v20260713/lora_all_projections_corrected/confirm_paper_tree_044/cumulative_leaf_analysis/summary.json,outputs/analysis_v20260713/lora_all_projections_corrected/confirm_paper_tree_044/cumulative_leaf_analysis/score_correlation.json,outputs/analysis_v20260713/lora_all_projections_corrected/confirm_paper_tree_044/cumulative_leaf_analysis/four_point_additivity_correlation.json,outputs/analysis_v20260713/lora_all_projections_corrected/confirm_paper_tree_044/cumulative_leaf_analysis/atteson_margin_correlation.json
confirm_paper_tree_044,adapter_chain,lora_cumulative_delta,cosine,direct,biopython_neighbor_joining,dendropy_treecompare,6,216,6,2,3,1,0.2,false,true,1.0,0.6666666666666666,0,1,0.7858079710458974,0.3311214968446669,0.9990634647729509,0.8127377116811161,0.890613574788226,0.8666666666666667,0.11229509964944946,1.0,0.04986986240684843,1.0406000207496857,1.0406000207496857,true,/home/export/sgallagh/WeightTraits-pr1-20260713/examples/training/confirm_paper_numbers/assigned_manifests/confirm_paper_tree_044.manifest.jsonl,/home/export/sgallagh/WeightTraits-pr1-20260713/examples/training/confirm_paper_numbers/lora_all_projections_corrected_training_runlists/ledgers/confirm_paper_tree_044.training_ledger.jsonl,outputs/analysis_v20260713/lora_all_projections_corrected/confirm_paper_tree_044/cumulative_leaf_analysis/summary.json,outputs/analysis_v20260713/lora_all_projections_corrected/confirm_paper_tree_044/cumulative_leaf_analysis/score_cosine.json,outputs/analysis_v20260713/lora_all_projections_corrected/confirm_paper_tree_044/cumulative_leaf_analysis/four_point_additivity_cosine.json,outputs/analysis_v20260713/lora_all_projections_corrected/confirm_paper_tree_044/cumulative_leaf_analysis/atteson_margin_cosine.json
confirm_paper_tree_044,adapter_chain,lora_cumulative_delta,l2,direct,biopython_neighbor_joining,dendropy_treecompare,6,216,6,2,3,1,0.2,false,true,1.0,0.6666666666666666,0,1,8.569675180210487,5.4222624830454595,11.756804094716644,0.8441927846259565,0.8583496369586228,1.0,0.09184475437467583,1.0,0.45600055735341805,0.8063269047111945,0.8063269047111945,false,/home/export/sgallagh/WeightTraits-pr1-20260713/examples/training/confirm_paper_numbers/assigned_manifests/confirm_paper_tree_044.manifest.jsonl,/home/export/sgallagh/WeightTraits-pr1-20260713/examples/training/confirm_paper_numbers/lora_all_projections_corrected_training_runlists/ledgers/confirm_paper_tree_044.training_ledger.jsonl,outputs/analysis_v20260713/lora_all_projections_corrected/confirm_paper_tree_044/cumulative_leaf_analysis/summary.json,outputs/analysis_v20260713/lora_all_projections_corrected/confirm_paper_tree_044/cumulative_leaf_analysis/score_l2.json,outputs/analysis_v20260713/lora_all_projections_corrected/confirm_paper_tree_044/cumulative_leaf_analysis/four_point_additivity_l2.json,outputs/analysis_v20260713/lora_all_projections_corrected/confirm_paper_tree_044/cumulative_leaf_analysis/atteson_margin_l2.json
confirm_paper_tree_045,adapter_chain,lora_cumulative_delta,correlation,direct,biopython_neighbor_joining,dendropy_treecompare,7,216,7,1,4,3,0.6,false,true,1.0,0.25,0,3,0.636317840865055,0.2821338699844781,0.9754969560963681,0.6581843984542165,0.7693478110222401,0.7714285714285715,0.09519806984916203,1.0,0.05791366864518532,1.0684429483641888,1.0684429483641888,true,/home/export/sgallagh/WeightTraits-pr1-20260713/examples/training/confirm_paper_numbers/assigned_manifests/confirm_paper_tree_045.manifest.jsonl,/home/export/sgallagh/WeightTraits-pr1-20260713/examples/training/confirm_paper_numbers/lora_all_projections_corrected_training_runlists/ledgers/confirm_paper_tree_045.training_ledger.jsonl,outputs/analysis_v20260713/lora_all_projections_corrected/confirm_paper_tree_045/cumulative_leaf_analysis/summary.json,outputs/analysis_v20260713/lora_all_projections_corrected/confirm_paper_tree_045/cumulative_leaf_analysis/score_correlation.json,outputs/analysis_v20260713/lora_all_projections_corrected/confirm_paper_tree_045/cumulative_leaf_analysis/four_point_additivity_correlation.json,outputs/analysis_v20260713/lora_all_projections_corrected/confirm_paper_tree_045/cumulative_leaf_analysis/atteson_margin_correlation.json
confirm_paper_tree_045,adapter_chain,lora_cumulative_delta,cosine,direct,biopython_neighbor_joining,dendropy_treecompare,7,216,7,1,4,3,0.6,false,true,1.0,0.25,0,3,0.6363177092345169,0.28213375961512505,0.9754967684078792,0.6581849382047071,0.7693480286259361,0.7714285714285715,0.09519816677759481,1.0,0.05791364105427943,1.06844361282423,1.06844361282423,true,/home/export/sgallagh/WeightTraits-pr1-20260713/examples/training/confirm_paper_numbers/assigned_manifests/confirm_paper_tree_045.manifest.jsonl,/home/export/sgallagh/WeightTraits-pr1-20260713/examples/training/confirm_paper_numbers/lora_all_projections_corrected_training_runlists/ledgers/confirm_paper_tree_045.training_ledger.jsonl,outputs/analysis_v20260713/lora_all_projections_corrected/confirm_paper_tree_045/cumulative_leaf_analysis/summary.json,outputs/analysis_v20260713/lora_all_projections_corrected/confirm_paper_tree_045/cumulative_leaf_analysis/score_cosine.json,outputs/analysis_v20260713/lora_all_projections_corrected/confirm_paper_tree_045/cumulative_leaf_analysis/four_point_additivity_cosine.json,outputs/analysis_v20260713/lora_all_projections_corrected/confirm_paper_tree_045/cumulative_leaf_analysis/atteson_margin_cosine.json
confirm_paper_tree_045,adapter_chain,lora_cumulative_delta,l2,direct,biopython_neighbor_joining,dendropy_treecompare,7,216,7,1,4,3,0.6,false,true,1.0,0.25,0,3,6.791324994530888,4.685804211491881,8.950849459027356,0.682229948465596,0.7539734262325386,0.8,0.05704126873253641,1.0,0.5187104214554319,0.8574753908322567,0.8574753908322567,false,/home/export/sgallagh/WeightTraits-pr1-20260713/examples/training/confirm_paper_numbers/assigned_manifests/confirm_paper_tree_045.manifest.jsonl,/home/export/sgallagh/WeightTraits-pr1-20260713/examples/training/confirm_paper_numbers/lora_all_projections_corrected_training_runlists/ledgers/confirm_paper_tree_045.training_ledger.jsonl,outputs/analysis_v20260713/lora_all_projections_corrected/confirm_paper_tree_045/cumulative_leaf_analysis/summary.json,outputs/analysis_v20260713/lora_all_projections_corrected/confirm_paper_tree_045/cumulative_leaf_analysis/score_l2.json,outputs/analysis_v20260713/lora_all_projections_corrected/confirm_paper_tree_045/cumulative_leaf_analysis/four_point_additivity_l2.json,outputs/analysis_v20260713/lora_all_projections_corrected/confirm_paper_tree_045/cumulative_leaf_analysis/atteson_margin_l2.json
confirm_paper_tree_046,adapter_chain,lora_cumulative_delta,correlation,direct,biopython_neighbor_joining,dendropy_treecompare,7,216,7,2,4,4,0.6666666666666666,false,false,0.5,0.25,1,3,0.5912021619009424,0.11564962131788288,0.9672092425984709,0.8036411995692897,0.7462608113334674,0.8285714285714286,0.5090509296754686,0.7727272727272727,0.11147193535565281,0.26300487933320765,0.26300487933320765,false,/home/export/sgallagh/WeightTraits-pr1-20260713/examples/training/confirm_paper_numbers/assigned_manifests/confirm_paper_tree_046.manifest.jsonl,/home/export/sgallagh/WeightTraits-pr1-20260713/examples/training/confirm_paper_numbers/lora_all_projections_corrected_training_runlists/ledgers/confirm_paper_tree_046.training_ledger.jsonl,outputs/analysis_v20260713/lora_all_projections_corrected/confirm_paper_tree_046/cumulative_leaf_analysis/summary.json,outputs/analysis_v20260713/lora_all_projections_corrected/confirm_paper_tree_046/cumulative_leaf_analysis/score_correlation.json,outputs/analysis_v20260713/lora_all_projections_corrected/confirm_paper_tree_046/cumulative_leaf_analysis/four_point_additivity_correlation.json,outputs/analysis_v20260713/lora_all_projections_corrected/confirm_paper_tree_046/cumulative_leaf_analysis/atteson_margin_correlation.json
confirm_paper_tree_046,adapter_chain,lora_cumulative_delta,cosine,direct,biopython_neighbor_joining,dendropy_treecompare,7,216,7,2,4,4,0.6666666666666666,false,false,0.5,0.25,1,3,0.5912018443772608,0.11564952981720883,0.9672090145784266,0.8036410158304025,0.7462609005654568,0.8285714285714286,0.5090515085939721,0.7727272727272727,0.11147179932377249,0.26300443146627367,0.26300443146627367,false,/home/export/sgallagh/WeightTraits-pr1-20260713/examples/training/confirm_paper_numbers/assigned_manifests/confirm_paper_tree_046.manifest.jsonl,/home/export/sgallagh/WeightTraits-pr1-20260713/examples/training/confirm_paper_numbers/lora_all_projections_corrected_training_runlists/ledgers/confirm_paper_tree_046.training_ledger.jsonl,outputs/analysis_v20260713/lora_all_projections_corrected/confirm_paper_tree_046/cumulative_leaf_analysis/summary.json,outputs/analysis_v20260713/lora_all_projections_corrected/confirm_paper_tree_046/cumulative_leaf_analysis/score_cosine.json,outputs/analysis_v20260713/lora_all_projections_corrected/confirm_paper_tree_046/cumulative_leaf_analysis/four_point_additivity_cosine.json,outputs/analysis_v20260713/lora_all_projections_corrected/confirm_paper_tree_046/cumulative_leaf_analysis/atteson_margin_cosine.json
confirm_paper_tree_046,adapter_chain,lora_cumulative_delta,l2,direct,biopython_neighbor_joining,dendropy_treecompare,7,216,7,2,4,4,0.6666666666666666,false,false,0.5,0.25,1,3,10.33836583296197,3.294357402260223,16.00257501951652,0.8481759438894735,0.7938037748466681,0.8285714285714286,0.25549760739006583,0.7272727272727273,1.4854785189467599,0.20219111306312323,0.20219111306312323,false,/home/export/sgallagh/WeightTraits-pr1-20260713/examples/training/confirm_paper_numbers/assigned_manifests/confirm_paper_tree_046.manifest.jsonl,/home/export/sgallagh/WeightTraits-pr1-20260713/examples/training/confirm_paper_numbers/lora_all_projections_corrected_training_runlists/ledgers/confirm_paper_tree_046.training_ledger.jsonl,outputs/analysis_v20260713/lora_all_projections_corrected/confirm_paper_tree_046/cumulative_leaf_analysis/summary.json,outputs/analysis_v20260713/lora_all_projections_corrected/confirm_paper_tree_046/cumulative_leaf_analysis/score_l2.json,outputs/analysis_v20260713/lora_all_projections_corrected/confirm_paper_tree_046/cumulative_leaf_analysis/four_point_additivity_l2.json,outputs/analysis_v20260713/lora_all_projections_corrected/confirm_paper_tree_046/cumulative_leaf_analysis/atteson_margin_l2.json
confirm_paper_tree_047,adapter_chain,lora_cumulative_delta,correlation,direct,biopython_neighbor_joining,dendropy_treecompare,4,216,4,0,1,1,1.0,false,true,1.0,0.0,0,1,0.5777953377039323,0.2974480141547417,0.8350652246631193,0.033638740160902354,,0.0,6.974641375544453e-05,,0.024325872019615835,2.5910125608740073,,true,/home/export/sgallagh/WeightTraits-pr1-20260713/examples/training/confirm_paper_numbers/assigned_manifests/confirm_paper_tree_047.manifest.jsonl,/home/export/sgallagh/WeightTraits-pr1-20260713/examples/training/confirm_paper_numbers/lora_all_projections_corrected_training_runlists/ledgers/confirm_paper_tree_047.training_ledger.jsonl,outputs/analysis_v20260713/lora_all_projections_corrected/confirm_paper_tree_047/cumulative_leaf_analysis/summary.json,outputs/analysis_v20260713/lora_all_projections_corrected/confirm_paper_tree_047/cumulative_leaf_analysis/score_correlation.json,outputs/analysis_v20260713/lora_all_projections_corrected/confirm_paper_tree_047/cumulative_leaf_analysis/four_point_additivity_correlation.json,outputs/analysis_v20260713/lora_all_projections_corrected/confirm_paper_tree_047/cumulative_leaf_analysis/atteson_margin_correlation.json
confirm_paper_tree_047,adapter_chain,lora_cumulative_delta,cosine,direct,biopython_neighbor_joining,dendropy_treecompare,4,216,4,0,1,1,1.0,false,true,1.0,0.0,0,1,0.5777951287382489,0.2974478658136845,0.8350649698273991,0.03363807585075931,,0.0,6.974354415776968e-05,,0.024325830033993356,2.5910152713775227,,true,/home/export/sgallagh/WeightTraits-pr1-20260713/examples/training/confirm_paper_numbers/assigned_manifests/confirm_paper_tree_047.manifest.jsonl,/home/export/sgallagh/WeightTraits-pr1-20260713/examples/training/confirm_paper_numbers/lora_all_projections_corrected_training_runlists/ledgers/confirm_paper_tree_047.training_ledger.jsonl,outputs/analysis_v20260713/lora_all_projections_corrected/confirm_paper_tree_047/cumulative_leaf_analysis/summary.json,outputs/analysis_v20260713/lora_all_projections_corrected/confirm_paper_tree_047/cumulative_leaf_analysis/score_cosine.json,outputs/analysis_v20260713/lora_all_projections_corrected/confirm_paper_tree_047/cumulative_leaf_analysis/four_point_additivity_cosine.json,outputs/analysis_v20260713/lora_all_projections_corrected/confirm_paper_tree_047/cumulative_leaf_analysis/atteson_margin_cosine.json
confirm_paper_tree_047,adapter_chain,lora_cumulative_delta,l2,direct,biopython_neighbor_joining,dendropy_treecompare,4,216,4,0,1,1,1.0,false,true,1.0,0.0,0,1,8.494055735381076,5.162986497871794,11.58594258612932,0.07962312139278314,,0.0,0.00024197427128207403,,0.21272253076303027,5.018021980126085,,true,/home/export/sgallagh/WeightTraits-pr1-20260713/examples/training/confirm_paper_numbers/assigned_manifests/confirm_paper_tree_047.manifest.jsonl,/home/export/sgallagh/WeightTraits-pr1-20260713/examples/training/confirm_paper_numbers/lora_all_projections_corrected_training_runlists/ledgers/confirm_paper_tree_047.training_ledger.jsonl,outputs/analysis_v20260713/lora_all_projections_corrected/confirm_paper_tree_047/cumulative_leaf_analysis/summary.json,outputs/analysis_v20260713/lora_all_projections_corrected/confirm_paper_tree_047/cumulative_leaf_analysis/score_l2.json,outputs/analysis_v20260713/lora_all_projections_corrected/confirm_paper_tree_047/cumulative_leaf_analysis/four_point_additivity_l2.json,outputs/analysis_v20260713/lora_all_projections_corrected/confirm_paper_tree_047/cumulative_leaf_analysis/atteson_margin_l2.json
confirm_paper_tree_048,adapter_chain,lora_cumulative_delta,correlation,direct,biopython_neighbor_joining,dendropy_treecompare,8,216,8,2,5,3,0.42857142857142855,false,true,1.0,0.4,0,3,0.6375930611259782,0.2647414805374374,0.8726308298619796,0.9015967042212892,0.940250014621412,0.9714285714285714,0.20004600967746622,1.0,0.05593110170742677,0.7462721030868567,0.7462721030868567,false,/home/export/sgallagh/WeightTraits-pr1-20260713/examples/training/confirm_paper_numbers/assigned_manifests/confirm_paper_tree_048.manifest.jsonl,/home/export/sgallagh/WeightTraits-pr1-20260713/examples/training/confirm_paper_numbers/lora_all_projections_corrected_training_runlists/ledgers/confirm_paper_tree_048.training_ledger.jsonl,outputs/analysis_v20260713/lora_all_projections_corrected/confirm_paper_tree_048/cumulative_leaf_analysis/summary.json,outputs/analysis_v20260713/lora_all_projections_corrected/confirm_paper_tree_048/cumulative_leaf_analysis/score_correlation.json,outputs/analysis_v20260713/lora_all_projections_corrected/confirm_paper_tree_048/cumulative_leaf_analysis/four_point_additivity_correlation.json,outputs/analysis_v20260713/lora_all_projections_corrected/confirm_paper_tree_048/cumulative_leaf_analysis/atteson_margin_correlation.json
confirm_paper_tree_048,adapter_chain,lora_cumulative_delta,cosine,direct,biopython_neighbor_joining,dendropy_treecompare,8,216,8,2,5,3,0.42857142857142855,false,true,1.0,0.4,0,3,0.637593011613635,0.2647418247813491,0.8726305673381687,0.9015965649476764,0.9402499168356592,0.9714285714285714,0.20004588745015056,1.0,0.055930924838450746,0.7462740856068434,0.7462740856068434,false,/home/export/sgallagh/WeightTraits-pr1-20260713/examples/training/confirm_paper_numbers/assigned_manifests/confirm_paper_tree_048.manifest.jsonl,/home/export/sgallagh/WeightTraits-pr1-20260713/examples/training/confirm_paper_numbers/lora_all_projections_corrected_training_runlists/ledgers/confirm_paper_tree_048.training_ledger.jsonl,outputs/analysis_v20260713/lora_all_projections_corrected/confirm_paper_tree_048/cumulative_leaf_analysis/summary.json,outputs/analysis_v20260713/lora_all_projections_corrected/confirm_paper_tree_048/cumulative_leaf_analysis/score_cosine.json,outputs/analysis_v20260713/lora_all_projections_corrected/confirm_paper_tree_048/cumulative_leaf_analysis/four_point_additivity_cosine.json,outputs/analysis_v20260713/lora_all_projections_corrected/confirm_paper_tree_048/cumulative_leaf_analysis/atteson_margin_cosine.json
confirm_paper_tree_048,adapter_chain,lora_cumulative_delta,l2,direct,biopython_neighbor_joining,dendropy_treecompare,8,216,8,2,5,3,0.42857142857142855,false,true,1.0,0.4,0,3,7.674239422217664,3.4494513362279258,11.73739475529774,0.8643036530795664,0.8386666081597794,0.9428571428571428,0.11156491019773933,1.0,0.6570893508551765,0.3735326027828765,0.3735326027828765,false,/home/export/sgallagh/WeightTraits-pr1-20260713/examples/training/confirm_paper_numbers/assigned_manifests/confirm_paper_tree_048.manifest.jsonl,/home/export/sgallagh/WeightTraits-pr1-20260713/examples/training/confirm_paper_numbers/lora_all_projections_corrected_training_runlists/ledgers/confirm_paper_tree_048.training_ledger.jsonl,outputs/analysis_v20260713/lora_all_projections_corrected/confirm_paper_tree_048/cumulative_leaf_analysis/summary.json,outputs/analysis_v20260713/lora_all_projections_corrected/confirm_paper_tree_048/cumulative_leaf_analysis/score_l2.json,outputs/analysis_v20260713/lora_all_projections_corrected/confirm_paper_tree_048/cumulative_leaf_analysis/four_point_additivity_l2.json,outputs/analysis_v20260713/lora_all_projections_corrected/confirm_paper_tree_048/cumulative_leaf_analysis/atteson_margin_l2.json
confirm_paper_tree_049,adapter_chain,lora_cumulative_delta,correlation,direct,biopython_neighbor_joining,dendropy_treecompare,9,216,9,2,6,4,0.5,false,true,1.0,0.3333333333333333,0,4,0.5980822461327819,0.179711365556152,0.8192682356904603,0.849529775407695,0.9342771486986343,0.8968253968253969,0.23255157455090936,1.0,0.09462283532073798,0.7212041751300302,0.746954353540531,false,/home/export/sgallagh/WeightTraits-pr1-20260713/examples/training/confirm_paper_numbers/assigned_manifests/confirm_paper_tree_049.manifest.jsonl,/home/export/sgallagh/WeightTraits-pr1-20260713/examples/training/confirm_paper_numbers/lora_all_projections_corrected_training_runlists/ledgers/confirm_paper_tree_049.training_ledger.jsonl,outputs/analysis_v20260713/lora_all_projections_corrected/confirm_paper_tree_049/cumulative_leaf_analysis/summary.json,outputs/analysis_v20260713/lora_all_projections_corrected/confirm_paper_tree_049/cumulative_leaf_analysis/score_correlation.json,outputs/analysis_v20260713/lora_all_projections_corrected/confirm_paper_tree_049/cumulative_leaf_analysis/four_point_additivity_correlation.json,outputs/analysis_v20260713/lora_all_projections_corrected/confirm_paper_tree_049/cumulative_leaf_analysis/atteson_margin_correlation.json
confirm_paper_tree_049,adapter_chain,lora_cumulative_delta,cosine,direct,biopython_neighbor_joining,dendropy_treecompare,9,216,9,2,6,4,0.5,false,true,1.0,0.3333333333333333,0,4,0.5980820396787085,0.17971148103112145,0.8192680099313877,0.8495299327343564,0.9342771886844259,0.8968253968253969,0.23255160413225712,1.0,0.09462279014189984,0.7212046791905345,0.7469549993095929,false,/home/export/sgallagh/WeightTraits-pr1-20260713/examples/training/confirm_paper_numbers/assigned_manifests/confirm_paper_tree_049.manifest.jsonl,/home/export/sgallagh/WeightTraits-pr1-20260713/examples/training/confirm_paper_numbers/lora_all_projections_corrected_training_runlists/ledgers/confirm_paper_tree_049.training_ledger.jsonl,outputs/analysis_v20260713/lora_all_projections_corrected/confirm_paper_tree_049/cumulative_leaf_analysis/summary.json,outputs/analysis_v20260713/lora_all_projections_corrected/confirm_paper_tree_049/cumulative_leaf_analysis/score_cosine.json,outputs/analysis_v20260713/lora_all_projections_corrected/confirm_paper_tree_049/cumulative_leaf_analysis/four_point_additivity_cosine.json,outputs/analysis_v20260713/lora_all_projections_corrected/confirm_paper_tree_049/cumulative_leaf_analysis/atteson_margin_cosine.json
confirm_paper_tree_049,adapter_chain,lora_cumulative_delta,l2,direct,biopython_neighbor_joining,dendropy_treecompare,9,216,9,2,6,4,0.5,false,true,1.0,0.3333333333333333,0,4,7.698580471736715,2.7885767099593886,13.039551233131995,0.7748698356700172,0.8334468929954582,0.8174603174603174,0.13678314600144542,1.0,1.0962648651199256,0.3811008135330541,0.3811008135330541,false,/home/export/sgallagh/WeightTraits-pr1-20260713/examples/training/confirm_paper_numbers/assigned_manifests/confirm_paper_tree_049.manifest.jsonl,/home/export/sgallagh/WeightTraits-pr1-20260713/examples/training/confirm_paper_numbers/lora_all_projections_corrected_training_runlists/ledgers/confirm_paper_tree_049.training_ledger.jsonl,outputs/analysis_v20260713/lora_all_projections_corrected/confirm_paper_tree_049/cumulative_leaf_analysis/summary.json,outputs/analysis_v20260713/lora_all_projections_corrected/confirm_paper_tree_049/cumulative_leaf_analysis/score_l2.json,outputs/analysis_v20260713/lora_all_projections_corrected/confirm_paper_tree_049/cumulative_leaf_analysis/four_point_additivity_l2.json,outputs/analysis_v20260713/lora_all_projections_corrected/confirm_paper_tree_049/cumulative_leaf_analysis/atteson_margin_l2.json
confirm_paper_tree_050,adapter_chain,lora_cumulative_delta,correlation,direct,biopython_neighbor_joining,dendropy_treecompare,8,216,8,3,5,2,0.25,false,true,1.0,0.6,0,2,0.7151249641596883,0.33745953094814823,0.9914019544307076,0.7420250743160212,0.7346342597326514,0.8,0.1125180175480253,1.0,0.06591516073277104,0.5371832193154537,0.5371832193154537,false,/home/export/sgallagh/WeightTraits-pr1-20260713/examples/training/confirm_paper_numbers/assigned_manifests/confirm_paper_tree_050.manifest.jsonl,/home/export/sgallagh/WeightTraits-pr1-20260713/examples/training/confirm_paper_numbers/lora_all_projections_corrected_training_runlists/ledgers/confirm_paper_tree_050.training_ledger.jsonl,outputs/analysis_v20260713/lora_all_projections_corrected/confirm_paper_tree_050/cumulative_leaf_analysis/summary.json,outputs/analysis_v20260713/lora_all_projections_corrected/confirm_paper_tree_050/cumulative_leaf_analysis/score_correlation.json,outputs/analysis_v20260713/lora_all_projections_corrected/confirm_paper_tree_050/cumulative_leaf_analysis/four_point_additivity_correlation.json,outputs/analysis_v20260713/lora_all_projections_corrected/confirm_paper_tree_050/cumulative_leaf_analysis/atteson_margin_correlation.json
confirm_paper_tree_050,adapter_chain,lora_cumulative_delta,cosine,direct,biopython_neighbor_joining,dendropy_treecompare,8,216,8,3,5,2,0.25,false,true,1.0,0.6,0,2,0.7151248183582233,0.33745953471339224,0.9914011881880525,0.7420245464835744,0.7346334654748445,0.8,0.11251794668848714,1.0,0.0659154513711967,0.5371801872998532,0.5371801872998532,false,/home/export/sgallagh/WeightTraits-pr1-20260713/examples/training/confirm_paper_numbers/assigned_manifests/confirm_paper_tree_050.manifest.jsonl,/home/export/sgallagh/WeightTraits-pr1-20260713/examples/training/confirm_paper_numbers/lora_all_projections_corrected_training_runlists/ledgers/confirm_paper_tree_050.training_ledger.jsonl,outputs/analysis_v20260713/lora_all_projections_corrected/confirm_paper_tree_050/cumulative_leaf_analysis/summary.json,outputs/analysis_v20260713/lora_all_projections_corrected/confirm_paper_tree_050/cumulative_leaf_analysis/score_cosine.json,outputs/analysis_v20260713/lora_all_projections_corrected/confirm_paper_tree_050/cumulative_leaf_analysis/four_point_additivity_cosine.json,outputs/analysis_v20260713/lora_all_projections_corrected/confirm_paper_tree_050/cumulative_leaf_analysis/atteson_margin_cosine.json
confirm_paper_tree_050,adapter_chain,lora_cumulative_delta,l2,direct,biopython_neighbor_joining,dendropy_treecompare,8,216,8,3,5,4,0.5,false,false,0.6666666666666666,0.4,1,3,9.767050295346536,6.142169740941687,15.253990267197787,0.6773906933342158,0.6872096175258121,0.7285714285714285,0.045430193098626406,0.7894736842105263,0.6745922776441216,0.23824477808708366,0.23824477808708366,false,/home/export/sgallagh/WeightTraits-pr1-20260713/examples/training/confirm_paper_numbers/assigned_manifests/confirm_paper_tree_050.manifest.jsonl,/home/export/sgallagh/WeightTraits-pr1-20260713/examples/training/confirm_paper_numbers/lora_all_projections_corrected_training_runlists/ledgers/confirm_paper_tree_050.training_ledger.jsonl,outputs/analysis_v20260713/lora_all_projections_corrected/confirm_paper_tree_050/cumulative_leaf_analysis/summary.json,outputs/analysis_v20260713/lora_all_projections_corrected/confirm_paper_tree_050/cumulative_leaf_analysis/score_l2.json,outputs/analysis_v20260713/lora_all_projections_corrected/confirm_paper_tree_050/cumulative_leaf_analysis/four_point_additivity_l2.json,outputs/analysis_v20260713/lora_all_projections_corrected/confirm_paper_tree_050/cumulative_leaf_analysis/atteson_margin_l2.json
